Devid PNumber      Type/profile         PStart     Length           PEnd LNumber         LStart Usage%
----- ------- ----------------- -------------- ---------- -------------- ------- -------------- ------
    1       2     System/DUP          22020096    8388608       30408704       1       22020096  11.13
    1       3     System/DUP          30408704    8388608       38797312       2       22020096  11.13
    1       4   Metadata/DUP          38797312 1073741824     1112539136       3       30408704  73.64
    1       5   Metadata/DUP        1112539136 1073741824     2186280960       4       30408704  73.64
    1       6       Data/single     2186280960 1073741824     3260022784       5     1104150528  99.52
    1       7       Data/single     3260022784 1073741824     4333764608       6     2177892352 100.00
    1       8       Data/single     4333764608 1073741824     5407506432       7     3251634176 100.00
    1       9       Data/single     5407506432 1073741824     6481248256       8     4325376000 100.00
    1      10       Data/single     6481248256 1073741824     7554990080       9     5399117824  99.40
    1      11       Data/single     7554990080 1073741824     8628731904      10     6472859648  99.81
    1      12       Data/single     8628731904 1073741824     9702473728      11     7546601472  99.72
    1      13       Data/single     9702473728 1073741824    10776215552      12     8620343296  99.80
    1      14       Data/single    10776215552 1073741824    11849957376      13     9694085120  99.69
    1      15       Data/single    11849957376 1073741824    12923699200      14    10767826944  99.57
    1      16       Data/single    12923699200 1073741824    13997441024      15    11841568768  99.80
    1      17       Data/single    13997441024 1073741824    15071182848      16    12915310592  99.80
    1      18       Data/single    15071182848 1073741824    16144924672      17    13989052416  99.59
    1      19       Data/single    16144924672 1073741824    17218666496      18    15062794240  99.88
    1      20       Data/single    17218666496 1073741824    18292408320      19    16136536064  99.77
    1      21       Data/single    18292408320 1073741824    19366150144      20    17210277888  99.80
    1      22       Data/single    19366150144 1073741824    20439891968      21    18284019712  99.99
    1      23       Data/single    20439891968 1073741824    21513633792      22    19357761536  99.99
    1      24       Data/single    21513633792 1073741824    22587375616      23    20431503360  99.29
    1      25       Data/single    22587375616 1073741824    23661117440      24    21505245184  99.98
    1      26       Data/single    23661117440 1073741824    24734859264      25    22578987008  99.15
    1      27       Data/single    24734859264 1073741824    25808601088      26    23652728832  99.50
    1      28       Data/single    25808601088 1073741824    26882342912      27    24726470656  99.06
    1      29       Data/single    26882342912 1073741824    27956084736      28    25800212480  99.71
    1      30       Data/single    27956084736 1073741824    29029826560      29    26873954304  99.74
    1      31       Data/single    29029826560 1073741824    30103568384      30    27947696128  99.76
    1      32       Data/single    30103568384 1073741824    31177310208      31    29021437952  99.60
    1      33       Data/single    31177310208 1073741824    32251052032      32    30095179776  99.31
    1      34       Data/single    32251052032 1073741824    33324793856      33    31168921600  99.58
    1      35       Data/single    33324793856 1073741824    34398535680      34    32242663424  99.80
    1      36       Data/single    34398535680 1073741824    35472277504      35    33316405248 100.00
    1      37       Data/single    35472277504 1073741824    36546019328      36    34390147072 100.00
    1      38       Data/single    36546019328 1073741824    37619761152      37    35463888896  99.38
    1      39       Data/single    37619761152 1073741824    38693502976      38    36537630720  99.48
    1      40       Data/single    38693502976 1073741824    39767244800      39    37611372544  99.40
    1      41       Data/single    39767244800 1073741824    40840986624      40    38685114368  99.79
    1      42       Data/single    40840986624 1073741824    41914728448      41    39758856192  99.12
    1      43       Data/single    41914728448 1073741824    42988470272      42    40832598016  99.27
    1      44       Data/single    42988470272 1073741824    44062212096      43    41906339840  99.94
    1      45       Data/single    44062212096 1073741824    45135953920      44    42980081664  99.61
    1      46       Data/single    45135953920 1073741824    46209695744      45    44053823488 100.00
    1      47       Data/single    46209695744 1073741824    47283437568      46    45127565312  99.48
    1      48       Data/single    47283437568 1073741824    48357179392      47    46201307136  99.39
    1      49       Data/single    48357179392 1073741824    49430921216      48    47275048960  99.18
    1      50       Data/single    49430921216 1073741824    50504663040      49    48348790784  99.64
    1      51       Data/single    50504663040 1073741824    51578404864      50    49422532608  99.79
    1      52       Data/single    51578404864 1073741824    52652146688      51    50496274432  99.80
    1      53       Data/single    52652146688 1073741824    53725888512      52    51570016256 100.00
    1      54       Data/single    53725888512 1073741824    54799630336      53    52643758080  99.94
    1      55       Data/single    54799630336 1073741824    55873372160      54    53717499904  99.76
    1      56       Data/single    55873372160 1073741824    56947113984      55    54791241728  99.83
    1      57       Data/single    56947113984 1073741824    58020855808      56    55864983552  99.34
    1      58       Data/single    58020855808 1073741824    59094597632      57    56938725376 100.00
    1      59       Data/single    59094597632 1073741824    60168339456      58    58012467200  99.54
    1     323       Data/single   342562439168 1073741824   343636180992      59   341480308736  99.73
    1     324       Data/single   343636180992 1073741824   344709922816      60   342554050560  99.77
    1     326       Data/single   345783664640 1073741824   346857406464      61   344701534208  99.60
    1     327       Data/single   346857406464 1073741824   347931148288      62   345775276032  99.23
    1     328       Data/single   347931148288 1073741824   349004890112      63   346849017856  99.90
    1     329       Data/single   349004890112 1073741824   350078631936      64   347922759680  99.92
    1     331       Data/single   351152373760 1073741824   352226115584      65   350070243328  99.96
    1     334       Data/single   354373599232 1073741824   355447341056      66   353291468800  99.96
    1     336       Data/single   356521082880 1073741824   357594824704      67   355438952448  99.27
    1     338       Data/single   358668566528 1073741824   359742308352      68   357586436096  99.68
    1     339       Data/single   359742308352 1073741824   360816050176      69   358660177920  99.88
    1     341       Data/single   361889792000 1073741824   362963533824      70   360807661568  99.83
    1     343       Data/single   364037275648 1073741824   365111017472      71   362955145216  99.68
    1     344       Data/single   365111017472 1073741824   366184759296      72   364028887040  99.47
    1     345       Data/single   366184759296 1073741824   367258501120      73   365102628864  99.77
    1     348       Data/single   369405984768 1073741824   370479726592      74   368323854336  99.87
    1     350       Data/single   371553468416 1073741824   372627210240      75   370471337984  98.99
    1     352       Data/single   373700952064 1073741824   374774693888      76   372618821632  99.65
    1     353       Data/single   374774693888 1073741824   375848435712      77   373692563456  98.92
    1     355       Data/single   376922177536 1073741824   377995919360      78   375840047104  99.72
    1     357       Data/single   379069661184 1073741824   380143403008      79   377987530752  99.73
    1     361       Data/single   383364628480 1073741824   384438370304      80   382282498048  99.59
    1     362       Data/single   384438370304 1073741824   385512112128      81   383356239872  99.91
    1     363       Data/single   385512112128 1073741824   386585853952      82   384429981696  99.77
    1     364       Data/single   386585853952 1073741824   387659595776      83   385503723520  99.31
    1     365       Data/single   387659595776 1073741824   388733337600      84   386577465344  98.76
    1     366       Data/single   388733337600 1073741824   389807079424      85   387651207168  99.52
    1     367       Data/single   389807079424 1073741824   390880821248      86   388724948992  99.74
    1     368       Data/single   390880821248 1073741824   391954563072      87   389798690816  99.46
    1     370       Data/single   393028304896 1073741824   394102046720      88   391946174464  99.92
    1     372       Data/single   395175788544 1073741824   396249530368      89   394093658112  99.79
    1     373       Data/single   396249530368 1073741824   397323272192      90   395167399936  99.96
    1     375       Data/single   398397014016 1073741824   399470755840      91   397314883584  99.56
    1     378       Data/single   401618239488 1073741824   402691981312      92   400536109056  98.91
    1     380       Data/single   403765723136 1073741824   404839464960      93   402683592704  99.61
    1     383       Data/single   406986948608 1073741824   408060690432      94   405904818176  99.38
    1     385       Data/single   409134432256 1073741824   410208174080      95   408052301824  99.61
    1     388       Data/single   412355657728 1073741824   413429399552      96   411273527296  99.79
    1     389       Data/single   413429399552 1073741824   414503141376      97   412347269120  99.48
    1     391       Data/single   415576883200 1073741824   416650625024      98   414494752768  99.58
    1     392       Data/single   416650625024 1073741824   417724366848      99   415568494592  99.58
    1     394       Data/single   418798108672 1073741824   419871850496     100   417715978240  99.41
    1     397       Data/single   422019334144 1073741824   423093075968     101   420937203712  99.73
    1     399       Data/single   424166817792 1073741824   425240559616     102   423084687360  99.44
    1     401       Data/single   426314301440 1073741824   427388043264     103   425232171008  99.95
    1     403       Data/single   428461785088 1073741824   429535526912     104   427379654656  99.80
    1     405       Data/single   430609268736 1073741824   431683010560     105   429527138304  98.97
    1     406       Data/single   431683010560 1073741824   432756752384     106   430600880128  99.31
    1     409       Data/single   434904236032 1073741824   435977977856     107   433822105600  99.87
    1     412       Data/single   438125461504 1073741824   439199203328     108   437043331072  98.69
    1     414       Data/single   440272945152 1073741824   441346686976     109   439190814720  98.93
    1     417       Data/single   443494170624 1073741824   444567912448     110   442412040192  98.54
    1     420       Data/single   446715396096 1073741824   447789137920     111   445633265664  99.26
    1     422       Data/single   448862879744 1073741824   449936621568     112   447780749312  99.83
    1     424       Data/single   451010363392 1073741824   452084105216     113   449928232960  99.53
    1     426       Data/single   453157847040 1073741824   454231588864     114   452075716608  98.74
    1     428       Data/single   455305330688 1073741824   456379072512     115   454223200256  98.84
    1     430       Data/single   457452814336 1073741824   458526556160     116   456370683904  98.33
    1     432       Data/single   459600297984 1073741824   460674039808     117   458518167552  99.35
    1     434       Data/single   461747781632 1073741824   462821523456     118   460665651200  99.86
    1     437       Data/single   464969007104 1073741824   466042748928     119   463886876672  99.39
    1     439       Data/single   467116490752 1073741824   468190232576     120   466034360320  99.92
    1     440       Data/single   468190232576 1073741824   469263974400     121   467108102144  99.30
    1     442       Data/single   470337716224 1073741824   471411458048     122   469255585792  99.95
    1     445       Data/single   473558941696 1073741824   474632683520     123   472476811264  99.94
    1     447       Data/single   475706425344 1073741824   476780167168     124   474624294912  99.27
    1     449       Data/single   477853908992 1073741824   478927650816     125   476771778560  99.32
    1     450       Data/single   478927650816 1073741824   480001392640     126   477845520384  99.84
    1     451       Data/single   480001392640 1073741824   481075134464     127   478919262208  99.03
    1     453       Data/single   482148876288 1073741824   483222618112     128   481066745856  99.69
    1     454       Data/single   483222618112 1073741824   484296359936     129   482140487680  99.37
    1     455       Data/single   484296359936 1073741824   485370101760     130   483214229504  99.25
    1     456       Data/single   485370101760 1073741824   486443843584     131   484287971328  99.75
    1     457       Data/single   486443843584 1073741824   487517585408     132   485361713152  99.49
    1     458       Data/single   487517585408 1073741824   488591327232     133   486435454976  98.53
    1     460       Data/single   489665069056 1073741824   490738810880     134   488582938624  99.76
    1     461       Data/single   490738810880 1073741824   491812552704     135   489656680448  99.79
    1     462       Data/single   491812552704 1073741824   492886294528     136   490730422272  99.19
    1     464       Data/single   493960036352 1073741824   495033778176     137   492877905920  99.41
    1     465       Data/single   495033778176 1073741824   496107520000     138   493951647744  98.85
    1     466       Data/single   496107520000 1073741824   497181261824     139   495025389568  99.96
    1     467       Data/single   497181261824 1073741824   498255003648     140   496099131392  99.54
    1     468       Data/single   498255003648 1073741824   499328745472     141   497172873216  99.94
    1     470       Data/single   500402487296 1073741824   501476229120     142   499320356864  99.76
    1     471       Data/single   501476229120 1073741824   502549970944     143   500394098688  99.63
    1     474       Data/single   504697454592 1073741824   505771196416     144   503615324160  99.97
    1     475       Data/single   505771196416 1073741824   506844938240     145   504689065984  99.57
    1     478       Data/single   508992421888 1073741824   510066163712     146   507910291456  99.35
    1     480       Data/single   511139905536 1073741824   512213647360     147   510057775104  99.77
    1     482       Data/single   513287389184 1073741824   514361131008     148   512205258752  99.08
    1     484       Data/single   515434872832 1073741824   516508614656     149   514352742400  99.99
    1     486       Data/single   517582356480 1073741824   518656098304     150   516500226048  99.27
    1     488       Data/single   519729840128 1073741824   520803581952     151   518647709696  99.99
    1     490       Data/single   521877323776 1073741824   522951065600     152   520795193344  99.58
    1     492       Data/single   524024807424 1073741824   525098549248     153   522942676992  99.74
    1     494       Data/single   526172291072 1073741824   527246032896     154   525090160640  99.62
    1     495       Data/single   527246032896 1073741824   528319774720     155   526163902464  99.04
    1     497       Data/single   529393516544 1073741824   530467258368     156   528311386112  99.98
    1     498       Data/single   530467258368 1073741824   531541000192     157   529385127936  99.56
    1     499       Data/single   531541000192 1073741824   532614742016     158   530458869760  99.56
    1     500       Data/single   532614742016 1073741824   533688483840     159   531532611584  99.93
    1     501       Data/single   533688483840 1073741824   534762225664     160   532606353408  99.08
    1     502       Data/single   534762225664 1073741824   535835967488     161   533680095232  99.66
    1     504       Data/single   536909709312 1073741824   537983451136     162   535827578880  99.99
    1     505       Data/single   537983451136 1073741824   539057192960     163   536901320704  99.48
    1     506       Data/single   539057192960 1073741824   540130934784     164   537975062528  99.89
    1     509       Data/single   542278418432 1073741824   543352160256     165   541196288000  98.58
    1     510       Data/single   543352160256 1073741824   544425902080     166   542270029824  99.08
    1     511       Data/single   544425902080 1073741824   545499643904     167   543343771648  99.12
    1     512       Data/single   545499643904 1073741824   546573385728     168   544417513472  99.61
    1     517       Data/single   550868353024 1073741824   551942094848     169   549786222592  99.77
    1     518       Data/single   551942094848 1073741824   553015836672     170   550859964416  98.96
    1     520       Data/single   554089578496 1073741824   555163320320     171   553007448064  99.94
    1     522       Data/single   556237062144 1073741824   557310803968     172   555154931712  99.47
    1     523       Data/single   557310803968 1073741824   558384545792     173   556228673536  99.86
    1     526       Data/single   560532029440 1073741824   561605771264     174   559449899008  99.72
    1     529       Data/single   563753254912 1073741824   564826996736     175   562671124480  98.72
    1     532       Data/single   566974480384 1073741824   568048222208     176   565892349952  98.50
    1     533       Data/single   568048222208 1073741824   569121964032     177   566966091776  99.87
    1     535       Data/single   570195705856 1073741824   571269447680     178   569113575424  99.53
    1     536       Data/single   571269447680 1073741824   572343189504     179   570187317248  99.98
    1     537       Data/single   572343189504 1073741824   573416931328     180   571261059072  99.67
    1     539       Data/single   574490673152 1073741824   575564414976     181   573408542720  98.57
    1     541       Data/single   576638156800 1073741824   577711898624     182   575556026368  99.25
    1     543       Data/single   578785640448 1073741824   579859382272     183   577703510016  99.41
    1     544       Data/single   579859382272 1073741824   580933124096     184   578777251840  98.86
    1     545       Data/single   580933124096 1073741824   582006865920     185   579850993664  98.87
    1     546       Data/single   582006865920 1073741824   583080607744     186   580924735488  99.57
    1     547       Data/single   583080607744 1073741824   584154349568     187   581998477312  99.53
    1     548       Data/single   584154349568 1073741824   585228091392     188   583072219136  99.22
    1     549       Data/single   585228091392 1073741824   586301833216     189   584145960960  99.94
    1     550       Data/single   586301833216 1073741824   587375575040     190   585219702784  99.75
    1     551       Data/single   587375575040 1073741824   588449316864     191   586293444608  99.76
    1     552       Data/single   588449316864 1073741824   589523058688     192   587367186432  99.76
    1     555       Data/single   591670542336 1073741824   592744284160     193   590588411904  99.88
    1     556       Data/single   592744284160 1073741824   593818025984     194   591662153728  98.70
    1     557       Data/single   593818025984 1073741824   594891767808     195   592735895552  99.99
    1     558       Data/single   594891767808 1073741824   595965509632     196   593809637376 100.00
    1     560       Data/single   597039251456 1073741824   598112993280     197   595957121024  99.47
    1     562       Data/single   599186735104 1073741824   600260476928     198   598104604672  99.74
    1     563       Data/single   600260476928 1073741824   601334218752     199   599178346496  99.16
    1     564       Data/single   601334218752 1073741824   602407960576     200   600252088320  98.99
    1     565       Data/single   602407960576 1073741824   603481702400     201   601325830144  99.22
    1     566       Data/single   603481702400 1073741824   604555444224     202   602399571968  98.89
    1     567       Data/single   604555444224 1073741824   605629186048     203   603473313792 100.00
    1     568       Data/single   605629186048 1073741824   606702927872     204   604547055616  99.54
    1     569       Data/single   606702927872 1073741824   607776669696     205   605620797440  99.06
    1     570       Data/single   607776669696 1073741824   608850411520     206   606694539264  99.80
    1     572       Data/single   609924153344 1073741824   610997895168     207   608842022912  99.04
    1     574       Data/single   612071636992 1073741824   613145378816     208   610989506560  99.39
    1     575       Data/single   613145378816 1073741824   614219120640     209   612063248384  99.80
    1     576       Data/single   614219120640 1073741824   615292862464     210   613136990208  99.12
    1     579       Data/single   617440346112 1073741824   618514087936     211   616358215680 100.00
    1     581       Data/single   619587829760 1073741824   620661571584     212   618505699328  99.48
    1     584       Data/single   622809055232 1073741824   623882797056     213   621726924800  98.81
    1     588       Data/single   627104022528 1073741824   628177764352     214   626021892096  99.80
    1     589       Data/single   628177764352 1073741824   629251506176     215   627095633920  99.74
    1     590       Data/single   629251506176 1073741824   630325248000     216   628169375744  99.29
    1     591       Data/single   630325248000 1073741824   631398989824     217   629243117568  98.69
    1     593   Metadata/DUP      632472731648 1073741824   633546473472     218   631390601216  86.31
    1     594   Metadata/DUP      633546473472 1073741824   634620215296     219   631390601216  86.31
    1     595       Data/single   634620215296 1073741824   635693957120     220   632464343040  99.99
    1     597       Data/single   636767698944 1073741824   637841440768     221   634611826688  99.80
    1     599       Data/single   638915182592 1073741824   639988924416     222   636759310336  99.66
    1     601       Data/single   641062666240 1073741824   642136408064     223   638906793984  98.91
    1     603       Data/single   643210149888 1073741824   644283891712     224   641054277632 100.00
    1     604       Data/single   644283891712 1073741824   645357633536     225   642128019456 100.00
    1     605       Data/single   645357633536 1073741824   646431375360     226   643201761280  99.76
    1     606       Data/single   646431375360 1073741824   647505117184     227   644275503104  99.99
    1     607       Data/single   647505117184 1073741824   648578859008     228   645349244928 100.00
    1     608       Data/single   648578859008 1073741824   649652600832     229   646422986752  99.95
    1     609       Data/single   649652600832 1073741824   650726342656     230   647496728576 100.00
    1     610       Data/single   650726342656 1073741824   651800084480     231   648570470400 100.00
    1     611       Data/single   651800084480 1073741824   652873826304     232   649644212224  99.99
    1     612       Data/single   652873826304 1073741824   653947568128     233   650717954048  99.52
    1     613       Data/single   653947568128 1073741824   655021309952     234   651791695872  99.37
    1     614       Data/single   655021309952 1073741824   656095051776     235   652865437696  99.71
    1     616       Data/single   657168793600 1073741824   658242535424     236   655012921344  99.05
    1     618       Data/single   659316277248 1073741824   660390019072     237   657160404992  99.79
    1     620       Data/single   661463760896 1073741824   662537502720     238   659307888640  98.92
    1     622       Data/single   663611244544 1073741824   664684986368     239   661455372288  99.78
    1     625       Data/single   666832470016 1073741824   667906211840     240   664676597760  99.12
    1     627       Data/single   668979953664 1073741824   670053695488     241   666824081408  99.20
    1     629       Data/single   671127437312 1073741824   672201179136     242   668971565056  99.51
    1     631       Data/single   673274920960 1073741824   674348662784     243   671119048704  99.13
    1     634       Data/single   676496146432 1073741824   677569888256     244   674340274176  99.78
    1     638       Data/single   680791113728 1073741824   681864855552     245   678635241472  99.52
    1     640       Data/single   682938597376 1073741824   684012339200     246   680782725120 100.00
    1     641       Data/single   684012339200 1073741824   685086081024     247   681856466944 100.00
    1     643       Data/single   686159822848 1073741824   687233564672     248   684003950592  99.12
    1     644       Data/single   687233564672 1073741824   688307306496     249   685077692416  99.66
    1     645       Data/single   688307306496 1073741824   689381048320     250   686151434240  99.78
    1     646       Data/single   689381048320 1073741824   690454790144     251   687225176064  99.42
    1     650       Data/single   693676015616 1073741824   694749757440     252   691520143360  99.56
    1     652       Data/single   695823499264 1073741824   696897241088     253   693667627008  99.20
    1     654       Data/single   697970982912 1073741824   699044724736     254   695815110656  99.77
    1     656       Data/single   700118466560 1073741824   701192208384     255   697962594304  99.76
    1     658       Data/single   702265950208 1073741824   703339692032     256   700110077952  99.55
    1     660       Data/single   704413433856 1073741824   705487175680     257   702257561600  99.77
    1     661       Data/single   705487175680 1073741824   706560917504     258   703331303424  99.88
    1     662       Data/single   706560917504 1073741824   707634659328     259   704405045248  99.29
    1     665       Data/single   709782142976 1073741824   710855884800     260   707626270720  98.98
    1     666       Data/single   710855884800 1073741824   711929626624     261   708700012544  99.31
    1     667       Data/single   711929626624 1073741824   713003368448     262   709773754368  99.78
    1     670       Data/single   715150852096 1073741824   716224593920     263   712994979840 100.00
    1     672       Data/single   717298335744 1073741824   718372077568     264   715142463488  99.58
    1     673       Data/single   718372077568 1073741824   719445819392     265   716216205312 100.00
    1     675       Data/single   720519561216 1073741824   721593303040     266   718363688960 100.00
    1     676       Data/single   721593303040 1073741824   722667044864     267   719437430784  99.49
    1     677       Data/single   722667044864 1073741824   723740786688     268   720511172608 100.00
    1     678       Data/single   723740786688 1073741824   724814528512     269   721584914432  99.83
    1     679       Data/single   724814528512 1073741824   725888270336     270   722658656256  99.12
    1     680       Data/single   725888270336 1073741824   726962012160     271   723732398080  99.06
    1     681       Data/single   726962012160 1073741824   728035753984     272   724806139904 100.00
    1     682       Data/single   728035753984 1073741824   729109495808     273   725879881728  99.35
    1     684       Data/single   730183237632 1073741824   731256979456     274   728027365376 100.00
    1     687       Data/single   733404463104 1073741824   734478204928     275   731248590848  99.43
    1     688       Data/single   734478204928 1073741824   735551946752     276   732322332672 100.00
    1     689       Data/single   735551946752 1073741824   736625688576     277   733396074496 100.00
    1     691       Data/single   737699430400 1073741824   738773172224     278   735543558144  99.94
    1     693       Data/single   739846914048 1073741824   740920655872     279   737691041792  99.65
    1     695       Data/single   741994397696 1073741824   743068139520     280   739838525440  99.14
    1     696       Data/single   743068139520 1073741824   744141881344     281   740912267264  99.13
    1     697       Data/single   744141881344 1073741824   745215623168     282   741986009088  99.65
    1     698       Data/single   745215623168 1073741824   746289364992     283   743059750912 100.00
    1     699       Data/single   746289364992 1073741824   747363106816     284   744133492736 100.00
    1     700       Data/single   747363106816 1073741824   748436848640     285   745207234560  99.41
    1     701       Data/single   748436848640 1073741824   749510590464     286   746280976384  99.76
    1     703       Data/single   750584332288 1073741824   751658074112     287   748428460032  99.09
    1     705       Data/single   752731815936 1073741824   753805557760     288   750575943680  99.76
    1     706       Data/single   753805557760 1073741824   754879299584     289   751649685504 100.00
    1     708       Data/single   755953041408 1073741824   757026783232     290   753797169152  99.74
    1     710       Data/single   758100525056 1073741824   759174266880     291   755944652800  99.74
    1     712       Data/single   760248008704 1073741824   761321750528     292   758092136448 100.00
    1     713       Data/single   761321750528 1073741824   762395492352     293   759165878272 100.00
    1     715       Data/single   763469234176 1073741824   764542976000     294   761313361920 100.00
    1     717       Data/single   765616717824 1073741824   766690459648     295   763460845568  97.95
    1     718       Data/single   766690459648 1073741824   767764201472     296   764534587392 100.00
    1     719       Data/single   767764201472 1073741824   768837943296     297   765608329216  97.11
    1     720       Data/single   768837943296 1073741824   769911685120     298   766682071040  99.78
    1     722       Data/single   770985426944 1073741824   772059168768     299   768829554688  99.99
    1     724       Data/single   773132910592 1073741824   774206652416     300   770977038336  99.51
    1     725       Data/single   774206652416 1073741824   775280394240     301   772050780160  99.89
    1     727       Data/single   776354136064 1073741824   777427877888     302   774198263808  99.16
    1     728       Data/single   777427877888 1073741824   778501619712     303   775272005632  99.69
    1     729       Data/single   778501619712 1073741824   779575361536     304   776345747456  99.32
    1     734       Data/single   783870328832 1073741824   784944070656     305   781714456576  98.87
    1     736       Data/single   786017812480 1073741824   787091554304     306   783861940224 100.00
    1     738       Data/single   788165296128 1073741824   789239037952     307   786009423872  97.72
    1     742       Data/single   792460263424 1073741824   793534005248     308   790304391168  98.60
    1     744       Data/single   794607747072 1073741824   795681488896     309   792451874816  97.65
    1     745       Data/single   795681488896 1073741824   796755230720     310   793525616640 100.00
    1     746       Data/single   796755230720 1073741824   797828972544     311   794599358464  99.33
    1     748       Data/single   798902714368 1073741824   799976456192     312   796746842112 100.00
    1     750       Data/single   801050198016 1073741824   802123939840     313   798894325760  99.44
    1     752       Data/single   803197681664 1073741824   804271423488     314   801041809408  99.76
    1     754       Data/single   805345165312 1073741824   806418907136     315   803189293056  99.67
    1     755       Data/single   806418907136 1073741824   807492648960     316   804263034880  99.95
    1     757       Data/single   808566390784 1073741824   809640132608     317   806410518528 100.00
    1     758       Data/single   809640132608 1073741824   810713874432     318   807484260352 100.00
    1     759       Data/single   810713874432 1073741824   811787616256     319   808558002176 100.00
    1     760       Data/single   811787616256 1073741824   812861358080     320   809631744000 100.00
    1     761       Data/single   812861358080 1073741824   813935099904     321   810705485824 100.00
    1     763       Data/single   815008841728 1073741824   816082583552     322   812852969472 100.00
    1     765       Data/single   817156325376 1073741824   818230067200     323   815000453120 100.00
    1     766       Data/single   818230067200 1073741824   819303809024     324   816074194944  98.60
    1     767       Data/single   819303809024 1073741824   820377550848     325   817147936768  99.38
    1     768       Data/single   820377550848 1073741824   821451292672     326   818221678592  99.69
    1     769       Data/single   821451292672 1073741824   822525034496     327   819295420416 100.00
    1     770       Data/single   822525034496 1073741824   823598776320     328   820369162240 100.00
    1     771       Data/single   823598776320 1073741824   824672518144     329   821442904064  99.93
    1     773       Data/single   825746259968 1073741824   826820001792     330   823590387712 100.00
    1     776       Data/single   828967485440 1073741824   830041227264     331   826811613184  99.73
    1     779       Data/single   832188710912 1073741824   833262452736     332   830032838656  97.85
    1     782       Data/single   835409936384 1073741824   836483678208     333   833254064128  99.68
    1     783       Data/single   836483678208 1073741824   837557420032     334   834327805952  99.62
    1     785       Data/single   838631161856 1073741824   839704903680     335   836475289600  99.74
    1     787       Data/single   840778645504 1073741824   841852387328     336   838622773248  98.81
    1     790       Data/single   843999870976 1073741824   845073612800     337   841843998720  99.95
    1     791       Data/single   845073612800 1073741824   846147354624     338   842917740544  99.78
    1     792       Data/single   846147354624 1073741824   847221096448     339   843991482368 100.00
    1     794       Data/single   848294838272 1073741824   849368580096     340   846138966016 100.00
    1     797       Data/single   851516063744 1073741824   852589805568     341   849360191488 100.00
    1     800       Data/single   854737289216 1073741824   855811031040     342   852581416960  99.76
    1     805       Data/single   860105998336 1073741824   861179740160     343   857950126080  99.92
    1     807       Data/single   862253481984 1073741824   863327223808     344   860097609728  99.89
    1     808       Data/single   863327223808 1073741824   864400965632     345   861171351552  99.81
    1     809       Data/single   864400965632 1073741824   865474707456     346   862245093376  99.99
    1     811       Data/single   866548449280 1073741824   867622191104     347   864392577024  99.52
    1     812       Data/single   867622191104 1073741824   868695932928     348   865466318848  99.69
    1     813       Data/single   868695932928 1073741824   869769674752     349   866540060672  99.41
    1     814       Data/single   869769674752 1073741824   870843416576     350   867613802496 100.00
    1     819       Data/single   875138383872 1073741824   876212125696     351   872982511616  99.70
    1     821       Data/single   877285867520 1073741824   878359609344     352   875129995264 100.00
    1     824       Data/single   880507092992 1073741824   881580834816     353   878351220736  99.50
    1     826       Data/single   882654576640 1073741824   883728318464     354   880498704384  99.68
    1     828       Data/single   884802060288 1073741824   885875802112     355   882646188032 100.00
    1     830       Data/single   886949543936 1073741824   888023285760     356   884793671680 100.00
    1     831       Data/single   888023285760 1073741824   889097027584     357   885867413504 100.00
    1     833       Data/single   890170769408 1073741824   891244511232     358   888014897152 100.00
    1     835       Data/single   892318253056 1073741824   893391994880     359   890162380800 100.00
    1     836       Data/single   893391994880 1073741824   894465736704     360   891236122624 100.00
    1     837       Data/single   894465736704 1073741824   895539478528     361   892309864448  99.99
    1     838       Data/single   895539478528 1073741824   896613220352     362   893383606272 100.00
    1     839       Data/single   896613220352 1073741824   897686962176     363   894457348096  99.00
    1     841       Data/single   898760704000 1073741824   899834445824     364   896604831744 100.00
    1     843       Data/single   900908187648 1073741824   901981929472     365   898752315392 100.00
    1     846       Data/single   904129413120 1073741824   905203154944     366   901973540864 100.00
    1     848       Data/single   906276896768 1073741824   907350638592     367   904121024512  99.99
    1     849       Data/single   907350638592 1073741824   908424380416     368   905194766336  99.45
    1     851       Data/single   909498122240 1073741824   910571864064     369   907342249984 100.00
    1     852       Data/single   910571864064 1073741824   911645605888     370   908415991808 100.00
    1     853       Data/single   911645605888 1073741824   912719347712     371   909489733632 100.00
    1     855       Data/single   913793089536 1073741824   914866831360     372   911637217280 100.00
    1     856       Data/single   914866831360 1073741824   915940573184     373   912710959104 100.00
    1     860       Data/single   919161798656 1073741824   920235540480     374   917005926400 100.00
    1     861       Data/single   920235540480 1073741824   921309282304     375   918079668224 100.00
    1     862       Data/single   921309282304 1073741824   922383024128     376   919153410048  99.99
    1     864       Data/single   923456765952 1073741824   924530507776     377   921300893696 100.00
    1     866       Data/single   925604249600 1073741824   926677991424     378   923448377344 100.00
    1     867       Data/single   926677991424 1073741824   927751733248     379   924522119168 100.00
    1     868       Data/single   927751733248 1073741824   928825475072     380   925595860992  99.81
    1     869       Data/single   928825475072 1073741824   929899216896     381   926669602816 100.00
    1     871       Data/single   930972958720 1073741824   932046700544     382   928817086464 100.00
    1     872       Data/single   932046700544 1073741824   933120442368     383   929890828288 100.00
    1     873       Data/single   933120442368 1073741824   934194184192     384   930964570112 100.00
    1     874       Data/single   934194184192 1073741824   935267926016     385   932038311936 100.00
    1     875       Data/single   935267926016 1073741824   936341667840     386   933112053760 100.00
    1     876       Data/single   936341667840 1073741824   937415409664     387   934185795584  99.99
    1     877       Data/single   937415409664 1073741824   938489151488     388   935259537408 100.00
    1     878       Data/single   938489151488 1073741824   939562893312     389   936333279232 100.00
    1     879       Data/single   939562893312 1073741824   940636635136     390   937407021056 100.00
    1     881       Data/single   941710376960 1073741824   942784118784     391   939554504704  99.99
    1     882       Data/single   942784118784 1073741824   943857860608     392   940628246528  99.97
    1     883       Data/single   943857860608 1073741824   944931602432     393   941701988352 100.00
    1     885       Data/single   946005344256 1073741824   947079086080     394   943849472000 100.00
    1     886       Data/single   947079086080 1073741824   948152827904     395   944923213824 100.00
    1     888       Data/single   949226569728 1073741824   950300311552     396   947070697472 100.00
    1     889       Data/single   950300311552 1073741824   951374053376     397   948144439296 100.00
    1     890       Data/single   951374053376 1073741824   952447795200     398   949218181120 100.00
    1     893       Data/single   954595278848 1073741824   955669020672     399   952439406592 100.00
    1     897       Data/single   958890246144 1073741824   959963987968     400   956734373888 100.00
    1     898       Data/single   959963987968 1073741824   961037729792     401   957808115712 100.00
    1     899       Data/single   961037729792 1073741824   962111471616     402   958881857536 100.00
    1     900       Data/single   962111471616 1073741824   963185213440     403   959955599360 100.00
    1     901       Data/single   963185213440 1073741824   964258955264     404   961029341184 100.00
    1     902       Data/single   964258955264 1073741824   965332697088     405   962103083008  99.80
    1     903       Data/single   965332697088 1073741824   966406438912     406   963176824832  99.99
    1     904       Data/single   966406438912 1073741824   967480180736     407   964250566656  99.99
    1     905       Data/single   967480180736 1073741824   968553922560     408   965324308480  99.99
    1     907       Data/single   969627664384 1073741824   970701406208     409   967471792128 100.00
    1     909       Data/single   971775148032 1073741824   972848889856     410   969619275776 100.00
    1     910       Data/single   972848889856 1073741824   973922631680     411   970693017600  99.99
    1     911       Data/single   973922631680 1073741824   974996373504     412   971766759424  99.99
    1     913       Data/single   976070115328 1073741824   977143857152     413   973914243072  99.99
    1     914       Data/single   977143857152 1073741824   978217598976     414   974987984896 100.00
    1     915       Data/single   978217598976 1073741824   979291340800     415   976061726720 100.00
    1     917       Data/single   980365082624 1073741824   981438824448     416   978209210368 100.00
    1     918       Data/single   981438824448 1073741824   982512566272     417   979282952192 100.00
    1     919       Data/single   982512566272 1073741824   983586308096     418   980356694016 100.00
    1     920       Data/single   983586308096 1073741824   984660049920     419   981430435840 100.00
    1     921       Data/single   984660049920 1073741824   985733791744     420   982504177664 100.00
    1     922       Data/single   985733791744 1073741824   986807533568     421   983577919488 100.00
    1     923       Data/single   986807533568 1073741824   987881275392     422   984651661312 100.00
    1     924       Data/single   987881275392 1073741824   988955017216     423   985725403136 100.00
    1     925       Data/single   988955017216 1073741824   990028759040     424   986799144960 100.00
    1     926       Data/single   990028759040 1073741824   991102500864     425   987872886784 100.00
    1     927       Data/single   991102500864 1073741824   992176242688     426   988946628608  99.98
    1     932       Data/single   996471209984 1073741824   997544951808     427   994315337728  99.94
    1     933       Data/single   997544951808 1073741824   998618693632     428   995389079552  99.99
    1     934       Data/single   998618693632 1073741824   999692435456     429   996462821376  99.99
    1     936       Data/single  1000766177280 1073741824  1001839919104     430   998610305024  99.54
    1     937       Data/single  1001839919104 1073741824  1002913660928     431   999684046848  99.99
    1     938       Data/single  1002913660928 1073741824  1003987402752     432  1000757788672  99.14
    1     940       Data/single  1005061144576 1073741824  1006134886400     433  1002905272320  99.74
    1     941       Data/single  1006134886400 1073741824  1007208628224     434  1003979014144  99.99
    1     942       Data/single  1007208628224 1073741824  1008282370048     435  1005052755968  99.73
    1     943       Data/single  1008282370048 1073741824  1009356111872     436  1006126497792  99.99
    1     944       Data/single  1009356111872 1073741824  1010429853696     437  1007200239616  99.22
    1     945       Data/single  1010429853696 1073741824  1011503595520     438  1008273981440  99.14
    1     946       Data/single  1011503595520 1073741824  1012577337344     439  1009347723264  99.99
    1     947       Data/single  1012577337344 1073741824  1013651079168     440  1010421465088  99.98
    1     948       Data/single  1013651079168 1073741824  1014724820992     441  1011495206912  99.80
    1     949       Data/single  1014724820992 1073741824  1015798562816     442  1012568948736 100.00
    1     950       Data/single  1015798562816 1073741824  1016872304640     443  1013642690560 100.00
    1     951       Data/single  1016872304640 1073741824  1017946046464     444  1014716432384 100.00
    1     952       Data/single  1017946046464 1073741824  1019019788288     445  1015790174208 100.00
    1     953       Data/single  1019019788288 1073741824  1020093530112     446  1016863916032 100.00
    1     954       Data/single  1020093530112 1073741824  1021167271936     447  1017937657856 100.00
    1     955       Data/single  1021167271936 1073741824  1022241013760     448  1019011399680 100.00
    1     956       Data/single  1022241013760 1073741824  1023314755584     449  1020085141504 100.00
    1     957       Data/single  1023314755584 1073741824  1024388497408     450  1021158883328 100.00
    1     958       Data/single  1024388497408 1073741824  1025462239232     451  1022232625152 100.00
    1     959       Data/single  1025462239232 1073741824  1026535981056     452  1023306366976 100.00
    1     960       Data/single  1026535981056 1073741824  1027609722880     453  1024380108800 100.00
    1     961       Data/single  1027609722880 1073741824  1028683464704     454  1025453850624 100.00
    1     962       Data/single  1028683464704 1073741824  1029757206528     455  1026527592448 100.00
    1     963       Data/single  1029757206528 1073741824  1030830948352     456  1027601334272 100.00
    1     964       Data/single  1030830948352 1073741824  1031904690176     457  1028675076096 100.00
    1     965       Data/single  1031904690176 1073741824  1032978432000     458  1029748817920 100.00
    1     966       Data/single  1032978432000 1073741824  1034052173824     459  1030822559744 100.00
    1     967       Data/single  1034052173824 1073741824  1035125915648     460  1031896301568 100.00
    1     968       Data/single  1035125915648 1073741824  1036199657472     461  1032970043392 100.00
    1     969       Data/single  1036199657472 1073741824  1037273399296     462  1034043785216 100.00
    1     970       Data/single  1037273399296 1073741824  1038347141120     463  1035117527040 100.00
    1     971       Data/single  1038347141120 1073741824  1039420882944     464  1036191268864 100.00
    1     972       Data/single  1039420882944 1073741824  1040494624768     465  1037265010688 100.00
    1     973       Data/single  1040494624768 1073741824  1041568366592     466  1038338752512 100.00
    1     974       Data/single  1041568366592 1073741824  1042642108416     467  1039412494336 100.00
    1     975       Data/single  1042642108416 1073741824  1043715850240     468  1040486236160 100.00
    1     976       Data/single  1043715850240 1073741824  1044789592064     469  1041559977984 100.00
    1     977       Data/single  1044789592064 1073741824  1045863333888     470  1042633719808  99.90
    1     978       Data/single  1045863333888 1073741824  1046937075712     471  1043707461632 100.00
    1     979       Data/single  1046937075712 1073741824  1048010817536     472  1044781203456 100.00
    1     980       Data/single  1048010817536 1073741824  1049084559360     473  1045854945280 100.00
    1     981       Data/single  1049084559360 1073741824  1050158301184     474  1046928687104 100.00
    1     982       Data/single  1050158301184 1073741824  1051232043008     475  1048002428928 100.00
    1     983       Data/single  1051232043008 1073741824  1052305784832     476  1049076170752 100.00
    1     984       Data/single  1052305784832 1073741824  1053379526656     477  1050149912576 100.00
    1     985       Data/single  1053379526656 1073741824  1054453268480     478  1051223654400 100.00
    1     986       Data/single  1054453268480 1073741824  1055527010304     479  1052297396224 100.00
    1    1015       Data/single  1085591781376 1073741824  1086665523200     480  1083435909120 100.00
    1    1023       Data/single  1094181715968 1073741824  1095255457792     481  1092025843712 100.00
    1    1024       Data/single  1095255457792 1073741824  1096329199616     482  1093099585536 100.00
    1    1025       Data/single  1096329199616 1073741824  1097402941440     483  1094173327360 100.00
    1    1026       Data/single  1097402941440 1073741824  1098476683264     484  1095247069184 100.00
    1    1027       Data/single  1098476683264 1073741824  1099550425088     485  1096320811008 100.00
    1    1028       Data/single  1099550425088 1073741824  1100624166912     486  1097394552832 100.00
    1    1029       Data/single  1100624166912 1073741824  1101697908736     487  1098468294656 100.00
    1    1030       Data/single  1101697908736 1073741824  1102771650560     488  1099542036480 100.00
    1    1031       Data/single  1102771650560 1073741824  1103845392384     489  1100615778304 100.00
    1    1032       Data/single  1103845392384 1073741824  1104919134208     490  1101689520128 100.00
    1    1033       Data/single  1104919134208 1073741824  1105992876032     491  1102763261952 100.00
    1    1034       Data/single  1105992876032 1073741824  1107066617856     492  1103837003776 100.00
    1    1035       Data/single  1107066617856 1073741824  1108140359680     493  1104910745600 100.00
    1    1036       Data/single  1108140359680 1073741824  1109214101504     494  1105984487424 100.00
    1    1037       Data/single  1109214101504 1073741824  1110287843328     495  1107058229248 100.00
    1    1038       Data/single  1110287843328 1073741824  1111361585152     496  1108131971072 100.00
    1    1039       Data/single  1111361585152 1073741824  1112435326976     497  1109205712896 100.00
    1    1040       Data/single  1112435326976 1073741824  1113509068800     498  1110279454720 100.00
    1    1041       Data/single  1113509068800 1073741824  1114582810624     499  1111353196544 100.00
    1    1042       Data/single  1114582810624 1073741824  1115656552448     500  1112426938368 100.00
    1    1043       Data/single  1115656552448 1073741824  1116730294272     501  1113500680192 100.00
    1    1044       Data/single  1116730294272 1073741824  1117804036096     502  1114574422016 100.00
    1    1045       Data/single  1117804036096 1073741824  1118877777920     503  1115648163840 100.00
    1    1046       Data/single  1118877777920 1073741824  1119951519744     504  1116721905664 100.00
    1    1047       Data/single  1119951519744 1073741824  1121025261568     505  1117795647488 100.00
    1    1048       Data/single  1121025261568 1073741824  1122099003392     506  1118869389312 100.00
    1    1049       Data/single  1122099003392 1073741824  1123172745216     507  1119943131136 100.00
    1    1050       Data/single  1123172745216 1073741824  1124246487040     508  1121016872960 100.00
    1    1051       Data/single  1124246487040 1073741824  1125320228864     509  1122090614784 100.00
    1    1052       Data/single  1125320228864 1073741824  1126393970688     510  1123164356608 100.00
    1    1053       Data/single  1126393970688 1073741824  1127467712512     511  1124238098432 100.00
    1    1054       Data/single  1127467712512 1073741824  1128541454336     512  1125311840256  99.90
    1    1055       Data/single  1128541454336 1073741824  1129615196160     513  1126385582080 100.00
    1    1056       Data/single  1129615196160 1073741824  1130688937984     514  1127459323904 100.00
    1    1057       Data/single  1130688937984 1073741824  1131762679808     515  1128533065728 100.00
    1    1058       Data/single  1131762679808 1073741824  1132836421632     516  1129606807552 100.00
    1    1059       Data/single  1132836421632 1073741824  1133910163456     517  1130680549376 100.00
    1    1060       Data/single  1133910163456 1073741824  1134983905280     518  1131754291200 100.00
    1    1061       Data/single  1134983905280 1073741824  1136057647104     519  1132828033024 100.00
    1    1062       Data/single  1136057647104 1073741824  1137131388928     520  1133901774848 100.00
    1    1063       Data/single  1137131388928 1073741824  1138205130752     521  1134975516672 100.00
    1    1064       Data/single  1138205130752 1073741824  1139278872576     522  1136049258496 100.00
    1    1065       Data/single  1139278872576 1073741824  1140352614400     523  1137123000320 100.00
    1    1066       Data/single  1140352614400 1073741824  1141426356224     524  1138196742144 100.00
    1    1067       Data/single  1141426356224 1073741824  1142500098048     525  1139270483968 100.00
    1    1068       Data/single  1142500098048 1073741824  1143573839872     526  1140344225792 100.00
    1    1069       Data/single  1143573839872 1073741824  1144647581696     527  1141417967616 100.00
    1    1070       Data/single  1144647581696 1073741824  1145721323520     528  1142491709440 100.00
    1    1071       Data/single  1145721323520 1073741824  1146795065344     529  1143565451264 100.00
    1    1072       Data/single  1146795065344 1073741824  1147868807168     530  1144639193088 100.00
    1    1073       Data/single  1147868807168 1073741824  1148942548992     531  1145712934912 100.00
    1    1074       Data/single  1148942548992 1073741824  1150016290816     532  1146786676736 100.00
    1    1075       Data/single  1150016290816 1073741824  1151090032640     533  1147860418560 100.00
    1    1076       Data/single  1151090032640 1073741824  1152163774464     534  1148934160384 100.00
    1    1077       Data/single  1152163774464 1073741824  1153237516288     535  1150007902208 100.00
    1    1078       Data/single  1153237516288 1073741824  1154311258112     536  1151081644032 100.00
    1    1079       Data/single  1154311258112 1073741824  1155384999936     537  1152155385856 100.00
    1    1080       Data/single  1155384999936 1073741824  1156458741760     538  1153229127680 100.00
    1    1081       Data/single  1156458741760 1073741824  1157532483584     539  1154302869504 100.00
    1    1082       Data/single  1157532483584 1073741824  1158606225408     540  1155376611328 100.00
    1    1083       Data/single  1158606225408 1073741824  1159679967232     541  1156450353152 100.00
    1    1084       Data/single  1159679967232 1073741824  1160753709056     542  1157524094976 100.00
    1    1085       Data/single  1160753709056 1073741824  1161827450880     543  1158597836800 100.00
    1    1086       Data/single  1161827450880 1073741824  1162901192704     544  1159671578624 100.00
    1    1087       Data/single  1162901192704 1073741824  1163974934528     545  1160745320448 100.00
    1    1088       Data/single  1163974934528 1073741824  1165048676352     546  1161819062272 100.00
    1    1089       Data/single  1165048676352 1073741824  1166122418176     547  1162892804096 100.00
    1    1090       Data/single  1166122418176 1073741824  1167196160000     548  1163966545920 100.00
    1    1091       Data/single  1167196160000 1073741824  1168269901824     549  1165040287744 100.00
    1    1092       Data/single  1168269901824 1073741824  1169343643648     550  1166114029568 100.00
    1    1093       Data/single  1169343643648 1073741824  1170417385472     551  1167187771392 100.00
    1    1094       Data/single  1170417385472 1073741824  1171491127296     552  1168261513216 100.00
    1    1095       Data/single  1171491127296 1073741824  1172564869120     553  1169335255040 100.00
    1    1096       Data/single  1172564869120 1073741824  1173638610944     554  1170408996864 100.00
    1    1097       Data/single  1173638610944 1073741824  1174712352768     555  1171482738688 100.00
    1    1098       Data/single  1174712352768 1073741824  1175786094592     556  1172556480512 100.00
    1    1099       Data/single  1175786094592 1073741824  1176859836416     557  1173630222336 100.00
    1    1100       Data/single  1176859836416 1073741824  1177933578240     558  1174703964160  99.80
    1    1101       Data/single  1177933578240 1073741824  1179007320064     559  1175777705984 100.00
    1    1102       Data/single  1179007320064 1073741824  1180081061888     560  1176851447808 100.00
    1    1103       Data/single  1180081061888 1073741824  1181154803712     561  1177925189632 100.00
    1    1104       Data/single  1181154803712 1073741824  1182228545536     562  1178998931456 100.00
    1    1105       Data/single  1182228545536 1073741824  1183302287360     563  1180072673280 100.00
    1    1106       Data/single  1183302287360 1073741824  1184376029184     564  1181146415104 100.00
    1    1107       Data/single  1184376029184 1073741824  1185449771008     565  1182220156928 100.00
    1    1108       Data/single  1185449771008 1073741824  1186523512832     566  1183293898752 100.00
    1    1109       Data/single  1186523512832 1073741824  1187597254656     567  1184367640576 100.00
    1    1110       Data/single  1187597254656 1073741824  1188670996480     568  1185441382400 100.00
    1    1111       Data/single  1188670996480 1073741824  1189744738304     569  1186515124224 100.00
    1    1112       Data/single  1189744738304 1073741824  1190818480128     570  1187588866048 100.00
    1    1113       Data/single  1190818480128 1073741824  1191892221952     571  1188662607872 100.00
    1    1114       Data/single  1191892221952 1073741824  1192965963776     572  1189736349696 100.00
    1    1115       Data/single  1192965963776 1073741824  1194039705600     573  1190810091520 100.00
    1    1116       Data/single  1194039705600 1073741824  1195113447424     574  1191883833344 100.00
    1    1117       Data/single  1195113447424 1073741824  1196187189248     575  1192957575168 100.00
    1    1118       Data/single  1196187189248 1073741824  1197260931072     576  1194031316992 100.00
    1    1119       Data/single  1197260931072 1073741824  1198334672896     577  1195105058816 100.00
    1    1120       Data/single  1198334672896 1073741824  1199408414720     578  1196178800640 100.00
    1    1121       Data/single  1199408414720 1073741824  1200482156544     579  1197252542464 100.00
    1    1122       Data/single  1200482156544 1073741824  1201555898368     580  1198326284288 100.00
    1    1123       Data/single  1201555898368 1073741824  1202629640192     581  1199400026112 100.00
    1    1124       Data/single  1202629640192 1073741824  1203703382016     582  1200473767936 100.00
    1    1125       Data/single  1203703382016 1073741824  1204777123840     583  1201547509760 100.00
    1    1126       Data/single  1204777123840 1073741824  1205850865664     584  1202621251584 100.00
    1    1127       Data/single  1205850865664 1073741824  1206924607488     585  1203694993408 100.00
    1    1128       Data/single  1206924607488 1073741824  1207998349312     586  1204768735232 100.00
    1    1129       Data/single  1207998349312 1073741824  1209072091136     587  1205842477056 100.00
    1    1130       Data/single  1209072091136 1073741824  1210145832960     588  1206916218880 100.00
    1    1131       Data/single  1210145832960 1073741824  1211219574784     589  1207989960704 100.00
    1    1132       Data/single  1211219574784 1073741824  1212293316608     590  1209063702528 100.00
    1    1133       Data/single  1212293316608 1073741824  1213367058432     591  1210137444352 100.00
    1    1134       Data/single  1213367058432 1073741824  1214440800256     592  1211211186176 100.00
    1    1135       Data/single  1214440800256 1073741824  1215514542080     593  1212284928000 100.00
    1    1136       Data/single  1215514542080 1073741824  1216588283904     594  1213358669824 100.00
    1    1137       Data/single  1216588283904 1073741824  1217662025728     595  1214432411648 100.00
    1    1138       Data/single  1217662025728 1073741824  1218735767552     596  1215506153472 100.00
    1    1139       Data/single  1218735767552 1073741824  1219809509376     597  1216579895296 100.00
    1    1140       Data/single  1219809509376 1073741824  1220883251200     598  1217653637120 100.00
    1    1141       Data/single  1220883251200 1073741824  1221956993024     599  1218727378944 100.00
    1    1142       Data/single  1221956993024 1073741824  1223030734848     600  1219801120768 100.00
    1    1143       Data/single  1223030734848 1073741824  1224104476672     601  1220874862592 100.00
    1    1144       Data/single  1224104476672 1073741824  1225178218496     602  1221948604416 100.00
    1    1145       Data/single  1225178218496 1073741824  1226251960320     603  1223022346240 100.00
    1    1146       Data/single  1226251960320 1073741824  1227325702144     604  1224096088064 100.00
    1    1147       Data/single  1227325702144 1073741824  1228399443968     605  1225169829888 100.00
    1    1148       Data/single  1228399443968 1073741824  1229473185792     606  1226243571712 100.00
    1    1149       Data/single  1229473185792 1073741824  1230546927616     607  1227317313536 100.00
    1    1150       Data/single  1230546927616 1073741824  1231620669440     608  1228391055360 100.00
    1    1151       Data/single  1231620669440 1073741824  1232694411264     609  1229464797184 100.00
    1    1152       Data/single  1232694411264 1073741824  1233768153088     610  1230538539008 100.00
    1    1153       Data/single  1233768153088 1073741824  1234841894912     611  1231612280832 100.00
    1    1154       Data/single  1234841894912 1073741824  1235915636736     612  1232686022656 100.00
    1    1155       Data/single  1235915636736 1073741824  1236989378560     613  1233759764480 100.00
    1    1156       Data/single  1236989378560 1073741824  1238063120384     614  1234833506304 100.00
    1    1157       Data/single  1238063120384 1073741824  1239136862208     615  1235907248128 100.00
    1    1158       Data/single  1239136862208 1073741824  1240210604032     616  1236980989952 100.00
    1    1159       Data/single  1240210604032 1073741824  1241284345856     617  1238054731776 100.00
    1    1160       Data/single  1241284345856 1073741824  1242358087680     618  1239128473600 100.00
    1    1161       Data/single  1242358087680 1073741824  1243431829504     619  1240202215424 100.00
    1    1162       Data/single  1243431829504 1073741824  1244505571328     620  1241275957248 100.00
    1    1163       Data/single  1244505571328 1073741824  1245579313152     621  1242349699072 100.00
    1    1164       Data/single  1245579313152 1073741824  1246653054976     622  1243423440896 100.00
    1    1165       Data/single  1246653054976 1073741824  1247726796800     623  1244497182720 100.00
    1    1166       Data/single  1247726796800 1073741824  1248800538624     624  1245570924544 100.00
    1    1167       Data/single  1248800538624 1073741824  1249874280448     625  1246644666368 100.00
    1    1168       Data/single  1249874280448 1073741824  1250948022272     626  1247718408192 100.00
    1    1169       Data/single  1250948022272 1073741824  1252021764096     627  1248792150016 100.00
    1    1170       Data/single  1252021764096 1073741824  1253095505920     628  1249865891840 100.00
    1    1171       Data/single  1253095505920 1073741824  1254169247744     629  1250939633664 100.00
    1    1172       Data/single  1254169247744 1073741824  1255242989568     630  1252013375488 100.00
    1    1173       Data/single  1255242989568 1073741824  1256316731392     631  1253087117312 100.00
    1    1174       Data/single  1256316731392 1073741824  1257390473216     632  1254160859136 100.00
    1    1175       Data/single  1257390473216 1073741824  1258464215040     633  1255234600960 100.00
    1    1176       Data/single  1258464215040 1073741824  1259537956864     634  1256308342784 100.00
    1    1177       Data/single  1259537956864 1073741824  1260611698688     635  1257382084608 100.00
    1    1178       Data/single  1260611698688 1073741824  1261685440512     636  1258455826432 100.00
    1    1179       Data/single  1261685440512 1073741824  1262759182336     637  1259529568256 100.00
    1    1180       Data/single  1262759182336 1073741824  1263832924160     638  1260603310080 100.00
    1    1181       Data/single  1263832924160 1073741824  1264906665984     639  1261677051904 100.00
    1    1182       Data/single  1264906665984 1073741824  1265980407808     640  1262750793728 100.00
    1    1183       Data/single  1265980407808 1073741824  1267054149632     641  1263824535552 100.00
    1    1184       Data/single  1267054149632 1073741824  1268127891456     642  1264898277376 100.00
    1    1185       Data/single  1268127891456 1073741824  1269201633280     643  1265972019200 100.00
    1    1186       Data/single  1269201633280 1073741824  1270275375104     644  1267045761024 100.00
    1    1187       Data/single  1270275375104 1073741824  1271349116928     645  1268119502848 100.00
    1    1188       Data/single  1271349116928 1073741824  1272422858752     646  1269193244672 100.00
    1    1189       Data/single  1272422858752 1073741824  1273496600576     647  1270266986496 100.00
    1    1190       Data/single  1273496600576 1073741824  1274570342400     648  1271340728320 100.00
    1    1191       Data/single  1274570342400 1073741824  1275644084224     649  1272414470144 100.00
    1    1192       Data/single  1275644084224 1073741824  1276717826048     650  1273488211968 100.00
    1    1193       Data/single  1276717826048 1073741824  1277791567872     651  1274561953792 100.00
    1    1194       Data/single  1277791567872 1073741824  1278865309696     652  1275635695616 100.00
    1    1195       Data/single  1278865309696 1073741824  1279939051520     653  1276709437440 100.00
    1    1196       Data/single  1279939051520 1073741824  1281012793344     654  1277783179264 100.00
    1    1197       Data/single  1281012793344 1073741824  1282086535168     655  1278856921088 100.00
    1    1198       Data/single  1282086535168 1073741824  1283160276992     656  1279930662912 100.00
    1    1199       Data/single  1283160276992 1073741824  1284234018816     657  1281004404736 100.00
    1    1200       Data/single  1284234018816 1073741824  1285307760640     658  1282078146560 100.00
    1    1201       Data/single  1285307760640 1073741824  1286381502464     659  1283151888384 100.00
    1    1202       Data/single  1286381502464 1073741824  1287455244288     660  1284225630208 100.00
    1    1203       Data/single  1287455244288 1073741824  1288528986112     661  1285299372032 100.00
    1    1204       Data/single  1288528986112 1073741824  1289602727936     662  1286373113856 100.00
    1    1205       Data/single  1289602727936 1073741824  1290676469760     663  1287446855680 100.00
    1    1206       Data/single  1290676469760 1073741824  1291750211584     664  1288520597504 100.00
    1    1207       Data/single  1291750211584 1073741824  1292823953408     665  1289594339328 100.00
    1    1208       Data/single  1292823953408 1073741824  1293897695232     666  1290668081152 100.00
    1    1209       Data/single  1293897695232 1073741824  1294971437056     667  1291741822976 100.00
    1    1210       Data/single  1294971437056 1073741824  1296045178880     668  1292815564800 100.00
    1    1211       Data/single  1296045178880 1073741824  1297118920704     669  1293889306624 100.00
    1    1212       Data/single  1297118920704 1073741824  1298192662528     670  1294963048448 100.00
    1    1213       Data/single  1298192662528 1073741824  1299266404352     671  1296036790272 100.00
    1    1214       Data/single  1299266404352 1073741824  1300340146176     672  1297110532096 100.00
    1    1215       Data/single  1300340146176 1073741824  1301413888000     673  1298184273920 100.00
    1    1216       Data/single  1301413888000 1073741824  1302487629824     674  1299258015744 100.00
    1    1217       Data/single  1302487629824 1073741824  1303561371648     675  1300331757568 100.00
    1    1218       Data/single  1303561371648 1073741824  1304635113472     676  1301405499392 100.00
    1    1219       Data/single  1304635113472 1073741824  1305708855296     677  1302479241216 100.00
    1    1220       Data/single  1305708855296 1073741824  1306782597120     678  1303552983040 100.00
    1    1221       Data/single  1306782597120 1073741824  1307856338944     679  1304626724864 100.00
    1    1222       Data/single  1307856338944 1073741824  1308930080768     680  1305700466688 100.00
    1    1223       Data/single  1308930080768 1073741824  1310003822592     681  1306774208512 100.00
    1    1224       Data/single  1310003822592 1073741824  1311077564416     682  1307847950336 100.00
    1    1225       Data/single  1311077564416 1073741824  1312151306240     683  1308921692160 100.00
    1    1226       Data/single  1312151306240 1073741824  1313225048064     684  1309995433984 100.00
    1    1227       Data/single  1313225048064 1073741824  1314298789888     685  1311069175808 100.00
    1    1228       Data/single  1314298789888 1073741824  1315372531712     686  1312142917632 100.00
    1    1229       Data/single  1315372531712 1073741824  1316446273536     687  1313216659456 100.00
    1    1230       Data/single  1316446273536 1073741824  1317520015360     688  1314290401280 100.00
    1    1231       Data/single  1317520015360 1073741824  1318593757184     689  1315364143104 100.00
    1    1232       Data/single  1318593757184 1073741824  1319667499008     690  1316437884928 100.00
    1    1233       Data/single  1319667499008 1073741824  1320741240832     691  1317511626752 100.00
    1    1234       Data/single  1320741240832 1073741824  1321814982656     692  1318585368576 100.00
    1    1235       Data/single  1321814982656 1073741824  1322888724480     693  1319659110400 100.00
    1    1236       Data/single  1322888724480 1073741824  1323962466304     694  1320732852224 100.00
    1    1237       Data/single  1323962466304 1073741824  1325036208128     695  1321806594048 100.00
    1    1238       Data/single  1325036208128 1073741824  1326109949952     696  1322880335872 100.00
    1    1239       Data/single  1326109949952 1073741824  1327183691776     697  1323954077696 100.00
    1    1240       Data/single  1327183691776 1073741824  1328257433600     698  1325027819520 100.00
    1    1241       Data/single  1328257433600 1073741824  1329331175424     699  1326101561344 100.00
    1    1242       Data/single  1329331175424 1073741824  1330404917248     700  1327175303168 100.00
    1    1243       Data/single  1330404917248 1073741824  1331478659072     701  1328249044992 100.00
    1    1244       Data/single  1331478659072 1073741824  1332552400896     702  1329322786816 100.00
    1    1245       Data/single  1332552400896 1073741824  1333626142720     703  1330396528640 100.00
    1    1246       Data/single  1333626142720 1073741824  1334699884544     704  1331470270464 100.00
    1    1247       Data/single  1334699884544 1073741824  1335773626368     705  1332544012288 100.00
    1    1248       Data/single  1335773626368 1073741824  1336847368192     706  1333617754112  99.97
    1    1249       Data/single  1336847368192 1073741824  1337921110016     707  1334691495936 100.00
    1    1250       Data/single  1337921110016 1073741824  1338994851840     708  1335765237760 100.00
    1    1251       Data/single  1338994851840 1073741824  1340068593664     709  1336838979584 100.00
    1    1252       Data/single  1340068593664 1073741824  1341142335488     710  1337912721408 100.00
    1    1253       Data/single  1341142335488 1073741824  1342216077312     711  1338986463232 100.00
    1    1254       Data/single  1342216077312 1073741824  1343289819136     712  1340060205056 100.00
    1    1255       Data/single  1343289819136 1073741824  1344363560960     713  1341133946880 100.00
    1    1256       Data/single  1344363560960 1073741824  1345437302784     714  1342207688704 100.00
    1    1257       Data/single  1345437302784 1073741824  1346511044608     715  1343281430528 100.00
    1    1258       Data/single  1346511044608 1073741824  1347584786432     716  1344355172352 100.00
    1    1259       Data/single  1347584786432 1073741824  1348658528256     717  1345428914176 100.00
    1    1260       Data/single  1348658528256 1073741824  1349732270080     718  1346502656000 100.00
    1    1261       Data/single  1349732270080 1073741824  1350806011904     719  1347576397824 100.00
    1    1262       Data/single  1350806011904 1073741824  1351879753728     720  1348650139648 100.00
    1    1263       Data/single  1351879753728 1073741824  1352953495552     721  1349723881472 100.00
    1    1264       Data/single  1352953495552 1073741824  1354027237376     722  1350797623296 100.00
    1    1265       Data/single  1354027237376 1073741824  1355100979200     723  1351871365120 100.00
    1    1266       Data/single  1355100979200 1073741824  1356174721024     724  1352945106944 100.00
    1    1267       Data/single  1356174721024 1073741824  1357248462848     725  1354018848768 100.00
    1    1268       Data/single  1357248462848 1073741824  1358322204672     726  1355092590592 100.00
    1    1269       Data/single  1358322204672 1073741824  1359395946496     727  1356166332416 100.00
    1    1270       Data/single  1359395946496 1073741824  1360469688320     728  1357240074240 100.00
    1     928   Metadata/DUP      992176242688 1073741824   993249984512     729  1358313816064  92.93
    1     929   Metadata/DUP      993249984512 1073741824   994323726336     730  1358313816064  92.93
    1    1271       Data/single  1360469688320 1073741824  1361543430144     731  1359387557888 100.00
    1    1272       Data/single  1361543430144 1073741824  1362617171968     732  1360461299712 100.00
    1    1273       Data/single  1362617171968 1073741824  1363690913792     733  1361535041536 100.00
    1    1274       Data/single  1363690913792 1073741824  1364764655616     734  1362608783360 100.00
    1    1275       Data/single  1364764655616 1073741824  1365838397440     735  1363682525184 100.00
    1    1276       Data/single  1365838397440 1073741824  1366912139264     736  1364756267008 100.00
    1    1277       Data/single  1366912139264 1073741824  1367985881088     737  1365830008832 100.00
    1    1278       Data/single  1367985881088 1073741824  1369059622912     738  1366903750656 100.00
    1    1279       Data/single  1369059622912 1073741824  1370133364736     739  1367977492480 100.00
    1    1280       Data/single  1370133364736 1073741824  1371207106560     740  1369051234304 100.00
    1    1281       Data/single  1371207106560 1073741824  1372280848384     741  1370124976128 100.00
    1    1282       Data/single  1372280848384 1073741824  1373354590208     742  1371198717952 100.00
    1    1283       Data/single  1373354590208 1073741824  1374428332032     743  1372272459776 100.00
    1    1284       Data/single  1374428332032 1073741824  1375502073856     744  1373346201600 100.00
    1    1285       Data/single  1375502073856 1073741824  1376575815680     745  1374419943424 100.00
    1    1286       Data/single  1376575815680 1073741824  1377649557504     746  1375493685248 100.00
    1    1287       Data/single  1377649557504 1073741824  1378723299328     747  1376567427072 100.00
    1    1288       Data/single  1378723299328 1073741824  1379797041152     748  1377641168896 100.00
    1    1289       Data/single  1379797041152 1073741824  1380870782976     749  1378714910720 100.00
    1     987       Data/single  1055527010304 1073741824  1056600752128     750  1379788652544 100.00
    1     988       Data/single  1056600752128 1073741824  1057674493952     751  1380862394368  99.97
    1     989       Data/single  1057674493952 1073741824  1058748235776     752  1381936136192 100.00
    1     990       Data/single  1058748235776 1073741824  1059821977600     753  1383009878016 100.00
    1     991       Data/single  1059821977600 1073741824  1060895719424     754  1384083619840 100.00
    1     992       Data/single  1060895719424 1073741824  1061969461248     755  1385157361664 100.00
    1     993       Data/single  1061969461248 1073741824  1063043203072     756  1386231103488 100.00
    1     994       Data/single  1063043203072 1073741824  1064116944896     757  1387304845312 100.00
    1     995       Data/single  1064116944896 1073741824  1065190686720     758  1388378587136 100.00
    1     996       Data/single  1065190686720 1073741824  1066264428544     759  1389452328960 100.00
    1     997       Data/single  1066264428544 1073741824  1067338170368     760  1390526070784 100.00
    1     998       Data/single  1067338170368 1073741824  1068411912192     761  1391599812608  99.99
    1     999       Data/single  1068411912192 1073741824  1069485654016     762  1392673554432 100.00
    1    1000       Data/single  1069485654016 1073741824  1070559395840     763  1393747296256 100.00
    1    1001       Data/single  1070559395840 1073741824  1071633137664     764  1394821038080  99.61
    1    1002       Data/single  1071633137664 1073741824  1072706879488     765  1395894779904  99.87
    1    1003       Data/single  1072706879488 1073741824  1073780621312     766  1396968521728 100.00
    1    1004       Data/single  1073780621312 1073741824  1074854363136     767  1398042263552 100.00
    1    1005       Data/single  1074854363136 1073741824  1075928104960     768  1399116005376 100.00
    1    1290       Data/single  1380870782976 1073741824  1381944524800     769  1400189747200 100.00
    1    1291       Data/single  1381944524800 1073741824  1383018266624     770  1401263489024 100.00
    1    1292       Data/single  1383018266624 1073741824  1384092008448     771  1402337230848 100.00
    1    1293       Data/single  1384092008448 1073741824  1385165750272     772  1403410972672 100.00
    1    1294       Data/single  1385165750272 1073741824  1386239492096     773  1404484714496 100.00
    1    1295       Data/single  1386239492096 1073741824  1387313233920     774  1405558456320 100.00
    1    1296       Data/single  1387313233920 1073741824  1388386975744     775  1406632198144 100.00
    1    1297       Data/single  1388386975744 1073741824  1389460717568     776  1407705939968 100.00
    1    1298       Data/single  1389460717568 1073741824  1390534459392     777  1408779681792 100.00
    1    1299       Data/single  1390534459392 1073741824  1391608201216     778  1409853423616  99.96
    1    1300       Data/single  1391608201216 1073741824  1392681943040     779  1410927165440 100.00
    1    1301       Data/single  1392681943040 1073741824  1393755684864     780  1412000907264 100.00
    1    1302       Data/single  1393755684864 1073741824  1394829426688     781  1413074649088 100.00
    1    1303       Data/single  1394829426688 1073741824  1395903168512     782  1414148390912 100.00
    1    1304       Data/single  1395903168512 1073741824  1396976910336     783  1415222132736 100.00
    1    1305       Data/single  1396976910336 1073741824  1398050652160     784  1416295874560 100.00
    1    1306       Data/single  1398050652160 1073741824  1399124393984     785  1417369616384 100.00
    1    1307       Data/single  1399124393984 1073741824  1400198135808     786  1418443358208 100.00
    1    1308       Data/single  1400198135808 1073741824  1401271877632     787  1419517100032 100.00
    1    1309       Data/single  1401271877632 1073741824  1402345619456     788  1420590841856 100.00
    1    1310       Data/single  1402345619456 1073741824  1403419361280     789  1421664583680 100.00
    1    1311       Data/single  1403419361280 1073741824  1404493103104     790  1422738325504 100.00
    1    1312       Data/single  1404493103104 1073741824  1405566844928     791  1423812067328 100.00
    1    1313       Data/single  1405566844928 1073741824  1406640586752     792  1424885809152 100.00
    1    1314       Data/single  1406640586752 1073741824  1407714328576     793  1425959550976 100.00
    1    1315       Data/single  1407714328576 1073741824  1408788070400     794  1427033292800 100.00
    1    1316       Data/single  1408788070400 1073741824  1409861812224     795  1428107034624 100.00
    1    1317       Data/single  1409861812224 1073741824  1410935554048     796  1429180776448 100.00
    1    1318       Data/single  1410935554048 1073741824  1412009295872     797  1430254518272 100.00
    1    1319       Data/single  1412009295872 1073741824  1413083037696     798  1431328260096 100.00
    1    1320       Data/single  1413083037696 1073741824  1414156779520     799  1432402001920 100.00
    1    1321       Data/single  1414156779520 1073741824  1415230521344     800  1433475743744 100.00
    1    1322       Data/single  1415230521344 1073741824  1416304263168     801  1434549485568 100.00
    1    1323       Data/single  1416304263168 1073741824  1417378004992     802  1435623227392 100.00
    1    1324       Data/single  1417378004992 1073741824  1418451746816     803  1436696969216 100.00
    1    1325       Data/single  1418451746816 1073741824  1419525488640     804  1437770711040 100.00
    1    1326       Data/single  1419525488640 1073741824  1420599230464     805  1438844452864 100.00
    1    1327       Data/single  1420599230464 1073741824  1421672972288     806  1439918194688 100.00
    1    1328       Data/single  1421672972288 1073741824  1422746714112     807  1440991936512 100.00
    1    1329       Data/single  1422746714112 1073741824  1423820455936     808  1442065678336 100.00
    1    1330       Data/single  1423820455936 1073741824  1424894197760     809  1443139420160 100.00
    1    1331       Data/single  1424894197760 1073741824  1425967939584     810  1444213161984 100.00
    1    1332       Data/single  1425967939584 1073741824  1427041681408     811  1445286903808 100.00
    1    1333       Data/single  1427041681408 1073741824  1428115423232     812  1446360645632 100.00
    1    1334       Data/single  1428115423232 1073741824  1429189165056     813  1447434387456 100.00
    1    1335       Data/single  1429189165056 1073741824  1430262906880     814  1448508129280 100.00
    1    1336       Data/single  1430262906880 1073741824  1431336648704     815  1449581871104 100.00
    1    1337       Data/single  1431336648704 1073741824  1432410390528     816  1450655612928 100.00
    1    1338       Data/single  1432410390528 1073741824  1433484132352     817  1451729354752 100.00
    1    1339       Data/single  1433484132352 1073741824  1434557874176     818  1452803096576 100.00
    1    1340       Data/single  1434557874176 1073741824  1435631616000     819  1453876838400  99.97
    1    1341       Data/single  1435631616000 1073741824  1436705357824     820  1454950580224 100.00
    1    1342       Data/single  1436705357824 1073741824  1437779099648     821  1456024322048 100.00
    1    1343       Data/single  1437779099648 1073741824  1438852841472     822  1457098063872 100.00
    1    1344       Data/single  1438852841472 1073741824  1439926583296     823  1458171805696 100.00
    1    1345       Data/single  1439926583296 1073741824  1441000325120     824  1459245547520 100.00
    1    1346       Data/single  1441000325120 1073741824  1442074066944     825  1460319289344 100.00
    1    1347       Data/single  1442074066944 1073741824  1443147808768     826  1461393031168 100.00
    1    1348       Data/single  1443147808768 1073741824  1444221550592     827  1462466772992 100.00
    1    1349       Data/single  1444221550592 1073741824  1445295292416     828  1463540514816 100.00
    1    1350       Data/single  1445295292416 1073741824  1446369034240     829  1464614256640  99.90
    1    1351       Data/single  1446369034240 1073741824  1447442776064     830  1465687998464 100.00
    1    1352       Data/single  1447442776064 1073741824  1448516517888     831  1466761740288 100.00
    1    1353       Data/single  1448516517888 1073741824  1449590259712     832  1467835482112 100.00
    1    1354       Data/single  1449590259712 1073741824  1450664001536     833  1468909223936 100.00
    1    1355       Data/single  1450664001536 1073741824  1451737743360     834  1469982965760 100.00
    1    1356       Data/single  1451737743360 1073741824  1452811485184     835  1471056707584 100.00
    1    1357       Data/single  1452811485184 1073741824  1453885227008     836  1472130449408 100.00
    1    1358       Data/single  1453885227008 1073741824  1454958968832     837  1473204191232 100.00
    1    1359       Data/single  1454958968832 1073741824  1456032710656     838  1474277933056 100.00
    1    1360       Data/single  1456032710656 1073741824  1457106452480     839  1475351674880 100.00
    1    1361       Data/single  1457106452480 1073741824  1458180194304     840  1476425416704 100.00
    1    1362       Data/single  1458180194304 1073741824  1459253936128     841  1477499158528 100.00
    1    1363       Data/single  1459253936128 1073741824  1460327677952     842  1478572900352 100.00
    1    1364       Data/single  1460327677952 1073741824  1461401419776     843  1479646642176 100.00
    1    1365       Data/single  1461401419776 1073741824  1462475161600     844  1480720384000 100.00
    1    1366       Data/single  1462475161600 1073741824  1463548903424     845  1481794125824 100.00
    1    1367       Data/single  1463548903424 1073741824  1464622645248     846  1482867867648 100.00
    1    1368       Data/single  1464622645248 1073741824  1465696387072     847  1483941609472 100.00
    1    1369       Data/single  1465696387072 1073741824  1466770128896     848  1485015351296 100.00
    1    1370       Data/single  1466770128896 1073741824  1467843870720     849  1486089093120 100.00
    1    1371       Data/single  1467843870720 1073741824  1468917612544     850  1487162834944 100.00
    1    1372       Data/single  1468917612544 1073741824  1469991354368     851  1488236576768  99.97
    1    1373       Data/single  1469991354368 1073741824  1471065096192     852  1489310318592 100.00
    1    1374       Data/single  1471065096192 1073741824  1472138838016     853  1490384060416 100.00
    1    1375       Data/single  1472138838016 1073741824  1473212579840     854  1491457802240 100.00
    1    1376       Data/single  1473212579840 1073741824  1474286321664     855  1492531544064 100.00
    1    1377       Data/single  1474286321664 1073741824  1475360063488     856  1493605285888 100.00
    1    1378       Data/single  1475360063488 1073741824  1476433805312     857  1494679027712 100.00
    1    1379       Data/single  1476433805312 1073741824  1477507547136     858  1495752769536 100.00
    1    1380       Data/single  1477507547136 1073741824  1478581288960     859  1496826511360 100.00
    1    1381       Data/single  1478581288960 1073741824  1479655030784     860  1497900253184 100.00
    1    1382       Data/single  1479655030784 1073741824  1480728772608     861  1498973995008 100.00
    1    1383       Data/single  1480728772608 1073741824  1481802514432     862  1500047736832 100.00
    1    1384       Data/single  1481802514432 1073741824  1482876256256     863  1501121478656 100.00
    1    1385       Data/single  1482876256256 1073741824  1483949998080     864  1502195220480 100.00
    1    1386       Data/single  1483949998080 1073741824  1485023739904     865  1503268962304 100.00
    1    1387       Data/single  1485023739904 1073741824  1486097481728     866  1504342704128 100.00
    1    1388       Data/single  1486097481728 1073741824  1487171223552     867  1505416445952 100.00
    1    1389       Data/single  1487171223552 1073741824  1488244965376     868  1506490187776 100.00
    1    1390       Data/single  1488244965376 1073741824  1489318707200     869  1507563929600 100.00
    1    1391       Data/single  1489318707200 1073741824  1490392449024     870  1508637671424 100.00
    1    1392       Data/single  1490392449024 1073741824  1491466190848     871  1509711413248 100.00
    1    1393       Data/single  1491466190848 1073741824  1492539932672     872  1510785155072 100.00
    1    1394       Data/single  1492539932672 1073741824  1493613674496     873  1511858896896 100.00
    1    1395       Data/single  1493613674496 1073741824  1494687416320     874  1512932638720 100.00
    1    1396       Data/single  1494687416320 1073741824  1495761158144     875  1514006380544 100.00
    1    1397       Data/single  1495761158144 1073741824  1496834899968     876  1515080122368 100.00
    1    1398       Data/single  1496834899968 1073741824  1497908641792     877  1516153864192 100.00
    1    1399       Data/single  1497908641792 1073741824  1498982383616     878  1517227606016 100.00
    1    1400       Data/single  1498982383616 1073741824  1500056125440     879  1518301347840 100.00
    1    1401       Data/single  1500056125440 1073741824  1501129867264     880  1519375089664 100.00
    1    1402       Data/single  1501129867264 1073741824  1502203609088     881  1520448831488 100.00
    1    1403       Data/single  1502203609088 1073741824  1503277350912     882  1521522573312 100.00
    1    1404       Data/single  1503277350912 1073741824  1504351092736     883  1522596315136 100.00
    1    1405       Data/single  1504351092736 1073741824  1505424834560     884  1523670056960 100.00
    1    1406       Data/single  1505424834560 1073741824  1506498576384     885  1524743798784 100.00
    1    1407       Data/single  1506498576384 1073741824  1507572318208     886  1525817540608 100.00
    1    1408       Data/single  1507572318208 1073741824  1508646060032     887  1526891282432 100.00
    1    1409       Data/single  1508646060032 1073741824  1509719801856     888  1527965024256 100.00
    1    1410       Data/single  1509719801856 1073741824  1510793543680     889  1529038766080 100.00
    1    1411       Data/single  1510793543680 1073741824  1511867285504     890  1530112507904 100.00
    1    1412       Data/single  1511867285504 1073741824  1512941027328     891  1531186249728 100.00
    1    1413       Data/single  1512941027328 1073741824  1514014769152     892  1532259991552 100.00
    1    1414       Data/single  1514014769152 1073741824  1515088510976     893  1533333733376 100.00
    1    1415       Data/single  1515088510976 1073741824  1516162252800     894  1534407475200 100.00
    1    1416       Data/single  1516162252800 1073741824  1517235994624     895  1535481217024 100.00
    1    1417       Data/single  1517235994624 1073741824  1518309736448     896  1536554958848 100.00
    1    1418       Data/single  1518309736448 1073741824  1519383478272     897  1537628700672 100.00
    1    1419       Data/single  1519383478272 1073741824  1520457220096     898  1538702442496 100.00
    1    1420       Data/single  1520457220096 1073741824  1521530961920     899  1539776184320 100.00
    1    1421       Data/single  1521530961920 1073741824  1522604703744     900  1540849926144 100.00
    1    1422       Data/single  1522604703744 1073741824  1523678445568     901  1541923667968 100.00
    1    1423       Data/single  1523678445568 1073741824  1524752187392     902  1542997409792 100.00
    1    1424       Data/single  1524752187392 1073741824  1525825929216     903  1544071151616 100.00
    1    1425       Data/single  1525825929216 1073741824  1526899671040     904  1545144893440 100.00
    1    1426       Data/single  1526899671040 1073741824  1527973412864     905  1546218635264 100.00
    1    1427       Data/single  1527973412864 1073741824  1529047154688     906  1547292377088 100.00
    1    1428       Data/single  1529047154688 1073741824  1530120896512     907  1548366118912 100.00
    1    1429       Data/single  1530120896512 1073741824  1531194638336     908  1549439860736 100.00
    1    1430       Data/single  1531194638336 1073741824  1532268380160     909  1550513602560 100.00
    1    1431       Data/single  1532268380160 1073741824  1533342121984     910  1551587344384 100.00
    1    1432       Data/single  1533342121984 1073741824  1534415863808     911  1552661086208 100.00
    1    1433       Data/single  1534415863808 1073741824  1535489605632     912  1553734828032 100.00
    1    1434       Data/single  1535489605632 1073741824  1536563347456     913  1554808569856 100.00
    1    1435       Data/single  1536563347456 1073741824  1537637089280     914  1555882311680 100.00
    1    1436       Data/single  1537637089280 1073741824  1538710831104     915  1556956053504 100.00
    1    1437       Data/single  1538710831104 1073741824  1539784572928     916  1558029795328 100.00
    1    1438       Data/single  1539784572928 1073741824  1540858314752     917  1559103537152 100.00
    1    1439       Data/single  1540858314752 1073741824  1541932056576     918  1560177278976 100.00
    1    1440       Data/single  1541932056576 1073741824  1543005798400     919  1561251020800 100.00
    1    1441       Data/single  1543005798400 1073741824  1544079540224     920  1562324762624 100.00
    1    1442       Data/single  1544079540224 1073741824  1545153282048     921  1563398504448 100.00
    1    1443       Data/single  1545153282048 1073741824  1546227023872     922  1564472246272 100.00
    1    1444       Data/single  1546227023872 1073741824  1547300765696     923  1565545988096 100.00
    1    1445       Data/single  1547300765696 1073741824  1548374507520     924  1566619729920 100.00
    1    1446       Data/single  1548374507520 1073741824  1549448249344     925  1567693471744 100.00
    1    1447       Data/single  1549448249344 1073741824  1550521991168     926  1568767213568 100.00
    1    1448       Data/single  1550521991168 1073741824  1551595732992     927  1569840955392 100.00
    1    1449       Data/single  1551595732992 1073741824  1552669474816     928  1570914697216 100.00
    1    1450       Data/single  1552669474816 1073741824  1553743216640     929  1571988439040 100.00
    1    1451       Data/single  1553743216640 1073741824  1554816958464     930  1573062180864 100.00
    1    1452       Data/single  1554816958464 1073741824  1555890700288     931  1574135922688 100.00
    1    1453       Data/single  1555890700288 1073741824  1556964442112     932  1575209664512 100.00
    1    1454       Data/single  1556964442112 1073741824  1558038183936     933  1576283406336 100.00
    1    1455       Data/single  1558038183936 1073741824  1559111925760     934  1577357148160 100.00
    1    1456       Data/single  1559111925760 1073741824  1560185667584     935  1578430889984 100.00
    1    1457       Data/single  1560185667584 1073741824  1561259409408     936  1579504631808 100.00
    1    1458       Data/single  1561259409408 1073741824  1562333151232     937  1580578373632 100.00
    1    1459       Data/single  1562333151232 1073741824  1563406893056     938  1581652115456 100.00
    1    1460       Data/single  1563406893056 1073741824  1564480634880     939  1582725857280 100.00
    1    1461       Data/single  1564480634880 1073741824  1565554376704     940  1583799599104 100.00
    1    1462       Data/single  1565554376704 1073741824  1566628118528     941  1584873340928 100.00
    1    1463       Data/single  1566628118528 1073741824  1567701860352     942  1585947082752 100.00
    1    1464       Data/single  1567701860352 1073741824  1568775602176     943  1587020824576 100.00
    1    1465       Data/single  1568775602176 1073741824  1569849344000     944  1588094566400 100.00
    1    1466       Data/single  1569849344000 1073741824  1570923085824     945  1589168308224 100.00
    1    1467       Data/single  1570923085824 1073741824  1571996827648     946  1590242050048 100.00
    1    1468       Data/single  1571996827648 1073741824  1573070569472     947  1591315791872 100.00
    1    1469       Data/single  1573070569472 1073741824  1574144311296     948  1592389533696 100.00
    1    1470       Data/single  1574144311296 1073741824  1575218053120     949  1593463275520 100.00
    1    1471       Data/single  1575218053120 1073741824  1576291794944     950  1594537017344 100.00
    1    1472       Data/single  1576291794944 1073741824  1577365536768     951  1595610759168 100.00
    1    1473       Data/single  1577365536768 1073741824  1578439278592     952  1596684500992 100.00
    1    1474       Data/single  1578439278592 1073741824  1579513020416     953  1597758242816 100.00
    1    1475       Data/single  1579513020416 1073741824  1580586762240     954  1598831984640 100.00
    1    1476       Data/single  1580586762240 1073741824  1581660504064     955  1599905726464 100.00
    1    1477       Data/single  1581660504064 1073741824  1582734245888     956  1600979468288 100.00
    1    1478       Data/single  1582734245888 1073741824  1583807987712     957  1602053210112 100.00
    1    1479       Data/single  1583807987712 1073741824  1584881729536     958  1603126951936 100.00
    1    1480       Data/single  1584881729536 1073741824  1585955471360     959  1604200693760 100.00
    1    1481       Data/single  1585955471360 1073741824  1587029213184     960  1605274435584 100.00
    1    1482       Data/single  1587029213184 1073741824  1588102955008     961  1606348177408 100.00
    1    1483       Data/single  1588102955008 1073741824  1589176696832     962  1607421919232 100.00
    1    1484       Data/single  1589176696832 1073741824  1590250438656     963  1608495661056 100.00
    1    1485       Data/single  1590250438656 1073741824  1591324180480     964  1609569402880 100.00
    1    1486       Data/single  1591324180480 1073741824  1592397922304     965  1610643144704 100.00
    1    1487       Data/single  1592397922304 1073741824  1593471664128     966  1611716886528 100.00
    1    1488       Data/single  1593471664128 1073741824  1594545405952     967  1612790628352 100.00
    1    1489       Data/single  1594545405952 1073741824  1595619147776     968  1613864370176 100.00
    1    1490       Data/single  1595619147776 1073741824  1596692889600     969  1614938112000 100.00
    1    1491       Data/single  1596692889600 1073741824  1597766631424     970  1616011853824 100.00
    1    1492       Data/single  1597766631424 1073741824  1598840373248     971  1617085595648 100.00
    1    1493       Data/single  1598840373248 1073741824  1599914115072     972  1618159337472 100.00
    1    1494       Data/single  1599914115072 1073741824  1600987856896     973  1619233079296 100.00
    1    1495       Data/single  1600987856896 1073741824  1602061598720     974  1620306821120 100.00
    1    1496       Data/single  1602061598720 1073741824  1603135340544     975  1621380562944 100.00
    1    1497       Data/single  1603135340544 1073741824  1604209082368     976  1622454304768 100.00
    1    1498       Data/single  1604209082368 1073741824  1605282824192     977  1623528046592 100.00
    1    1499       Data/single  1605282824192 1073741824  1606356566016     978  1624601788416 100.00
    1    1500       Data/single  1606356566016 1073741824  1607430307840     979  1625675530240 100.00
    1    1501       Data/single  1607430307840 1073741824  1608504049664     980  1626749272064 100.00
    1    1502       Data/single  1608504049664 1073741824  1609577791488     981  1627823013888 100.00
    1    1503       Data/single  1609577791488 1073741824  1610651533312     982  1628896755712 100.00
    1    1504       Data/single  1610651533312 1073741824  1611725275136     983  1629970497536 100.00
    1    1505       Data/single  1611725275136 1073741824  1612799016960     984  1631044239360 100.00
    1    1506       Data/single  1612799016960 1073741824  1613872758784     985  1632117981184 100.00
    1    1507       Data/single  1613872758784 1073741824  1614946500608     986  1633191723008 100.00
    1    1508       Data/single  1614946500608 1073741824  1616020242432     987  1634265464832 100.00
    1    1509       Data/single  1616020242432 1073741824  1617093984256     988  1635339206656 100.00
    1    1510       Data/single  1617093984256 1073741824  1618167726080     989  1636412948480 100.00
    1    1511       Data/single  1618167726080 1073741824  1619241467904     990  1637486690304 100.00
    1    1512       Data/single  1619241467904 1073741824  1620315209728     991  1638560432128 100.00
    1    1513       Data/single  1620315209728 1073741824  1621388951552     992  1639634173952 100.00
    1    1514       Data/single  1621388951552 1073741824  1622462693376     993  1640707915776  99.91
    1    1515       Data/single  1622462693376 1073741824  1623536435200     994  1641781657600 100.00
    1    1516       Data/single  1623536435200 1073741824  1624610177024     995  1642855399424 100.00
    1    1517       Data/single  1624610177024 1073741824  1625683918848     996  1643929141248 100.00
    1    1518       Data/single  1625683918848 1073741824  1626757660672     997  1645002883072 100.00
    1    1519       Data/single  1626757660672 1073741824  1627831402496     998  1646076624896 100.00
    1    1520       Data/single  1627831402496 1073741824  1628905144320     999  1647150366720 100.00
    1    1521       Data/single  1628905144320 1073741824  1629978886144    1000  1648224108544 100.00
    1    1522       Data/single  1629978886144 1073741824  1631052627968    1001  1649297850368 100.00
    1    1523       Data/single  1631052627968 1073741824  1632126369792    1002  1650371592192 100.00
    1    1524       Data/single  1632126369792 1073741824  1633200111616    1003  1651445334016 100.00
    1    1525       Data/single  1633200111616 1073741824  1634273853440    1004  1652519075840 100.00
    1    1526       Data/single  1634273853440 1073741824  1635347595264    1005  1653592817664 100.00
    1    1527       Data/single  1635347595264 1073741824  1636421337088    1006  1654666559488 100.00
    1    1528       Data/single  1636421337088 1073741824  1637495078912    1007  1655740301312 100.00
    1    1529       Data/single  1637495078912 1073741824  1638568820736    1008  1656814043136 100.00
    1    1530       Data/single  1638568820736 1073741824  1639642562560    1009  1657887784960 100.00
    1    1531       Data/single  1639642562560 1073741824  1640716304384    1010  1658961526784 100.00
    1    1532       Data/single  1640716304384 1073741824  1641790046208    1011  1660035268608  99.99
    1    1533       Data/single  1641790046208 1073741824  1642863788032    1012  1661109010432  99.99
    1    1534       Data/single  1642863788032 1073741824  1643937529856    1013  1662182752256  99.97
    1    1535       Data/single  1643937529856 1073741824  1645011271680    1014  1663256494080 100.00
    1    1536       Data/single  1645011271680 1073741824  1646085013504    1015  1664330235904 100.00
    1    1537       Data/single  1646085013504 1073741824  1647158755328    1016  1665403977728 100.00
    1    1538       Data/single  1647158755328 1073741824  1648232497152    1017  1666477719552 100.00
    1    1539       Data/single  1648232497152 1073741824  1649306238976    1018  1667551461376  99.99
    1    1540       Data/single  1649306238976 1073741824  1650379980800    1019  1668625203200 100.00
    1    1541       Data/single  1650379980800 1073741824  1651453722624    1020  1669698945024 100.00
    1    1542       Data/single  1651453722624 1073741824  1652527464448    1021  1670772686848 100.00
    1    1543       Data/single  1652527464448 1073741824  1653601206272    1022  1671846428672  99.87
    1    1544       Data/single  1653601206272 1073741824  1654674948096    1023  1672920170496 100.00
    1    1545       Data/single  1654674948096 1073741824  1655748689920    1024  1673993912320 100.00
    1    1546       Data/single  1655748689920 1073741824  1656822431744    1025  1675067654144 100.00
    1    1547       Data/single  1656822431744 1073741824  1657896173568    1026  1676141395968 100.00
    1    1548       Data/single  1657896173568 1073741824  1658969915392    1027  1677215137792 100.00
    1    1549       Data/single  1658969915392 1073741824  1660043657216    1028  1678288879616 100.00
    1    1550       Data/single  1660043657216 1073741824  1661117399040    1029  1679362621440 100.00
    1    1551       Data/single  1661117399040 1073741824  1662191140864    1030  1680436363264 100.00
    1    1552       Data/single  1662191140864 1073741824  1663264882688    1031  1681510105088 100.00
    1    1553       Data/single  1663264882688 1073741824  1664338624512    1032  1682583846912 100.00
    1    1554       Data/single  1664338624512 1073741824  1665412366336    1033  1683657588736 100.00
    1    1555       Data/single  1665412366336 1073741824  1666486108160    1034  1684731330560 100.00
    1    1556       Data/single  1666486108160 1073741824  1667559849984    1035  1685805072384 100.00
    1    1557       Data/single  1667559849984 1073741824  1668633591808    1036  1686878814208 100.00
    1    1558       Data/single  1668633591808 1073741824  1669707333632    1037  1687952556032 100.00
    1    1559       Data/single  1669707333632 1073741824  1670781075456    1038  1689026297856 100.00
    1    1560       Data/single  1670781075456 1073741824  1671854817280    1039  1690100039680 100.00
    1    1561       Data/single  1671854817280 1073741824  1672928559104    1040  1691173781504 100.00
    1    1562       Data/single  1672928559104 1073741824  1674002300928    1041  1692247523328 100.00
    1    1563       Data/single  1674002300928 1073741824  1675076042752    1042  1693321265152 100.00
    1    1564       Data/single  1675076042752 1073741824  1676149784576    1043  1694395006976 100.00
    1    1565       Data/single  1676149784576 1073741824  1677223526400    1044  1695468748800 100.00
    1    1566       Data/single  1677223526400 1073741824  1678297268224    1045  1696542490624 100.00
    1    1567       Data/single  1678297268224 1073741824  1679371010048    1046  1697616232448 100.00
    1    1568       Data/single  1679371010048 1073741824  1680444751872    1047  1698689974272 100.00
    1    1569       Data/single  1680444751872 1073741824  1681518493696    1048  1699763716096 100.00
    1    1570       Data/single  1681518493696 1073741824  1682592235520    1049  1700837457920 100.00
    1    1571       Data/single  1682592235520 1073741824  1683665977344    1050  1701911199744 100.00
    1    1572       Data/single  1683665977344 1073741824  1684739719168    1051  1702984941568 100.00
    1    1573       Data/single  1684739719168 1073741824  1685813460992    1052  1704058683392 100.00
    1    1574       Data/single  1685813460992 1073741824  1686887202816    1053  1705132425216 100.00
    1    1575       Data/single  1686887202816 1073741824  1687960944640    1054  1706206167040 100.00
    1    1576       Data/single  1687960944640 1073741824  1689034686464    1055  1707279908864 100.00
    1    1577       Data/single  1689034686464 1073741824  1690108428288    1056  1708353650688 100.00
    1    1578       Data/single  1690108428288 1073741824  1691182170112    1057  1709427392512 100.00
    1    1579       Data/single  1691182170112 1073741824  1692255911936    1058  1710501134336 100.00
    1    1580       Data/single  1692255911936 1073741824  1693329653760    1059  1711574876160 100.00
    1    1581       Data/single  1693329653760 1073741824  1694403395584    1060  1712648617984 100.00
    1    1582       Data/single  1694403395584 1073741824  1695477137408    1061  1713722359808 100.00
    1    1583       Data/single  1695477137408 1073741824  1696550879232    1062  1714796101632 100.00
    1    1584       Data/single  1696550879232 1073741824  1697624621056    1063  1715869843456 100.00
    1    1585       Data/single  1697624621056 1073741824  1698698362880    1064  1716943585280 100.00
    1    1586       Data/single  1698698362880 1073741824  1699772104704    1065  1718017327104 100.00
    1    1587       Data/single  1699772104704 1073741824  1700845846528    1066  1719091068928 100.00
    1    1588       Data/single  1700845846528 1073741824  1701919588352    1067  1720164810752 100.00
    1    1589       Data/single  1701919588352 1073741824  1702993330176    1068  1721238552576 100.00
    1    1590       Data/single  1702993330176 1073741824  1704067072000    1069  1722312294400 100.00
    1    1591       Data/single  1704067072000 1073741824  1705140813824    1070  1723386036224 100.00
    1    1592       Data/single  1705140813824 1073741824  1706214555648    1071  1724459778048 100.00
    1    1593       Data/single  1706214555648 1073741824  1707288297472    1072  1725533519872 100.00
    1    1594       Data/single  1707288297472 1073741824  1708362039296    1073  1726607261696 100.00
    1    1595       Data/single  1708362039296 1073741824  1709435781120    1074  1727681003520 100.00
    1    1596       Data/single  1709435781120 1073741824  1710509522944    1075  1728754745344 100.00
    1    1597       Data/single  1710509522944 1073741824  1711583264768    1076  1729828487168 100.00
    1    1598       Data/single  1711583264768 1073741824  1712657006592    1077  1730902228992 100.00
    1    1599       Data/single  1712657006592 1073741824  1713730748416    1078  1731975970816 100.00
    1    1600       Data/single  1713730748416 1073741824  1714804490240    1079  1733049712640 100.00
    1    1601       Data/single  1714804490240 1073741824  1715878232064    1080  1734123454464 100.00
    1    1602       Data/single  1715878232064 1073741824  1716951973888    1081  1735197196288 100.00
    1    1603       Data/single  1716951973888 1073741824  1718025715712    1082  1736270938112 100.00
    1    1604       Data/single  1718025715712 1073741824  1719099457536    1083  1737344679936 100.00
    1    1605       Data/single  1719099457536 1073741824  1720173199360    1084  1738418421760 100.00
    1    1606       Data/single  1720173199360 1073741824  1721246941184    1085  1739492163584 100.00
    1    1607       Data/single  1721246941184 1073741824  1722320683008    1086  1740565905408 100.00
    1    1608       Data/single  1722320683008 1073741824  1723394424832    1087  1741639647232 100.00
    1    1609       Data/single  1723394424832 1073741824  1724468166656    1088  1742713389056 100.00
    1    1610       Data/single  1724468166656 1073741824  1725541908480    1089  1743787130880 100.00
    1    1611       Data/single  1725541908480 1073741824  1726615650304    1090  1744860872704 100.00
    1    1612       Data/single  1726615650304 1073741824  1727689392128    1091  1745934614528 100.00
    1    1613       Data/single  1727689392128 1073741824  1728763133952    1092  1747008356352 100.00
    1    1614       Data/single  1728763133952 1073741824  1729836875776    1093  1748082098176 100.00
    1    1615       Data/single  1729836875776 1073741824  1730910617600    1094  1749155840000 100.00
    1    1616       Data/single  1730910617600 1073741824  1731984359424    1095  1750229581824 100.00
    1    1617       Data/single  1731984359424 1073741824  1733058101248    1096  1751303323648  99.97
    1    1618       Data/single  1733058101248 1073741824  1734131843072    1097  1752377065472 100.00
    1    1619       Data/single  1734131843072 1073741824  1735205584896    1098  1753450807296 100.00
    1    1620       Data/single  1735205584896 1073741824  1736279326720    1099  1754524549120 100.00
    1    1621       Data/single  1736279326720 1073741824  1737353068544    1100  1755598290944 100.00
    1    1622       Data/single  1737353068544 1073741824  1738426810368    1101  1756672032768 100.00
    1    1623       Data/single  1738426810368 1073741824  1739500552192    1102  1757745774592 100.00
    1    1624       Data/single  1739500552192 1073741824  1740574294016    1103  1758819516416 100.00
    1    1625       Data/single  1740574294016 1073741824  1741648035840    1104  1759893258240 100.00
    1    1626       Data/single  1741648035840 1073741824  1742721777664    1105  1760967000064 100.00
    1    1627       Data/single  1742721777664 1073741824  1743795519488    1106  1762040741888 100.00
    1    1628       Data/single  1743795519488 1073741824  1744869261312    1107  1763114483712 100.00
    1    1629       Data/single  1744869261312 1073741824  1745943003136    1108  1764188225536 100.00
    1    1630       Data/single  1745943003136 1073741824  1747016744960    1109  1765261967360 100.00
    1    1631       Data/single  1747016744960 1073741824  1748090486784    1110  1766335709184 100.00
    1    1632       Data/single  1748090486784 1073741824  1749164228608    1111  1767409451008 100.00
    1    1633       Data/single  1749164228608 1073741824  1750237970432    1112  1768483192832 100.00
    1    1634       Data/single  1750237970432 1073741824  1751311712256    1113  1769556934656 100.00
    1    1635       Data/single  1751311712256 1073741824  1752385454080    1114  1770630676480 100.00
    1    1636       Data/single  1752385454080 1073741824  1753459195904    1115  1771704418304 100.00
    1    1637       Data/single  1753459195904 1073741824  1754532937728    1116  1772778160128 100.00
    1    1638       Data/single  1754532937728 1073741824  1755606679552    1117  1773851901952 100.00
    1    1639       Data/single  1755606679552 1073741824  1756680421376    1118  1774925643776 100.00
    1    1640       Data/single  1756680421376 1073741824  1757754163200    1119  1775999385600 100.00
    1    1641       Data/single  1757754163200 1073741824  1758827905024    1120  1777073127424 100.00
    1    1642       Data/single  1758827905024 1073741824  1759901646848    1121  1778146869248 100.00
    1    1643       Data/single  1759901646848 1073741824  1760975388672    1122  1779220611072 100.00
    1    1644       Data/single  1760975388672 1073741824  1762049130496    1123  1780294352896 100.00
    1    1645       Data/single  1762049130496 1073741824  1763122872320    1124  1781368094720 100.00
    1    1646       Data/single  1763122872320 1073741824  1764196614144    1125  1782441836544 100.00
    1    1647       Data/single  1764196614144 1073741824  1765270355968    1126  1783515578368 100.00
    1    1648       Data/single  1765270355968 1073741824  1766344097792    1127  1784589320192 100.00
    1    1649       Data/single  1766344097792 1073741824  1767417839616    1128  1785663062016 100.00
    1    1650       Data/single  1767417839616 1073741824  1768491581440    1129  1786736803840 100.00
    1    1651       Data/single  1768491581440 1073741824  1769565323264    1130  1787810545664 100.00
    1    1652       Data/single  1769565323264 1073741824  1770639065088    1131  1788884287488 100.00
    1    1653       Data/single  1770639065088 1073741824  1771712806912    1132  1789958029312 100.00
    1    1654       Data/single  1771712806912 1073741824  1772786548736    1133  1791031771136 100.00
    1    1655       Data/single  1772786548736 1073741824  1773860290560    1134  1792105512960 100.00
    1    1656       Data/single  1773860290560 1073741824  1774934032384    1135  1793179254784 100.00
    1    1657       Data/single  1774934032384 1073741824  1776007774208    1136  1794252996608 100.00
    1    1658       Data/single  1776007774208 1073741824  1777081516032    1137  1795326738432 100.00
    1    1659       Data/single  1777081516032 1073741824  1778155257856    1138  1796400480256 100.00
    1    1660       Data/single  1778155257856 1073741824  1779228999680    1139  1797474222080 100.00
    1    1661       Data/single  1779228999680 1073741824  1780302741504    1140  1798547963904 100.00
    1    1662       Data/single  1780302741504 1073741824  1781376483328    1141  1799621705728 100.00
    1    1663       Data/single  1781376483328 1073741824  1782450225152    1142  1800695447552 100.00
    1    1664       Data/single  1782450225152 1073741824  1783523966976    1143  1801769189376 100.00
    1    1665       Data/single  1783523966976 1073741824  1784597708800    1144  1802842931200 100.00
    1    1666       Data/single  1784597708800 1073741824  1785671450624    1145  1803916673024 100.00
    1    1667       Data/single  1785671450624 1073741824  1786745192448    1146  1804990414848 100.00
    1    1668       Data/single  1786745192448 1073741824  1787818934272    1147  1806064156672 100.00
    1    1669       Data/single  1787818934272 1073741824  1788892676096    1148  1807137898496 100.00
    1    1670       Data/single  1788892676096 1073741824  1789966417920    1149  1808211640320 100.00
    1    1671       Data/single  1789966417920 1073741824  1791040159744    1150  1809285382144 100.00
    1    1672       Data/single  1791040159744 1073741824  1792113901568    1151  1810359123968 100.00
    1    1673       Data/single  1792113901568 1073741824  1793187643392    1152  1811432865792 100.00
    1    1674       Data/single  1793187643392 1073741824  1794261385216    1153  1812506607616 100.00
    1    1675       Data/single  1794261385216 1073741824  1795335127040    1154  1813580349440 100.00
    1    1676       Data/single  1795335127040 1073741824  1796408868864    1155  1814654091264 100.00
    1    1677       Data/single  1796408868864 1073741824  1797482610688    1156  1815727833088 100.00
    1    1678       Data/single  1797482610688 1073741824  1798556352512    1157  1816801574912 100.00
    1    1679       Data/single  1798556352512 1073741824  1799630094336    1158  1817875316736 100.00
    1    1680       Data/single  1799630094336 1073741824  1800703836160    1159  1818949058560 100.00
    1    1681       Data/single  1800703836160 1073741824  1801777577984    1160  1820022800384 100.00
    1    1682       Data/single  1801777577984 1073741824  1802851319808    1161  1821096542208 100.00
    1    1683       Data/single  1802851319808 1073741824  1803925061632    1162  1822170284032 100.00
    1    1684       Data/single  1803925061632 1073741824  1804998803456    1163  1823244025856 100.00
    1    1685       Data/single  1804998803456 1073741824  1806072545280    1164  1824317767680 100.00
    1    1686       Data/single  1806072545280 1073741824  1807146287104    1165  1825391509504 100.00
    1    1687       Data/single  1807146287104 1073741824  1808220028928    1166  1826465251328 100.00
    1    1688       Data/single  1808220028928 1073741824  1809293770752    1167  1827538993152 100.00
    1    1689       Data/single  1809293770752 1073741824  1810367512576    1168  1828612734976 100.00
    1    1690       Data/single  1810367512576 1073741824  1811441254400    1169  1829686476800 100.00
    1    1691       Data/single  1811441254400 1073741824  1812514996224    1170  1830760218624 100.00
    1    1692       Data/single  1812514996224 1073741824  1813588738048    1171  1831833960448 100.00
    1    1693       Data/single  1813588738048 1073741824  1814662479872    1172  1832907702272 100.00
    1    1694       Data/single  1814662479872 1073741824  1815736221696    1173  1833981444096 100.00
    1    1695       Data/single  1815736221696 1073741824  1816809963520    1174  1835055185920 100.00
    1    1696       Data/single  1816809963520 1073741824  1817883705344    1175  1836128927744 100.00
    1    1697       Data/single  1817883705344 1073741824  1818957447168    1176  1837202669568 100.00
    1    1698       Data/single  1818957447168 1073741824  1820031188992    1177  1838276411392 100.00
    1    1699       Data/single  1820031188992 1073741824  1821104930816    1178  1839350153216 100.00
    1    1700       Data/single  1821104930816 1073741824  1822178672640    1179  1840423895040 100.00
    1    1701       Data/single  1822178672640 1073741824  1823252414464    1180  1841497636864 100.00
    1    1702       Data/single  1823252414464 1073741824  1824326156288    1181  1842571378688 100.00
    1    1703       Data/single  1824326156288 1073741824  1825399898112    1182  1843645120512 100.00
    1    1704       Data/single  1825399898112 1073741824  1826473639936    1183  1844718862336 100.00
    1    1705       Data/single  1826473639936 1073741824  1827547381760    1184  1845792604160 100.00
    1    1706       Data/single  1827547381760 1073741824  1828621123584    1185  1846866345984 100.00
    1    1707       Data/single  1828621123584 1073741824  1829694865408    1186  1847940087808 100.00
    1    1708       Data/single  1829694865408 1073741824  1830768607232    1187  1849013829632 100.00
    1    1709       Data/single  1830768607232 1073741824  1831842349056    1188  1850087571456 100.00
    1    1710       Data/single  1831842349056 1073741824  1832916090880    1189  1851161313280  99.96
    1    1711       Data/single  1832916090880 1073741824  1833989832704    1190  1852235055104 100.00
    1    1712       Data/single  1833989832704 1073741824  1835063574528    1191  1853308796928 100.00
    1    1713       Data/single  1835063574528 1073741824  1836137316352    1192  1854382538752 100.00
    1    1714       Data/single  1836137316352 1073741824  1837211058176    1193  1855456280576 100.00
    1    1715       Data/single  1837211058176 1073741824  1838284800000    1194  1856530022400 100.00
    1    1716       Data/single  1838284800000 1073741824  1839358541824    1195  1857603764224 100.00
    1    1717       Data/single  1839358541824 1073741824  1840432283648    1196  1858677506048 100.00
    1    1718       Data/single  1840432283648 1073741824  1841506025472    1197  1859751247872 100.00
    1    1719       Data/single  1841506025472 1073741824  1842579767296    1198  1860824989696 100.00
    1    1720       Data/single  1842579767296 1073741824  1843653509120    1199  1861898731520 100.00
    1    1721       Data/single  1843653509120 1073741824  1844727250944    1200  1862972473344 100.00
    1    1722       Data/single  1844727250944 1073741824  1845800992768    1201  1864046215168 100.00
    1    1723       Data/single  1845800992768 1073741824  1846874734592    1202  1865119956992 100.00
    1    1724       Data/single  1846874734592 1073741824  1847948476416    1203  1866193698816 100.00
    1    1725       Data/single  1847948476416 1073741824  1849022218240    1204  1867267440640 100.00
    1    1726       Data/single  1849022218240 1073741824  1850095960064    1205  1868341182464 100.00
    1    1727       Data/single  1850095960064 1073741824  1851169701888    1206  1869414924288 100.00
    1    1728       Data/single  1851169701888 1073741824  1852243443712    1207  1870488666112 100.00
    1    1729       Data/single  1852243443712 1073741824  1853317185536    1208  1871562407936 100.00
    1    1730       Data/single  1853317185536 1073741824  1854390927360    1209  1872636149760 100.00
    1    1731       Data/single  1854390927360 1073741824  1855464669184    1210  1873709891584 100.00
    1    1732       Data/single  1855464669184 1073741824  1856538411008    1211  1874783633408 100.00
    1    1733       Data/single  1856538411008 1073741824  1857612152832    1212  1875857375232 100.00
    1    1734       Data/single  1857612152832 1073741824  1858685894656    1213  1876931117056  99.86
    1    1735       Data/single  1858685894656 1073741824  1859759636480    1214  1878004858880 100.00
    1    1736       Data/single  1859759636480 1073741824  1860833378304    1215  1879078600704 100.00
    1    1737       Data/single  1860833378304 1073741824  1861907120128    1216  1880152342528 100.00
    1    1738       Data/single  1861907120128 1073741824  1862980861952    1217  1881226084352 100.00
    1    1739       Data/single  1862980861952 1073741824  1864054603776    1218  1882299826176 100.00
    1    1740       Data/single  1864054603776 1073741824  1865128345600    1219  1883373568000 100.00
    1    1741       Data/single  1865128345600 1073741824  1866202087424    1220  1884447309824 100.00
    1    1742       Data/single  1866202087424 1073741824  1867275829248    1221  1885521051648 100.00
    1    1743       Data/single  1867275829248 1073741824  1868349571072    1222  1886594793472 100.00
    1    1744       Data/single  1868349571072 1073741824  1869423312896    1223  1887668535296 100.00
    1    1745       Data/single  1869423312896 1073741824  1870497054720    1224  1888742277120 100.00
    1    1746       Data/single  1870497054720 1073741824  1871570796544    1225  1889816018944 100.00
    1    1747       Data/single  1871570796544 1073741824  1872644538368    1226  1890889760768 100.00
    1    1748       Data/single  1872644538368 1073741824  1873718280192    1227  1891963502592 100.00
    1    1749       Data/single  1873718280192 1073741824  1874792022016    1228  1893037244416 100.00
    1    1750       Data/single  1874792022016 1073741824  1875865763840    1229  1894110986240 100.00
    1    1751       Data/single  1875865763840 1073741824  1876939505664    1230  1895184728064 100.00
    1    1752       Data/single  1876939505664 1073741824  1878013247488    1231  1896258469888 100.00
    1    1753       Data/single  1878013247488 1073741824  1879086989312    1232  1897332211712 100.00
    1    1754       Data/single  1879086989312 1073741824  1880160731136    1233  1898405953536 100.00
    1    1755       Data/single  1880160731136 1073741824  1881234472960    1234  1899479695360 100.00
    1    1756       Data/single  1881234472960 1073741824  1882308214784    1235  1900553437184 100.00
    1    1757       Data/single  1882308214784 1073741824  1883381956608    1236  1901627179008 100.00
    1    1758       Data/single  1883381956608 1073741824  1884455698432    1237  1902700920832 100.00
    1    1759       Data/single  1884455698432 1073741824  1885529440256    1238  1903774662656 100.00
    1    1760       Data/single  1885529440256 1073741824  1886603182080    1239  1904848404480 100.00
    1    1761       Data/single  1886603182080 1073741824  1887676923904    1240  1905922146304 100.00
    1    1762       Data/single  1887676923904 1073741824  1888750665728    1241  1906995888128 100.00
    1    1763       Data/single  1888750665728 1073741824  1889824407552    1242  1908069629952 100.00
    1    1764       Data/single  1889824407552 1073741824  1890898149376    1243  1909143371776 100.00
    1    1765       Data/single  1890898149376 1073741824  1891971891200    1244  1910217113600 100.00
    1    1766       Data/single  1891971891200 1073741824  1893045633024    1245  1911290855424 100.00
    1    1767       Data/single  1893045633024 1073741824  1894119374848    1246  1912364597248 100.00
    1    1768       Data/single  1894119374848 1073741824  1895193116672    1247  1913438339072 100.00
    1    1769       Data/single  1895193116672 1073741824  1896266858496    1248  1914512080896 100.00
    1    1770       Data/single  1896266858496 1073741824  1897340600320    1249  1915585822720 100.00
    1    1771       Data/single  1897340600320 1073741824  1898414342144    1250  1916659564544 100.00
    1    1772       Data/single  1898414342144 1073741824  1899488083968    1251  1917733306368 100.00
    1    1773       Data/single  1899488083968 1073741824  1900561825792    1252  1918807048192 100.00
    1    1774       Data/single  1900561825792 1073741824  1901635567616    1253  1919880790016 100.00
    1    1775       Data/single  1901635567616 1073741824  1902709309440    1254  1920954531840 100.00
    1    1776       Data/single  1902709309440 1073741824  1903783051264    1255  1922028273664 100.00
    1    1777       Data/single  1903783051264 1073741824  1904856793088    1256  1923102015488 100.00
    1    1778       Data/single  1904856793088 1073741824  1905930534912    1257  1924175757312 100.00
    1    1779       Data/single  1905930534912 1073741824  1907004276736    1258  1925249499136 100.00
    1    1780       Data/single  1907004276736 1073741824  1908078018560    1259  1926323240960 100.00
    1    1781       Data/single  1908078018560 1073741824  1909151760384    1260  1927396982784 100.00
    1    1782       Data/single  1909151760384 1073741824  1910225502208    1261  1928470724608 100.00
    1    1783       Data/single  1910225502208 1073741824  1911299244032    1262  1929544466432 100.00
    1    1784       Data/single  1911299244032 1073741824  1912372985856    1263  1930618208256 100.00
    1    1785       Data/single  1912372985856 1073741824  1913446727680    1264  1931691950080 100.00
    1    1786       Data/single  1913446727680 1073741824  1914520469504    1265  1932765691904 100.00
    1    1787       Data/single  1914520469504 1073741824  1915594211328    1266  1933839433728 100.00
    1    1788       Data/single  1915594211328 1073741824  1916667953152    1267  1934913175552 100.00
    1    1789       Data/single  1916667953152 1073741824  1917741694976    1268  1935986917376 100.00
    1    1790       Data/single  1917741694976 1073741824  1918815436800    1269  1937060659200 100.00
    1    1791       Data/single  1918815436800 1073741824  1919889178624    1270  1938134401024 100.00
    1    1792       Data/single  1919889178624 1073741824  1920962920448    1271  1939208142848 100.00
    1    1793       Data/single  1920962920448 1073741824  1922036662272    1272  1940281884672 100.00
    1    1794       Data/single  1922036662272 1073741824  1923110404096    1273  1941355626496 100.00
    1    1795       Data/single  1923110404096 1073741824  1924184145920    1274  1942429368320 100.00
    1    1796       Data/single  1924184145920 1073741824  1925257887744    1275  1943503110144 100.00
    1    1797       Data/single  1925257887744 1073741824  1926331629568    1276  1944576851968 100.00
    1    1798       Data/single  1926331629568 1073741824  1927405371392    1277  1945650593792 100.00
    1    1799       Data/single  1927405371392 1073741824  1928479113216    1278  1946724335616 100.00
    1    1800       Data/single  1928479113216 1073741824  1929552855040    1279  1947798077440 100.00
    1    1801       Data/single  1929552855040 1073741824  1930626596864    1280  1948871819264 100.00
    1    1802       Data/single  1930626596864 1073741824  1931700338688    1281  1949945561088 100.00
    1    1803       Data/single  1931700338688 1073741824  1932774080512    1282  1951019302912 100.00
    1    1804       Data/single  1932774080512 1073741824  1933847822336    1283  1952093044736 100.00
    1    1805       Data/single  1933847822336 1073741824  1934921564160    1284  1953166786560 100.00
    1    1806       Data/single  1934921564160 1073741824  1935995305984    1285  1954240528384 100.00
    1    1807       Data/single  1935995305984 1073741824  1937069047808    1286  1955314270208 100.00
    1    1808       Data/single  1937069047808 1073741824  1938142789632    1287  1956388012032 100.00
    1    1809       Data/single  1938142789632 1073741824  1939216531456    1288  1957461753856 100.00
    1    1810       Data/single  1939216531456 1073741824  1940290273280    1289  1958535495680 100.00
    1    1811       Data/single  1940290273280 1073741824  1941364015104    1290  1959609237504 100.00
    1    1812       Data/single  1941364015104 1073741824  1942437756928    1291  1960682979328 100.00
    1    1813       Data/single  1942437756928 1073741824  1943511498752    1292  1961756721152 100.00
    1    1814       Data/single  1943511498752 1073741824  1944585240576    1293  1962830462976 100.00
    1    1815       Data/single  1944585240576 1073741824  1945658982400    1294  1963904204800 100.00
    1    1816       Data/single  1945658982400 1073741824  1946732724224    1295  1964977946624 100.00
    1    1817       Data/single  1946732724224 1073741824  1947806466048    1296  1966051688448 100.00
    1    1818       Data/single  1947806466048 1073741824  1948880207872    1297  1967125430272 100.00
    1    1819       Data/single  1948880207872 1073741824  1949953949696    1298  1968199172096 100.00
    1    1820       Data/single  1949953949696 1073741824  1951027691520    1299  1969272913920 100.00
    1    1821       Data/single  1951027691520 1073741824  1952101433344    1300  1970346655744 100.00
    1    1822       Data/single  1952101433344 1073741824  1953175175168    1301  1971420397568  99.99
    1    1823       Data/single  1953175175168 1073741824  1954248916992    1302  1972494139392 100.00
    1    1824       Data/single  1954248916992 1073741824  1955322658816    1303  1973567881216 100.00
    1    1825       Data/single  1955322658816 1073741824  1956396400640    1304  1974641623040 100.00
    1    1826       Data/single  1956396400640 1073741824  1957470142464    1305  1975715364864 100.00
    1    1827       Data/single  1957470142464 1073741824  1958543884288    1306  1976789106688 100.00
    1    1828       Data/single  1958543884288 1073741824  1959617626112    1307  1977862848512 100.00
    1    1829       Data/single  1959617626112 1073741824  1960691367936    1308  1978936590336 100.00
    1    1830       Data/single  1960691367936 1073741824  1961765109760    1309  1980010332160 100.00
    1    1831       Data/single  1961765109760 1073741824  1962838851584    1310  1981084073984 100.00
    1    1832       Data/single  1962838851584 1073741824  1963912593408    1311  1982157815808 100.00
    1    1833       Data/single  1963912593408 1073741824  1964986335232    1312  1983231557632 100.00
    1    1834       Data/single  1964986335232 1073741824  1966060077056    1313  1984305299456 100.00
    1    1835       Data/single  1966060077056 1073741824  1967133818880    1314  1985379041280 100.00
    1    1836       Data/single  1967133818880 1073741824  1968207560704    1315  1986452783104 100.00
    1    1837       Data/single  1968207560704 1073741824  1969281302528    1316  1987526524928 100.00
    1    1838       Data/single  1969281302528 1073741824  1970355044352    1317  1988600266752 100.00
    1    1839       Data/single  1970355044352 1073741824  1971428786176    1318  1989674008576 100.00
    1    1840       Data/single  1971428786176 1073741824  1972502528000    1319  1990747750400 100.00
    1    1841       Data/single  1972502528000 1073741824  1973576269824    1320  1991821492224 100.00
    1    1842       Data/single  1973576269824 1073741824  1974650011648    1321  1992895234048 100.00
    1    1843       Data/single  1974650011648 1073741824  1975723753472    1322  1993968975872 100.00
    1    1844       Data/single  1975723753472 1073741824  1976797495296    1323  1995042717696 100.00
    1    1845       Data/single  1976797495296 1073741824  1977871237120    1324  1996116459520 100.00
    1    1846       Data/single  1977871237120 1073741824  1978944978944    1325  1997190201344 100.00
    1    1847       Data/single  1978944978944 1073741824  1980018720768    1326  1998263943168 100.00
    1    1848       Data/single  1980018720768 1073741824  1981092462592    1327  1999337684992 100.00
    1    1849       Data/single  1981092462592 1073741824  1982166204416    1328  2000411426816 100.00
    1    1850       Data/single  1982166204416 1073741824  1983239946240    1329  2001485168640 100.00
    1    1851       Data/single  1983239946240 1073741824  1984313688064    1330  2002558910464 100.00
    1    1852       Data/single  1984313688064 1073741824  1985387429888    1331  2003632652288 100.00
    1    1853       Data/single  1985387429888 1073741824  1986461171712    1332  2004706394112  99.87
    1    1854       Data/single  1986461171712 1073741824  1987534913536    1333  2005780135936 100.00
    1    1855       Data/single  1987534913536 1073741824  1988608655360    1334  2006853877760 100.00
    1    1856       Data/single  1988608655360 1073741824  1989682397184    1335  2007927619584 100.00
    1    1857       Data/single  1989682397184 1073741824  1990756139008    1336  2009001361408 100.00
    1    1858       Data/single  1990756139008 1073741824  1991829880832    1337  2010075103232 100.00
    1    1859       Data/single  1991829880832 1073741824  1992903622656    1338  2011148845056 100.00
    1    1860       Data/single  1992903622656 1073741824  1993977364480    1339  2012222586880 100.00
    1    1861       Data/single  1993977364480 1073741824  1995051106304    1340  2013296328704 100.00
    1    1862       Data/single  1995051106304 1073741824  1996124848128    1341  2014370070528 100.00
    1    1863       Data/single  1996124848128 1073741824  1997198589952    1342  2015443812352 100.00
    1    1864       Data/single  1997198589952 1073741824  1998272331776    1343  2016517554176 100.00
    1    1865       Data/single  1998272331776 1073741824  1999346073600    1344  2017591296000 100.00
    1    1866       Data/single  1999346073600 1073741824  2000419815424    1345  2018665037824 100.00
    1    1867       Data/single  2000419815424 1073741824  2001493557248    1346  2019738779648 100.00
    1    1868       Data/single  2001493557248 1073741824  2002567299072    1347  2020812521472 100.00
    1    1869       Data/single  2002567299072 1073741824  2003641040896    1348  2021886263296 100.00
    1    1870       Data/single  2003641040896 1073741824  2004714782720    1349  2022960005120 100.00
    1    1871       Data/single  2004714782720 1073741824  2005788524544    1350  2024033746944 100.00
    1    1872       Data/single  2005788524544 1073741824  2006862266368    1351  2025107488768 100.00
    1    1873       Data/single  2006862266368 1073741824  2007936008192    1352  2026181230592 100.00
    1    1874       Data/single  2007936008192 1073741824  2009009750016    1353  2027254972416 100.00
    1    1875       Data/single  2009009750016 1073741824  2010083491840    1354  2028328714240 100.00
    1    1876       Data/single  2010083491840 1073741824  2011157233664    1355  2029402456064 100.00
    1    1877       Data/single  2011157233664 1073741824  2012230975488    1356  2030476197888 100.00
    1    1878       Data/single  2012230975488 1073741824  2013304717312    1357  2031549939712 100.00
    1    1879       Data/single  2013304717312 1073741824  2014378459136    1358  2032623681536 100.00
    1    1880       Data/single  2014378459136 1073741824  2015452200960    1359  2033697423360 100.00
    1    1881       Data/single  2015452200960 1073741824  2016525942784    1360  2034771165184 100.00
    1    1882       Data/single  2016525942784 1073741824  2017599684608    1361  2035844907008 100.00
    1    1883       Data/single  2017599684608 1073741824  2018673426432    1362  2036918648832 100.00
    1    1884       Data/single  2018673426432 1073741824  2019747168256    1363  2037992390656 100.00
    1    1885       Data/single  2019747168256 1073741824  2020820910080    1364  2039066132480 100.00
    1    1886       Data/single  2020820910080 1073741824  2021894651904    1365  2040139874304 100.00
    1    1887       Data/single  2021894651904 1073741824  2022968393728    1366  2041213616128 100.00
    1    1888       Data/single  2022968393728 1073741824  2024042135552    1367  2042287357952 100.00
    1    1889       Data/single  2024042135552 1073741824  2025115877376    1368  2043361099776 100.00
    1    1890       Data/single  2025115877376 1073741824  2026189619200    1369  2044434841600 100.00
    1    1891       Data/single  2026189619200 1073741824  2027263361024    1370  2045508583424 100.00
    1    1892       Data/single  2027263361024 1073741824  2028337102848    1371  2046582325248 100.00
    1    1893       Data/single  2028337102848 1073741824  2029410844672    1372  2047656067072 100.00
    1    1894       Data/single  2029410844672 1073741824  2030484586496    1373  2048729808896 100.00
    1    1895       Data/single  2030484586496 1073741824  2031558328320    1374  2049803550720 100.00
    1    1896       Data/single  2031558328320 1073741824  2032632070144    1375  2050877292544 100.00
    1    1897       Data/single  2032632070144 1073741824  2033705811968    1376  2051951034368 100.00
    1    1898       Data/single  2033705811968 1073741824  2034779553792    1377  2053024776192 100.00
    1    1899       Data/single  2034779553792 1073741824  2035853295616    1378  2054098518016 100.00
    1    1900       Data/single  2035853295616 1073741824  2036927037440    1379  2055172259840 100.00
    1    1901       Data/single  2036927037440 1073741824  2038000779264    1380  2056246001664 100.00
    1    1902       Data/single  2038000779264 1073741824  2039074521088    1381  2057319743488 100.00
    1    1903       Data/single  2039074521088 1073741824  2040148262912    1382  2058393485312 100.00
    1    1904       Data/single  2040148262912 1073741824  2041222004736    1383  2059467227136 100.00
    1    1905       Data/single  2041222004736 1073741824  2042295746560    1384  2060540968960 100.00
    1    1906       Data/single  2042295746560 1073741824  2043369488384    1385  2061614710784 100.00
    1    1907       Data/single  2043369488384 1073741824  2044443230208    1386  2062688452608 100.00
    1    1908       Data/single  2044443230208 1073741824  2045516972032    1387  2063762194432 100.00
    1    1909       Data/single  2045516972032 1073741824  2046590713856    1388  2064835936256 100.00
    1    1910       Data/single  2046590713856 1073741824  2047664455680    1389  2065909678080 100.00
    1    1911       Data/single  2047664455680 1073741824  2048738197504    1390  2066983419904 100.00
    1    1912       Data/single  2048738197504 1073741824  2049811939328    1391  2068057161728 100.00
    1    1913       Data/single  2049811939328 1073741824  2050885681152    1392  2069130903552 100.00
    1    1914       Data/single  2050885681152 1073741824  2051959422976    1393  2070204645376 100.00
    1    1915       Data/single  2051959422976 1073741824  2053033164800    1394  2071278387200 100.00
    1    1916       Data/single  2053033164800 1073741824  2054106906624    1395  2072352129024 100.00
    1    1917       Data/single  2054106906624 1073741824  2055180648448    1396  2073425870848 100.00
    1    1918       Data/single  2055180648448 1073741824  2056254390272    1397  2074499612672 100.00
    1    1919       Data/single  2056254390272 1073741824  2057328132096    1398  2075573354496 100.00
    1    1920       Data/single  2057328132096 1073741824  2058401873920    1399  2076647096320 100.00
    1    1921       Data/single  2058401873920 1073741824  2059475615744    1400  2077720838144 100.00
    1    1922       Data/single  2059475615744 1073741824  2060549357568    1401  2078794579968 100.00
    1    1923       Data/single  2060549357568 1073741824  2061623099392    1402  2079868321792 100.00
    1    1924       Data/single  2061623099392 1073741824  2062696841216    1403  2080942063616 100.00
    1    1925       Data/single  2062696841216 1073741824  2063770583040    1404  2082015805440 100.00
    1    1926       Data/single  2063770583040 1073741824  2064844324864    1405  2083089547264 100.00
    1    1927       Data/single  2064844324864 1073741824  2065918066688    1406  2084163289088 100.00
    1    1928       Data/single  2065918066688 1073741824  2066991808512    1407  2085237030912 100.00
    1    1929       Data/single  2066991808512 1073741824  2068065550336    1408  2086310772736 100.00
    1    1930       Data/single  2068065550336 1073741824  2069139292160    1409  2087384514560 100.00
    1    1931       Data/single  2069139292160 1073741824  2070213033984    1410  2088458256384 100.00
    1    1932       Data/single  2070213033984 1073741824  2071286775808    1411  2089531998208 100.00
    1    1933       Data/single  2071286775808 1073741824  2072360517632    1412  2090605740032 100.00
    1    1934       Data/single  2072360517632 1073741824  2073434259456    1413  2091679481856 100.00
    1    1935       Data/single  2073434259456 1073741824  2074508001280    1414  2092753223680 100.00
    1    1936       Data/single  2074508001280 1073741824  2075581743104    1415  2093826965504 100.00
    1    1937       Data/single  2075581743104 1073741824  2076655484928    1416  2094900707328 100.00
    1    1938       Data/single  2076655484928 1073741824  2077729226752    1417  2095974449152 100.00
    1    1939       Data/single  2077729226752 1073741824  2078802968576    1418  2097048190976 100.00
    1    1940       Data/single  2078802968576 1073741824  2079876710400    1419  2098121932800 100.00
    1    1941       Data/single  2079876710400 1073741824  2080950452224    1420  2099195674624 100.00
    1    1942       Data/single  2080950452224 1073741824  2082024194048    1421  2100269416448 100.00
    1    1943       Data/single  2082024194048 1073741824  2083097935872    1422  2101343158272 100.00
    1    1944       Data/single  2083097935872 1073741824  2084171677696    1423  2102416900096 100.00
    1    1945       Data/single  2084171677696 1073741824  2085245419520    1424  2103490641920 100.00
    1    1946       Data/single  2085245419520 1073741824  2086319161344    1425  2104564383744 100.00
    1    1947       Data/single  2086319161344 1073741824  2087392903168    1426  2105638125568 100.00
    1    1948       Data/single  2087392903168 1073741824  2088466644992    1427  2106711867392 100.00
    1    1949       Data/single  2088466644992 1073741824  2089540386816    1428  2107785609216 100.00
    1    1950       Data/single  2089540386816 1073741824  2090614128640    1429  2108859351040 100.00
    1    1951       Data/single  2090614128640 1073741824  2091687870464    1430  2109933092864 100.00
    1    1952       Data/single  2091687870464 1073741824  2092761612288    1431  2111006834688 100.00
    1    1953       Data/single  2092761612288 1073741824  2093835354112    1432  2112080576512 100.00
    1    1954       Data/single  2093835354112 1073741824  2094909095936    1433  2113154318336 100.00
    1    1955       Data/single  2094909095936 1073741824  2095982837760    1434  2114228060160 100.00
    1    1956       Data/single  2095982837760 1073741824  2097056579584    1435  2115301801984 100.00
    1    1957       Data/single  2097056579584 1073741824  2098130321408    1436  2116375543808 100.00
    1    1958       Data/single  2098130321408 1073741824  2099204063232    1437  2117449285632 100.00
    1    1959       Data/single  2099204063232 1073741824  2100277805056    1438  2118523027456 100.00
    1    1960       Data/single  2100277805056 1073741824  2101351546880    1439  2119596769280 100.00
    1    1961       Data/single  2101351546880 1073741824  2102425288704    1440  2120670511104 100.00
    1    1962       Data/single  2102425288704 1073741824  2103499030528    1441  2121744252928 100.00
    1    1963       Data/single  2103499030528 1073741824  2104572772352    1442  2122817994752 100.00
    1    1964       Data/single  2104572772352 1073741824  2105646514176    1443  2123891736576 100.00
    1    1965       Data/single  2105646514176 1073741824  2106720256000    1444  2124965478400 100.00
    1    1966       Data/single  2106720256000 1073741824  2107793997824    1445  2126039220224 100.00
    1    1967       Data/single  2107793997824 1073741824  2108867739648    1446  2127112962048 100.00
    1    1968       Data/single  2108867739648 1073741824  2109941481472    1447  2128186703872 100.00
    1    1969       Data/single  2109941481472 1073741824  2111015223296    1448  2129260445696 100.00
    1    1970       Data/single  2111015223296 1073741824  2112088965120    1449  2130334187520 100.00
    1    1971       Data/single  2112088965120 1073741824  2113162706944    1450  2131407929344 100.00
    1    1972       Data/single  2113162706944 1073741824  2114236448768    1451  2132481671168 100.00
    1    1973       Data/single  2114236448768 1073741824  2115310190592    1452  2133555412992 100.00
    1    1974       Data/single  2115310190592 1073741824  2116383932416    1453  2134629154816 100.00
    1    1975       Data/single  2116383932416 1073741824  2117457674240    1454  2135702896640 100.00
    1    1976       Data/single  2117457674240 1073741824  2118531416064    1455  2136776638464 100.00
    1    1977       Data/single  2118531416064 1073741824  2119605157888    1456  2137850380288  99.97
    1    1978       Data/single  2119605157888 1073741824  2120678899712    1457  2138924122112 100.00
    1    1979       Data/single  2120678899712 1073741824  2121752641536    1458  2139997863936 100.00
    1    1980       Data/single  2121752641536 1073741824  2122826383360    1459  2141071605760 100.00
    1    1981       Data/single  2122826383360 1073741824  2123900125184    1460  2142145347584 100.00
    1    1982       Data/single  2123900125184 1073741824  2124973867008    1461  2143219089408 100.00
    1    1983       Data/single  2124973867008 1073741824  2126047608832    1462  2144292831232 100.00
    1    1984       Data/single  2126047608832 1073741824  2127121350656    1463  2145366573056 100.00
    1    1985       Data/single  2127121350656 1073741824  2128195092480    1464  2146440314880 100.00
    1    1986       Data/single  2128195092480 1073741824  2129268834304    1465  2147514056704 100.00
    1    1987       Data/single  2129268834304 1073741824  2130342576128    1466  2148587798528 100.00
    1    1988       Data/single  2130342576128 1073741824  2131416317952    1467  2149661540352 100.00
    1    1989       Data/single  2131416317952 1073741824  2132490059776    1468  2150735282176 100.00
    1    1990       Data/single  2132490059776 1073741824  2133563801600    1469  2151809024000 100.00
    1    1991       Data/single  2133563801600 1073741824  2134637543424    1470  2152882765824 100.00
    1    1992       Data/single  2134637543424 1073741824  2135711285248    1471  2153956507648 100.00
    1    1993       Data/single  2135711285248 1073741824  2136785027072    1472  2155030249472 100.00
    1    1994       Data/single  2136785027072 1073741824  2137858768896    1473  2156103991296 100.00
    1    1995       Data/single  2137858768896 1073741824  2138932510720    1474  2157177733120 100.00
    1    1996       Data/single  2138932510720 1073741824  2140006252544    1475  2158251474944 100.00
    1    1997       Data/single  2140006252544 1073741824  2141079994368    1476  2159325216768 100.00
    1    1998       Data/single  2141079994368 1073741824  2142153736192    1477  2160398958592 100.00
    1    1999       Data/single  2142153736192 1073741824  2143227478016    1478  2161472700416 100.00
    1    2000       Data/single  2143227478016 1073741824  2144301219840    1479  2162546442240 100.00
    1    2001       Data/single  2144301219840 1073741824  2145374961664    1480  2163620184064 100.00
    1    2002       Data/single  2145374961664 1073741824  2146448703488    1481  2164693925888 100.00
    1    2003       Data/single  2146448703488 1073741824  2147522445312    1482  2165767667712 100.00
    1    2004       Data/single  2147522445312 1073741824  2148596187136    1483  2166841409536 100.00
    1    2005       Data/single  2148596187136 1073741824  2149669928960    1484  2167915151360 100.00
    1    2006       Data/single  2149669928960 1073741824  2150743670784    1485  2168988893184 100.00
    1    2007       Data/single  2150743670784 1073741824  2151817412608    1486  2170062635008 100.00
    1    2008       Data/single  2151817412608 1073741824  2152891154432    1487  2171136376832 100.00
    1    2009       Data/single  2152891154432 1073741824  2153964896256    1488  2172210118656 100.00
    1    2010       Data/single  2153964896256 1073741824  2155038638080    1489  2173283860480 100.00
    1    2011       Data/single  2155038638080 1073741824  2156112379904    1490  2174357602304 100.00
    1    2012       Data/single  2156112379904 1073741824  2157186121728    1491  2175431344128 100.00
    1    2013       Data/single  2157186121728 1073741824  2158259863552    1492  2176505085952 100.00
    1    2014       Data/single  2158259863552 1073741824  2159333605376    1493  2177578827776  99.85
    1    2015       Data/single  2159333605376 1073741824  2160407347200    1494  2178652569600 100.00
    1    2016       Data/single  2160407347200 1073741824  2161481089024    1495  2179726311424 100.00
    1    2017       Data/single  2161481089024 1073741824  2162554830848    1496  2180800053248 100.00
    1    2018       Data/single  2162554830848 1073741824  2163628572672    1497  2181873795072 100.00
    1    2019       Data/single  2163628572672 1073741824  2164702314496    1498  2182947536896 100.00
    1    2020       Data/single  2164702314496 1073741824  2165776056320    1499  2184021278720 100.00
    1    2021       Data/single  2165776056320 1073741824  2166849798144    1500  2185095020544 100.00
    1    2022       Data/single  2166849798144 1073741824  2167923539968    1501  2186168762368 100.00
    1    2023       Data/single  2167923539968 1073741824  2168997281792    1502  2187242504192 100.00
    1    2024       Data/single  2168997281792 1073741824  2170071023616    1503  2188316246016 100.00
    1    2025       Data/single  2170071023616 1073741824  2171144765440    1504  2189389987840 100.00
    1    2026       Data/single  2171144765440 1073741824  2172218507264    1505  2190463729664 100.00
    1    2027       Data/single  2172218507264 1073741824  2173292249088    1506  2191537471488 100.00
    1    2028       Data/single  2173292249088 1073741824  2174365990912    1507  2192611213312 100.00
    1    2029       Data/single  2174365990912 1073741824  2175439732736    1508  2193684955136 100.00
    1    2030       Data/single  2175439732736 1073741824  2176513474560    1509  2194758696960 100.00
    1    2031       Data/single  2176513474560 1073741824  2177587216384    1510  2195832438784 100.00
    1    2032       Data/single  2177587216384 1073741824  2178660958208    1511  2196906180608  99.81
    1    2033       Data/single  2178660958208 1073741824  2179734700032    1512  2197979922432 100.00
    1    2034       Data/single  2179734700032 1073741824  2180808441856    1513  2199053664256 100.00
    1    2035       Data/single  2180808441856 1073741824  2181882183680    1514  2200127406080 100.00
    1    2036       Data/single  2181882183680 1073741824  2182955925504    1515  2201201147904 100.00
    1    2037       Data/single  2182955925504 1073741824  2184029667328    1516  2202274889728 100.00
    1    2038       Data/single  2184029667328 1073741824  2185103409152    1517  2203348631552 100.00
    1    2039       Data/single  2185103409152 1073741824  2186177150976    1518  2204422373376 100.00
    1    2040       Data/single  2186177150976 1073741824  2187250892800    1519  2205496115200 100.00
    1    2041       Data/single  2187250892800 1073741824  2188324634624    1520  2206569857024 100.00
    1    2042       Data/single  2188324634624 1073741824  2189398376448    1521  2207643598848 100.00
    1    2043       Data/single  2189398376448 1073741824  2190472118272    1522  2208717340672 100.00
    1    2044       Data/single  2190472118272 1073741824  2191545860096    1523  2209791082496 100.00
    1    2045       Data/single  2191545860096 1073741824  2192619601920    1524  2210864824320 100.00
    1    2046       Data/single  2192619601920 1073741824  2193693343744    1525  2211938566144 100.00
    1    2047       Data/single  2193693343744 1073741824  2194767085568    1526  2213012307968 100.00
    1    2048       Data/single  2194767085568 1073741824  2195840827392    1527  2214086049792 100.00
    1    2049       Data/single  2195840827392 1073741824  2196914569216    1528  2215159791616 100.00
    1    2050       Data/single  2196914569216 1073741824  2197988311040    1529  2216233533440 100.00
    1    2051       Data/single  2197988311040 1073741824  2199062052864    1530  2217307275264 100.00
    1    2052       Data/single  2199062052864 1073741824  2200135794688    1531  2218381017088 100.00
    1    2053       Data/single  2200135794688 1073741824  2201209536512    1532  2219454758912 100.00
    1    2054       Data/single  2201209536512 1073741824  2202283278336    1533  2220528500736 100.00
    1    2055       Data/single  2202283278336 1073741824  2203357020160    1534  2221602242560 100.00
    1     930   Metadata/DUP      994323726336 1073741824   995397468160    1535  2222675984384  90.94
    1     931   Metadata/DUP      995397468160 1073741824   996471209984    1536  2222675984384  90.94
    1    2056       Data/single  2203357020160 1073741824  2204430761984    1537  2223749726208 100.00
    1    2057       Data/single  2204430761984 1073741824  2205504503808    1538  2224823468032 100.00
    1    2059       Data/single  2206578245632 1073741824  2207651987456    1539  2226970951680 100.00
    1    2064       Data/single  2211946954752 1073741824  2213020696576    1540  2232339660800  99.99
    1    2065       Data/single  2213020696576 1073741824  2214094438400    1541  2233413402624 100.00
    1    2066       Data/single  2214094438400 1073741824  2215168180224    1542  2234487144448 100.00
    1    2067       Data/single  2215168180224 1073741824  2216241922048    1543  2235560886272 100.00
    1    2068       Data/single  2216241922048 1073741824  2217315663872    1544  2236634628096 100.00
    1    2069       Data/single  2217315663872 1073741824  2218389405696    1545  2237708369920 100.00
    1    2070       Data/single  2218389405696 1073741824  2219463147520    1546  2238782111744 100.00
    1    2071       Data/single  2219463147520 1073741824  2220536889344    1547  2239855853568 100.00
    1    2072       Data/single  2220536889344 1073741824  2221610631168    1548  2240929595392 100.00
    1    2073       Data/single  2221610631168 1073741824  2222684372992    1549  2242003337216 100.00
    1    2074       Data/single  2222684372992 1073741824  2223758114816    1550  2243077079040 100.00
    1    2075       Data/single  2223758114816 1073741824  2224831856640    1551  2244150820864 100.00
    1    2076       Data/single  2224831856640 1073741824  2225905598464    1552  2245224562688 100.00
    1    2077       Data/single  2225905598464 1073741824  2226979340288    1553  2246298304512 100.00
    1    2078       Data/single  2226979340288 1073741824  2228053082112    1554  2247372046336 100.00
    1    2079       Data/single  2228053082112 1073741824  2229126823936    1555  2248445788160 100.00
    1    2080       Data/single  2229126823936 1073741824  2230200565760    1556  2249519529984 100.00
    1    2081       Data/single  2230200565760 1073741824  2231274307584    1557  2250593271808 100.00
    1    2082       Data/single  2231274307584 1073741824  2232348049408    1558  2251667013632 100.00
    1    2083       Data/single  2232348049408 1073741824  2233421791232    1559  2252740755456 100.00
    1    2084       Data/single  2233421791232 1073741824  2234495533056    1560  2253814497280 100.00
    1    2085       Data/single  2234495533056 1073741824  2235569274880    1561  2254888239104 100.00
    1    2086       Data/single  2235569274880 1073741824  2236643016704    1562  2255961980928 100.00
    1    2087       Data/single  2236643016704 1073741824  2237716758528    1563  2257035722752 100.00
    1    2088       Data/single  2237716758528 1073741824  2238790500352    1564  2258109464576 100.00
    1    2089       Data/single  2238790500352 1073741824  2239864242176    1565  2259183206400 100.00
    1    2090       Data/single  2239864242176 1073741824  2240937984000    1566  2260256948224 100.00
    1    2091       Data/single  2240937984000 1073741824  2242011725824    1567  2261330690048 100.00
    1    2092       Data/single  2242011725824 1073741824  2243085467648    1568  2262404431872 100.00
    1    2093       Data/single  2243085467648 1073741824  2244159209472    1569  2263478173696 100.00
    1    2094       Data/single  2244159209472 1073741824  2245232951296    1570  2264551915520 100.00
    1    2095       Data/single  2245232951296 1073741824  2246306693120    1571  2265625657344 100.00
    1    2096       Data/single  2246306693120 1073741824  2247380434944    1572  2266699399168 100.00
    1    2097       Data/single  2247380434944 1073741824  2248454176768    1573  2267773140992 100.00
    1    2098       Data/single  2248454176768 1073741824  2249527918592    1574  2268846882816 100.00
    1    2099       Data/single  2249527918592 1073741824  2250601660416    1575  2269920624640 100.00
    1    2100       Data/single  2250601660416 1073741824  2251675402240    1576  2270994366464 100.00
    1    2101       Data/single  2251675402240 1073741824  2252749144064    1577  2272068108288 100.00
    1    2102       Data/single  2252749144064 1073741824  2253822885888    1578  2273141850112 100.00
    1    2103       Data/single  2253822885888 1073741824  2254896627712    1579  2274215591936  99.99
    1    2104       Data/single  2254896627712 1073741824  2255970369536    1580  2275289333760  99.95
    1    2105       Data/single  2255970369536 1073741824  2257044111360    1581  2276363075584  99.96
    1    2106       Data/single  2257044111360 1073741824  2258117853184    1582  2277436817408  99.99
    1    2107       Data/single  2258117853184 1073741824  2259191595008    1583  2278510559232  99.96
    1    2108       Data/single  2259191595008 1073741824  2260265336832    1584  2279584301056  99.98
    1    2109       Data/single  2260265336832 1073741824  2261339078656    1585  2280658042880  99.96
    1    2110       Data/single  2261339078656 1073741824  2262412820480    1586  2281731784704  99.97
    1    2111       Data/single  2262412820480 1073741824  2263486562304    1587  2282805526528  99.96
    1    2112       Data/single  2263486562304 1073741824  2264560304128    1588  2283879268352  99.97
    1    2113       Data/single  2264560304128 1073741824  2265634045952    1589  2284953010176  99.99
    1    2114       Data/single  2265634045952 1073741824  2266707787776    1590  2286026752000  99.95
    1    2115       Data/single  2266707787776 1073741824  2267781529600    1591  2287100493824  99.95
    1    2116       Data/single  2267781529600 1073741824  2268855271424    1592  2288174235648  99.99
    1    2117       Data/single  2268855271424 1073741824  2269929013248    1593  2289247977472  99.97
    1    2118       Data/single  2269929013248 1073741824  2271002755072    1594  2290321719296  99.96
    1    2119       Data/single  2271002755072 1073741824  2272076496896    1595  2291395461120  99.98
    1    2120       Data/single  2272076496896 1073741824  2273150238720    1596  2292469202944  99.95
    1    2121       Data/single  2273150238720 1073741824  2274223980544    1597  2293542944768  99.95
    1    2122       Data/single  2274223980544 1073741824  2275297722368    1598  2294616686592  99.98
    1    2123       Data/single  2275297722368 1073741824  2276371464192    1599  2295690428416  99.98
    1    2124       Data/single  2276371464192 1073741824  2277445206016    1600  2296764170240 100.00
    1    2125       Data/single  2277445206016 1073741824  2278518947840    1601  2297837912064  99.97
    1    2126       Data/single  2278518947840 1073741824  2279592689664    1602  2298911653888  99.83
    1    2127       Data/single  2279592689664 1073741824  2280666431488    1603  2299985395712  99.80
    1    2128       Data/single  2280666431488 1073741824  2281740173312    1604  2301059137536  99.99
    1    2129       Data/single  2281740173312 1073741824  2282813915136    1605  2302132879360  99.97
    1    2130       Data/single  2282813915136 1073741824  2283887656960    1606  2303206621184  99.96
    1    2131       Data/single  2283887656960 1073741824  2284961398784    1607  2304280363008  99.99
    1    2132       Data/single  2284961398784 1073741824  2286035140608    1608  2305354104832  99.96
    1    2133       Data/single  2286035140608 1073741824  2287108882432    1609  2306427846656 100.00
    1    2134       Data/single  2287108882432 1073741824  2288182624256    1610  2307501588480  99.95
    1    2135       Data/single  2288182624256 1073741824  2289256366080    1611  2308575330304  99.98
    1    2136       Data/single  2289256366080 1073741824  2290330107904    1612  2309649072128  99.99
    1    2137       Data/single  2290330107904 1073741824  2291403849728    1613  2310722813952  99.99
    1    2138       Data/single  2291403849728 1073741824  2292477591552    1614  2311796555776  99.98
    1    2139       Data/single  2292477591552 1073741824  2293551333376    1615  2312870297600 100.00
    1    2140       Data/single  2293551333376 1073741824  2294625075200    1616  2313944039424  99.98
    1    2141       Data/single  2294625075200 1073741824  2295698817024    1617  2315017781248  99.98
    1    2142       Data/single  2295698817024 1073741824  2296772558848    1618  2316091523072 100.00
    1    2143       Data/single  2296772558848 1073741824  2297846300672    1619  2317165264896  99.95
    1    2144       Data/single  2297846300672 1073741824  2298920042496    1620  2318239006720  99.96
    1    2145       Data/single  2298920042496 1073741824  2299993784320    1621  2319312748544  99.96
    1    2146       Data/single  2299993784320 1073741824  2301067526144    1622  2320386490368  99.99
    1    2147       Data/single  2301067526144 1073741824  2302141267968    1623  2321460232192  99.81
    1    2148       Data/single  2302141267968 1073741824  2303215009792    1624  2322533974016  99.96
    1    2149       Data/single  2303215009792 1073741824  2304288751616    1625  2323607715840  99.98
    1    2150       Data/single  2304288751616 1073741824  2305362493440    1626  2324681457664  99.98
    1    2151       Data/single  2305362493440 1073741824  2306436235264    1627  2325755199488  99.96
    1    2152       Data/single  2306436235264 1073741824  2307509977088    1628  2326828941312  99.99
    1    2153       Data/single  2307509977088 1073741824  2308583718912    1629  2327902683136  99.84
    1    2154       Data/single  2308583718912 1073741824  2309657460736    1630  2328976424960  99.95
    1    2155       Data/single  2309657460736 1073741824  2310731202560    1631  2330050166784 100.00
    1    2156       Data/single  2310731202560 1073741824  2311804944384    1632  2331123908608 100.00
    1    2157       Data/single  2311804944384 1073741824  2312878686208    1633  2332197650432  99.97
    1    2158       Data/single  2312878686208 1073741824  2313952428032    1634  2333271392256  99.96
    1    2159       Data/single  2313952428032 1073741824  2315026169856    1635  2334345134080  99.97
    1    2160       Data/single  2315026169856 1073741824  2316099911680    1636  2335418875904  99.98
    1    2161       Data/single  2316099911680 1073741824  2317173653504    1637  2336492617728 100.00
    1    2162       Data/single  2317173653504 1073741824  2318247395328    1638  2337566359552  99.95
    1    2163       Data/single  2318247395328 1073741824  2319321137152    1639  2338640101376  99.96
    1    2164       Data/single  2319321137152 1073741824  2320394878976    1640  2339713843200  99.96
    1    2165       Data/single  2320394878976 1073741824  2321468620800    1641  2340787585024  99.97
    1    2166       Data/single  2321468620800 1073741824  2322542362624    1642  2341861326848  99.98
    1    2167       Data/single  2322542362624 1073741824  2323616104448    1643  2342935068672  99.96
    1    2168       Data/single  2323616104448 1073741824  2324689846272    1644  2344008810496  99.98
    1    2169       Data/single  2324689846272 1073741824  2325763588096    1645  2345082552320 100.00
    1    2170       Data/single  2325763588096 1073741824  2326837329920    1646  2346156294144  99.98
    1    2171       Data/single  2326837329920 1073741824  2327911071744    1647  2347230035968  99.98
    1    2172       Data/single  2327911071744 1073741824  2328984813568    1648  2348303777792  99.96
    1    2173       Data/single  2328984813568 1073741824  2330058555392    1649  2349377519616  99.96
    1    2174       Data/single  2330058555392 1073741824  2331132297216    1650  2350451261440  99.99
    1    2175       Data/single  2331132297216 1073741824  2332206039040    1651  2351525003264  99.98
    1    2176       Data/single  2332206039040 1073741824  2333279780864    1652  2352598745088  99.95
    1    2177       Data/single  2333279780864 1073741824  2334353522688    1653  2353672486912 100.00
    1    2178       Data/single  2334353522688 1073741824  2335427264512    1654  2354746228736  99.96
    1    2179       Data/single  2335427264512 1073741824  2336501006336    1655  2355819970560  99.98
    1    2180       Data/single  2336501006336 1073741824  2337574748160    1656  2356893712384  99.97
    1    2181       Data/single  2337574748160 1073741824  2338648489984    1657  2357967454208  99.95
    1    2182       Data/single  2338648489984 1073741824  2339722231808    1658  2359041196032  99.96
    1    2183       Data/single  2339722231808 1073741824  2340795973632    1659  2360114937856  99.99
    1    2184       Data/single  2340795973632 1073741824  2341869715456    1660  2361188679680  99.98
    1    2185       Data/single  2341869715456 1073741824  2342943457280    1661  2362262421504 100.00
    1    2186       Data/single  2342943457280 1073741824  2344017199104    1662  2363336163328  99.98
    1    2187       Data/single  2344017199104 1073741824  2345090940928    1663  2364409905152  99.98
    1    2188       Data/single  2345090940928 1073741824  2346164682752    1664  2365483646976  99.83
    1    2189       Data/single  2346164682752 1073741824  2347238424576    1665  2366557388800  99.99
    1    2190       Data/single  2347238424576 1073741824  2348312166400    1666  2367631130624  99.90
    1    2191       Data/single  2348312166400 1073741824  2349385908224    1667  2368704872448 100.00
    1    2192       Data/single  2349385908224 1073741824  2350459650048    1668  2369778614272  99.96
    1    2193       Data/single  2350459650048 1073741824  2351533391872    1669  2370852356096  99.96
    1    2194       Data/single  2351533391872 1073741824  2352607133696    1670  2371926097920  99.97
    1    2195       Data/single  2352607133696 1073741824  2353680875520    1671  2372999839744  99.98
    1    2196       Data/single  2353680875520 1073741824  2354754617344    1672  2374073581568  99.97
    1    2197       Data/single  2354754617344 1073741824  2355828359168    1673  2375147323392  99.99
    1    2198       Data/single  2355828359168 1073741824  2356902100992    1674  2376221065216 100.00
    1    2199       Data/single  2356902100992 1073741824  2357975842816    1675  2377294807040  99.98
    1    2200       Data/single  2357975842816 1073741824  2359049584640    1676  2378368548864  99.96
    1    2201       Data/single  2359049584640 1073741824  2360123326464    1677  2379442290688  99.99
    1    2202       Data/single  2360123326464 1073741824  2361197068288    1678  2380516032512  99.96
    1    2203       Data/single  2361197068288 1073741824  2362270810112    1679  2381589774336  99.95
    1    2204       Data/single  2362270810112 1073741824  2363344551936    1680  2382663516160  99.98
    1    2205       Data/single  2363344551936 1073741824  2364418293760    1681  2383737257984  99.97
    1    2206       Data/single  2364418293760 1073741824  2365492035584    1682  2384810999808 100.00
    1    2207       Data/single  2365492035584 1073741824  2366565777408    1683  2385884741632  99.96
    1    2208       Data/single  2366565777408 1073741824  2367639519232    1684  2386958483456  99.96
    1    2209       Data/single  2367639519232 1073741824  2368713261056    1685  2388032225280  99.96
    1    2210       Data/single  2368713261056 1073741824  2369787002880    1686  2389105967104  99.98
    1    2211       Data/single  2369787002880 1073741824  2370860744704    1687  2390179708928  99.86
    1    2212       Data/single  2370860744704 1073741824  2371934486528    1688  2391253450752  99.99
    1    2213       Data/single  2371934486528 1073741824  2373008228352    1689  2392327192576  99.97
    1    2214       Data/single  2373008228352 1073741824  2374081970176    1690  2393400934400  99.98
    1    2215       Data/single  2374081970176 1073741824  2375155712000    1691  2394474676224  99.97
    1    2216       Data/single  2375155712000 1073741824  2376229453824    1692  2395548418048  99.96
    1    2217       Data/single  2376229453824 1073741824  2377303195648    1693  2396622159872  99.96
    1    2218       Data/single  2377303195648 1073741824  2378376937472    1694  2397695901696  99.98
    1    2219       Data/single  2378376937472 1073741824  2379450679296    1695  2398769643520  99.97
    1    2220       Data/single  2379450679296 1073741824  2380524421120    1696  2399843385344 100.00
    1    2221       Data/single  2380524421120 1073741824  2381598162944    1697  2400917127168 100.00
    1    2222       Data/single  2381598162944 1073741824  2382671904768    1698  2401990868992  99.96
    1    2223       Data/single  2382671904768 1073741824  2383745646592    1699  2403064610816  99.96
    1    2224       Data/single  2383745646592 1073741824  2384819388416    1700  2404138352640  99.96
    1    2225       Data/single  2384819388416 1073741824  2385893130240    1701  2405212094464  99.97
    1    2226       Data/single  2385893130240 1073741824  2386966872064    1702  2406285836288  99.95
    1    2227       Data/single  2386966872064 1073741824  2388040613888    1703  2407359578112  99.99
    1    2228       Data/single  2388040613888 1073741824  2389114355712    1704  2408433319936  99.96
    1    2229       Data/single  2389114355712 1073741824  2390188097536    1705  2409507061760  99.86
    1    2230       Data/single  2390188097536 1073741824  2391261839360    1706  2410580803584  99.99
    1    2231       Data/single  2391261839360 1073741824  2392335581184    1707  2411654545408  99.97
    1    2232       Data/single  2392335581184 1073741824  2393409323008    1708  2412728287232 100.00
    1    2233       Data/single  2393409323008 1073741824  2394483064832    1709  2413802029056  99.82
    1    2234       Data/single  2394483064832 1073741824  2395556806656    1710  2414875770880  99.95
    1    2235       Data/single  2395556806656 1073741824  2396630548480    1711  2415949512704  99.91
    1    2236       Data/single  2396630548480 1073741824  2397704290304    1712  2417023254528  99.95
    1    2237       Data/single  2397704290304 1073741824  2398778032128    1713  2418096996352  99.97
    1    2238       Data/single  2398778032128 1073741824  2399851773952    1714  2419170738176  99.98
    1    2239       Data/single  2399851773952 1073741824  2400925515776    1715  2420244480000 100.00
    1    2240       Data/single  2400925515776 1073741824  2401999257600    1716  2421318221824  99.99
    1    2241       Data/single  2401999257600 1073741824  2403072999424    1717  2422391963648  99.96
    1    2242       Data/single  2403072999424 1073741824  2404146741248    1718  2423465705472 100.00
    1    2243       Data/single  2404146741248 1073741824  2405220483072    1719  2424539447296 100.00
    1    2244       Data/single  2405220483072 1073741824  2406294224896    1720  2425613189120 100.00
    1    2245       Data/single  2406294224896 1073741824  2407367966720    1721  2426686930944  99.97
    1    2246       Data/single  2407367966720 1073741824  2408441708544    1722  2427760672768  99.99
    1    2247       Data/single  2408441708544 1073741824  2409515450368    1723  2428834414592 100.00
    1    2248       Data/single  2409515450368 1073741824  2410589192192    1724  2429908156416  99.96
    1    2249       Data/single  2410589192192 1073741824  2411662934016    1725  2430981898240  99.91
    1    2250       Data/single  2411662934016 1073741824  2412736675840    1726  2432055640064 100.00
    1    2251       Data/single  2412736675840 1073741824  2413810417664    1727  2433129381888  99.85
    1    2252       Data/single  2413810417664 1073741824  2414884159488    1728  2434203123712  99.92
    1    2253       Data/single  2414884159488 1073741824  2415957901312    1729  2435276865536  99.98
    1    2254       Data/single  2415957901312 1073741824  2417031643136    1730  2436350607360 100.00
    1    2255       Data/single  2417031643136 1073741824  2418105384960    1731  2437424349184  99.99
    1    2256       Data/single  2418105384960 1073741824  2419179126784    1732  2438498091008  99.97
    1    2257       Data/single  2419179126784 1073741824  2420252868608    1733  2439571832832  99.95
    1    2258       Data/single  2420252868608 1073741824  2421326610432    1734  2440645574656  99.97
    1    2259       Data/single  2421326610432 1073741824  2422400352256    1735  2441719316480  99.99
    1    2260       Data/single  2422400352256 1073741824  2423474094080    1736  2442793058304  99.80
    1    2261       Data/single  2423474094080 1073741824  2424547835904    1737  2443866800128  99.87
    1    2262       Data/single  2424547835904 1073741824  2425621577728    1738  2444940541952 100.00
    1    2263       Data/single  2425621577728 1073741824  2426695319552    1739  2446014283776  99.96
    1    2264       Data/single  2426695319552 1073741824  2427769061376    1740  2447088025600 100.00
    1    2265       Data/single  2427769061376 1073741824  2428842803200    1741  2448161767424  99.81
    1    2266       Data/single  2428842803200 1073741824  2429916545024    1742  2449235509248 100.00
    1    2267       Data/single  2429916545024 1073741824  2430990286848    1743  2450309251072  99.96
    1    2268       Data/single  2430990286848 1073741824  2432064028672    1744  2451382992896  99.94
    1    2269       Data/single  2432064028672 1073741824  2433137770496    1745  2452456734720  99.89
    1    2270       Data/single  2433137770496 1073741824  2434211512320    1746  2453530476544  99.99
    1    2271       Data/single  2434211512320 1073741824  2435285254144    1747  2454604218368 100.00
    1    2272       Data/single  2435285254144 1073741824  2436358995968    1748  2455677960192  99.99
    1    2273       Data/single  2436358995968 1073741824  2437432737792    1749  2456751702016  99.97
    1    2274       Data/single  2437432737792 1073741824  2438506479616    1750  2457825443840  99.93
    1    2275       Data/single  2438506479616 1073741824  2439580221440    1751  2458899185664  99.97
    1    2276       Data/single  2439580221440 1073741824  2440653963264    1752  2459972927488  99.99
    1    2277       Data/single  2440653963264 1073741824  2441727705088    1753  2461046669312  99.99
    1    2278       Data/single  2441727705088 1073741824  2442801446912    1754  2462120411136 100.00
    1    2279       Data/single  2442801446912 1073741824  2443875188736    1755  2463194152960 100.00
    1    2280       Data/single  2443875188736 1073741824  2444948930560    1756  2464267894784  99.99
    1    2281       Data/single  2444948930560 1073741824  2446022672384    1757  2465341636608  99.99
    1    2282       Data/single  2446022672384 1073741824  2447096414208    1758  2466415378432 100.00
    1    2283       Data/single  2447096414208 1073741824  2448170156032    1759  2467489120256  99.89
    1    2284       Data/single  2448170156032 1073741824  2449243897856    1760  2468562862080  99.97
    1    2285       Data/single  2449243897856 1073741824  2450317639680    1761  2469636603904  99.83
    1    2286       Data/single  2450317639680 1073741824  2451391381504    1762  2470710345728 100.00
    1    2287       Data/single  2451391381504 1073741824  2452465123328    1763  2471784087552 100.00
    1    2288       Data/single  2452465123328 1073741824  2453538865152    1764  2472857829376  99.86
    1    2289       Data/single  2453538865152 1073741824  2454612606976    1765  2473931571200 100.00
    1    2290       Data/single  2454612606976 1073741824  2455686348800    1766  2475005313024  99.98
    1    2291       Data/single  2455686348800 1073741824  2456760090624    1767  2476079054848  99.92
    1    2292       Data/single  2456760090624 1073741824  2457833832448    1768  2477152796672 100.00
    1    2293       Data/single  2457833832448 1073741824  2458907574272    1769  2478226538496 100.00
    1    2294       Data/single  2458907574272 1073741824  2459981316096    1770  2479300280320  99.99
    1    2295       Data/single  2459981316096 1073741824  2461055057920    1771  2480374022144  99.92
    1    2296       Data/single  2461055057920 1073741824  2462128799744    1772  2481447763968  99.80
    1    2297       Data/single  2462128799744 1073741824  2463202541568    1773  2482521505792  99.87
    1    2298       Data/single  2463202541568 1073741824  2464276283392    1774  2483595247616  99.80
    1    2299       Data/single  2464276283392 1073741824  2465350025216    1775  2484668989440  99.80
    1    2300       Data/single  2465350025216 1073741824  2466423767040    1776  2485742731264  99.80
    1    2301       Data/single  2466423767040 1073741824  2467497508864    1777  2486816473088  99.80
    1    2302       Data/single  2467497508864 1073741824  2468571250688    1778  2487890214912  99.98
    1    2303       Data/single  2468571250688 1073741824  2469644992512    1779  2488963956736  99.98
    1    2304       Data/single  2469644992512 1073741824  2470718734336    1780  2490037698560 100.00
    1    2305       Data/single  2470718734336 1073741824  2471792476160    1781  2491111440384  99.96
    1    2306       Data/single  2471792476160 1073741824  2472866217984    1782  2492185182208 100.00
    1    2307       Data/single  2472866217984 1073741824  2473939959808    1783  2493258924032  99.95
    1    2308       Data/single  2473939959808 1073741824  2475013701632    1784  2494332665856  99.97
    1    2309       Data/single  2475013701632 1073741824  2476087443456    1785  2495406407680 100.00
    1    2310       Data/single  2476087443456 1073741824  2477161185280    1786  2496480149504  99.97
    1    2311       Data/single  2477161185280 1073741824  2478234927104    1787  2497553891328  99.99
    1    2312       Data/single  2478234927104 1073741824  2479308668928    1788  2498627633152  99.98
    1    2313       Data/single  2479308668928 1073741824  2480382410752    1789  2499701374976  99.99
    1    2314       Data/single  2480382410752 1073741824  2481456152576    1790  2500775116800  99.85
    1    2315       Data/single  2481456152576 1073741824  2482529894400    1791  2501848858624  99.99
    1    2316       Data/single  2482529894400 1073741824  2483603636224    1792  2502922600448  99.96
    1    2317       Data/single  2483603636224 1073741824  2484677378048    1793  2503996342272  99.85
    1    2318       Data/single  2484677378048 1073741824  2485751119872    1794  2505070084096  99.97
    1    2319       Data/single  2485751119872 1073741824  2486824861696    1795  2506143825920  99.98
    1    2320       Data/single  2486824861696 1073741824  2487898603520    1796  2507217567744  99.96
    1    2321       Data/single  2487898603520 1073741824  2488972345344    1797  2508291309568  99.97
    1    2322       Data/single  2488972345344 1073741824  2490046087168    1798  2509365051392  99.98
    1    2323       Data/single  2490046087168 1073741824  2491119828992    1799  2510438793216  99.99
    1    2324       Data/single  2491119828992 1073741824  2492193570816    1800  2511512535040  99.98
    1    2325       Data/single  2492193570816 1073741824  2493267312640    1801  2512586276864  99.99
    1    2326       Data/single  2493267312640 1073741824  2494341054464    1802  2513660018688  99.97
    1    2327       Data/single  2494341054464 1073741824  2495414796288    1803  2514733760512  99.99
    1    2328       Data/single  2495414796288 1073741824  2496488538112    1804  2515807502336 100.00
    1    2329       Data/single  2496488538112 1073741824  2497562279936    1805  2516881244160  99.96
    1    2330       Data/single  2497562279936 1073741824  2498636021760    1806  2517954985984  99.96
    1    2331       Data/single  2498636021760 1073741824  2499709763584    1807  2519028727808 100.00
    1    2332       Data/single  2499709763584 1073741824  2500783505408    1808  2520102469632  99.97
    1    2333       Data/single  2500783505408 1073741824  2501857247232    1809  2521176211456 100.00
    1    2334       Data/single  2501857247232 1073741824  2502930989056    1810  2522249953280 100.00
    1    2335       Data/single  2502930989056 1073741824  2504004730880    1811  2523323695104  99.99
    1    2336       Data/single  2504004730880 1073741824  2505078472704    1812  2524397436928 100.00
    1    2337       Data/single  2505078472704 1073741824  2506152214528    1813  2525471178752 100.00
    1    2338       Data/single  2506152214528 1073741824  2507225956352    1814  2526544920576  99.95
    1    2339       Data/single  2507225956352 1073741824  2508299698176    1815  2527618662400 100.00
    1    2340       Data/single  2508299698176 1073741824  2509373440000    1816  2528692404224  99.98
    1    2341       Data/single  2509373440000 1073741824  2510447181824    1817  2529766146048  99.98
    1    2342       Data/single  2510447181824 1073741824  2511520923648    1818  2530839887872  99.98
    1    2343       Data/single  2511520923648 1073741824  2512594665472    1819  2531913629696  99.98
    1    2344       Data/single  2512594665472 1073741824  2513668407296    1820  2532987371520  99.99
    1    2345       Data/single  2513668407296 1073741824  2514742149120    1821  2534061113344  99.98
    1    2346       Data/single  2514742149120 1073741824  2515815890944    1822  2535134855168  99.96
    1    2347       Data/single  2515815890944 1073741824  2516889632768    1823  2536208596992  99.98
    1    2348       Data/single  2516889632768 1073741824  2517963374592    1824  2537282338816 100.00
    1    2349       Data/single  2517963374592 1073741824  2519037116416    1825  2538356080640  99.95
    1    2350       Data/single  2519037116416 1073741824  2520110858240    1826  2539429822464 100.00
    1    2351       Data/single  2520110858240 1073741824  2521184600064    1827  2540503564288  99.98
    1    2352       Data/single  2521184600064 1073741824  2522258341888    1828  2541577306112  99.99
    1    2353       Data/single  2522258341888 1073741824  2523332083712    1829  2542651047936  99.96
    1    2354       Data/single  2523332083712 1073741824  2524405825536    1830  2543724789760  99.95
    1    2355       Data/single  2524405825536 1073741824  2525479567360    1831  2544798531584  99.10
    1    2356       Data/single  2525479567360 1073741824  2526553309184    1832  2545872273408  99.96
    1    2357       Data/single  2526553309184 1073741824  2527627051008    1833  2546946015232 100.00
    1    2358       Data/single  2527627051008 1073741824  2528700792832    1834  2548019757056  99.88
    1    2359       Data/single  2528700792832 1073741824  2529774534656    1835  2549093498880 100.00
    1    2360       Data/single  2529774534656 1073741824  2530848276480    1836  2550167240704  99.95
    1    2361       Data/single  2530848276480 1073741824  2531922018304    1837  2551240982528  99.96
    1    2362       Data/single  2531922018304 1073741824  2532995760128    1838  2552314724352  99.58
    1    2363       Data/single  2532995760128 1073741824  2534069501952    1839  2553388466176 100.00
    1    2364       Data/single  2534069501952 1073741824  2535143243776    1840  2554462208000  99.99
    1    2365       Data/single  2535143243776 1073741824  2536216985600    1841  2555535949824  99.81
    1    2366       Data/single  2536216985600 1073741824  2537290727424    1842  2556609691648  99.79
    1    2367       Data/single  2537290727424 1073741824  2538364469248    1843  2557683433472 100.00
    1    2368       Data/single  2538364469248 1073741824  2539438211072    1844  2558757175296  99.84
    1    2369       Data/single  2539438211072 1073741824  2540511952896    1845  2559830917120  99.99
    1    2370       Data/single  2540511952896 1073741824  2541585694720    1846  2560904658944  99.95
    1    2371       Data/single  2541585694720 1073741824  2542659436544    1847  2561978400768  99.97
    1    2372       Data/single  2542659436544 1073741824  2543733178368    1848  2563052142592  99.98
    1    2373       Data/single  2543733178368 1073741824  2544806920192    1849  2564125884416 100.00
    1    2374       Data/single  2544806920192 1073741824  2545880662016    1850  2565199626240 100.00
    1    2375       Data/single  2545880662016 1073741824  2546954403840    1851  2566273368064  99.77
    1    2376       Data/single  2546954403840 1073741824  2548028145664    1852  2567347109888  99.97
    1    2377       Data/single  2548028145664 1073741824  2549101887488    1853  2568420851712  99.97
    1    2378       Data/single  2549101887488 1073741824  2550175629312    1854  2569494593536  99.51
    1    2379       Data/single  2550175629312 1073741824  2551249371136    1855  2570568335360  99.97
    1    2380       Data/single  2551249371136 1073741824  2552323112960    1856  2571642077184  99.95
    1    2381       Data/single  2552323112960 1073741824  2553396854784    1857  2572715819008  99.97
    1    2382       Data/single  2553396854784 1073741824  2554470596608    1858  2573789560832  99.99
    1    2383       Data/single  2554470596608 1073741824  2555544338432    1859  2574863302656  99.98
    1    2384       Data/single  2555544338432 1073741824  2556618080256    1860  2575937044480 100.00
    1    2385       Data/single  2556618080256 1073741824  2557691822080    1861  2577010786304  99.96
    1    2386       Data/single  2557691822080 1073741824  2558765563904    1862  2578084528128 100.00
    1    2387       Data/single  2558765563904 1073741824  2559839305728    1863  2579158269952  99.96
    1    2388       Data/single  2559839305728 1073741824  2560913047552    1864  2580232011776  99.96
    1    2389       Data/single  2560913047552 1073741824  2561986789376    1865  2581305753600 100.00
    1    2390       Data/single  2561986789376 1073741824  2563060531200    1866  2582379495424  99.98
    1    2391       Data/single  2563060531200 1073741824  2564134273024    1867  2583453237248  99.96
    1    2392       Data/single  2564134273024 1073741824  2565208014848    1868  2584526979072  99.97
    1    2393       Data/single  2565208014848 1073741824  2566281756672    1869  2585600720896  99.97
    1    2394       Data/single  2566281756672 1073741824  2567355498496    1870  2586674462720  99.96
    1    2395       Data/single  2567355498496 1073741824  2568429240320    1871  2587748204544 100.00
    1    2396       Data/single  2568429240320 1073741824  2569502982144    1872  2588821946368  99.98
    1    2397       Data/single  2569502982144 1073741824  2570576723968    1873  2589895688192  99.98
    1    2398       Data/single  2570576723968 1073741824  2571650465792    1874  2590969430016  99.98
    1    2399       Data/single  2571650465792 1073741824  2572724207616    1875  2592043171840  99.96
    1    2400       Data/single  2572724207616 1073741824  2573797949440    1876  2593116913664  99.98
    1    2401       Data/single  2573797949440 1073741824  2574871691264    1877  2594190655488  99.99
    1    2402       Data/single  2574871691264 1073741824  2575945433088    1878  2595264397312  99.78
    1    2403       Data/single  2575945433088 1073741824  2577019174912    1879  2596338139136  99.98
    1    2404       Data/single  2577019174912 1073741824  2578092916736    1880  2597411880960 100.00
    1    2405       Data/single  2578092916736 1073741824  2579166658560    1881  2598485622784  99.79
    1    2406       Data/single  2579166658560 1073741824  2580240400384    1882  2599559364608  99.99
    1    2407       Data/single  2580240400384 1073741824  2581314142208    1883  2600633106432  99.98
    1    2408       Data/single  2581314142208 1073741824  2582387884032    1884  2601706848256  99.98
    1    2409       Data/single  2582387884032 1073741824  2583461625856    1885  2602780590080  99.97
    1    2410       Data/single  2583461625856 1073741824  2584535367680    1886  2603854331904  99.97
    1    2411       Data/single  2584535367680 1073741824  2585609109504    1887  2604928073728  99.97
    1    2412       Data/single  2585609109504 1073741824  2586682851328    1888  2606001815552  99.85
    1    2413       Data/single  2586682851328 1073741824  2587756593152    1889  2607075557376  99.95
    1    2414       Data/single  2587756593152 1073741824  2588830334976    1890  2608149299200  99.98
    1    2415       Data/single  2588830334976 1073741824  2589904076800    1891  2609223041024  99.99
    1    2416       Data/single  2589904076800 1073741824  2590977818624    1892  2610296782848 100.00
    1    2417       Data/single  2590977818624 1073741824  2592051560448    1893  2611370524672  99.96
    1    2418       Data/single  2592051560448 1073741824  2593125302272    1894  2612444266496  99.97
    1    2419       Data/single  2593125302272 1073741824  2594199044096    1895  2613518008320  99.95
    1    2420       Data/single  2594199044096 1073741824  2595272785920    1896  2614591750144  99.96
    1    2421       Data/single  2595272785920 1073741824  2596346527744    1897  2615665491968  99.77
    1    2422       Data/single  2596346527744 1073741824  2597420269568    1898  2616739233792 100.00
    1    2423       Data/single  2597420269568 1073741824  2598494011392    1899  2617812975616 100.00
    1    2424       Data/single  2598494011392 1073741824  2599567753216    1900  2618886717440  99.97
    1    2425       Data/single  2599567753216 1073741824  2600641495040    1901  2619960459264  99.96
    1    2426       Data/single  2600641495040 1073741824  2601715236864    1902  2621034201088  99.99
    1    2427       Data/single  2601715236864 1073741824  2602788978688    1903  2622107942912  99.96
    1    2428       Data/single  2602788978688 1073741824  2603862720512    1904  2623181684736  99.86
    1    2429       Data/single  2603862720512 1073741824  2604936462336    1905  2624255426560 100.00
    1    2430       Data/single  2604936462336 1073741824  2606010204160    1906  2625329168384 100.00
    1    2431       Data/single  2606010204160 1073741824  2607083945984    1907  2626402910208  99.96
    1    2432       Data/single  2607083945984 1073741824  2608157687808    1908  2627476652032  99.98
    1    2433       Data/single  2608157687808 1073741824  2609231429632    1909  2628550393856  99.97
    1    2434       Data/single  2609231429632 1073741824  2610305171456    1910  2629624135680  99.95
    1    2435       Data/single  2610305171456 1073741824  2611378913280    1911  2630697877504  99.99
    1    2436       Data/single  2611378913280 1073741824  2612452655104    1912  2631771619328  99.97
    1    2437       Data/single  2612452655104 1073741824  2613526396928    1913  2632845361152  99.96
    1    2438       Data/single  2613526396928 1073741824  2614600138752    1914  2633919102976  99.96
    1    2439       Data/single  2614600138752 1073741824  2615673880576    1915  2634992844800  99.98
    1    2440       Data/single  2615673880576 1073741824  2616747622400    1916  2636066586624 100.00
    1    2441       Data/single  2616747622400 1073741824  2617821364224    1917  2637140328448  99.97
    1    2442       Data/single  2617821364224 1073741824  2618895106048    1918  2638214070272  99.99
    1    2443       Data/single  2618895106048 1073741824  2619968847872    1919  2639287812096  99.95
    1    2444       Data/single  2619968847872 1073741824  2621042589696    1920  2640361553920  99.99
    1    2445       Data/single  2621042589696 1073741824  2622116331520    1921  2641435295744  99.96
    1    2446       Data/single  2622116331520 1073741824  2623190073344    1922  2642509037568  99.99
    1    2447       Data/single  2623190073344 1073741824  2624263815168    1923  2643582779392  99.96
    1    2448       Data/single  2624263815168 1073741824  2625337556992    1924  2644656521216  99.98
    1    2449       Data/single  2625337556992 1073741824  2626411298816    1925  2645730263040  99.97
    1    2450       Data/single  2626411298816 1073741824  2627485040640    1926  2646804004864  99.97
    1    2451       Data/single  2627485040640 1073741824  2628558782464    1927  2647877746688  99.97
    1    2452       Data/single  2628558782464 1073741824  2629632524288    1928  2648951488512  99.97
    1    2453       Data/single  2629632524288 1073741824  2630706266112    1929  2650025230336  99.97
    1    2454       Data/single  2630706266112 1073741824  2631780007936    1930  2651098972160  99.96
    1    2455       Data/single  2631780007936 1073741824  2632853749760    1931  2652172713984  99.99
    1    2456       Data/single  2632853749760 1073741824  2633927491584    1932  2653246455808  99.99
    1    2457       Data/single  2633927491584 1073741824  2635001233408    1933  2654320197632  99.96
    1    2458       Data/single  2635001233408 1073741824  2636074975232    1934  2655393939456  99.87
    1    2459       Data/single  2636074975232 1073741824  2637148717056    1935  2656467681280  99.97
    1    2460       Data/single  2637148717056 1073741824  2638222458880    1936  2657541423104  99.99
    1    2461       Data/single  2638222458880 1073741824  2639296200704    1937  2658615164928  99.97
    1    2462       Data/single  2639296200704 1073741824  2640369942528    1938  2659688906752  99.98
    1    2463       Data/single  2640369942528 1073741824  2641443684352    1939  2660762648576 100.00
    1    2464       Data/single  2641443684352 1073741824  2642517426176    1940  2661836390400  99.77
    1    2465       Data/single  2642517426176 1073741824  2643591168000    1941  2662910132224 100.00
    1    2466       Data/single  2643591168000 1073741824  2644664909824    1942  2663983874048  99.97
    1    2467       Data/single  2644664909824 1073741824  2645738651648    1943  2665057615872  99.98
    1    2468       Data/single  2645738651648 1073741824  2646812393472    1944  2666131357696  99.95
    1    2469       Data/single  2646812393472 1073741824  2647886135296    1945  2667205099520  98.34
    1    2470       Data/single  2647886135296 1073741824  2648959877120    1946  2668278841344  99.99
    1    2471       Data/single  2648959877120 1073741824  2650033618944    1947  2669352583168  99.95
    1    2472       Data/single  2650033618944 1073741824  2651107360768    1948  2670426324992  99.99
    1    2473       Data/single  2651107360768 1073741824  2652181102592    1949  2671500066816  99.98
    1    2474       Data/single  2652181102592 1073741824  2653254844416    1950  2672573808640  99.79
    1    2475       Data/single  2653254844416 1073741824  2654328586240    1951  2673647550464  99.96
    1    2476       Data/single  2654328586240 1073741824  2655402328064    1952  2674721292288 100.00
    1    2477       Data/single  2655402328064 1073741824  2656476069888    1953  2675795034112 100.00
    1    2478       Data/single  2656476069888 1073741824  2657549811712    1954  2676868775936  99.95
    1    2479       Data/single  2657549811712 1073741824  2658623553536    1955  2677942517760  99.95
    1    2480       Data/single  2658623553536 1073741824  2659697295360    1956  2679016259584  99.99
    1    2481       Data/single  2659697295360 1073741824  2660771037184    1957  2680090001408  99.98
    1    2482       Data/single  2660771037184 1073741824  2661844779008    1958  2681163743232 100.00
    1    2483       Data/single  2661844779008 1073741824  2662918520832    1959  2682237485056  99.96
    1    2484       Data/single  2662918520832 1073741824  2663992262656    1960  2683311226880  99.96
    1    2485       Data/single  2663992262656 1073741824  2665066004480    1961  2684384968704  99.97
    1    2486       Data/single  2665066004480 1073741824  2666139746304    1962  2685458710528  99.77
    1    2487       Data/single  2666139746304 1073741824  2667213488128    1963  2686532452352 100.00
    1    2488       Data/single  2667213488128 1073741824  2668287229952    1964  2687606194176  99.93
    1    2489       Data/single  2668287229952 1073741824  2669360971776    1965  2688679936000  99.77
    1    2490       Data/single  2669360971776 1073741824  2670434713600    1966  2689753677824  99.98
    1    2491       Data/single  2670434713600 1073741824  2671508455424    1967  2690827419648  99.97
    1    2492       Data/single  2671508455424 1073741824  2672582197248    1968  2691901161472  99.97
    1    2493       Data/single  2672582197248 1073741824  2673655939072    1969  2692974903296  99.96
    1    2494       Data/single  2673655939072 1073741824  2674729680896    1970  2694048645120 100.00
    1    2495       Data/single  2674729680896 1073741824  2675803422720    1971  2695122386944 100.00
    1    2496       Data/single  2675803422720 1073741824  2676877164544    1972  2696196128768 100.00
    1    2497       Data/single  2676877164544 1073741824  2677950906368    1973  2697269870592  99.97
    1    2498       Data/single  2677950906368 1073741824  2679024648192    1974  2698343612416 100.00
    1    2499       Data/single  2679024648192 1073741824  2680098390016    1975  2699417354240  99.97
    1    2500       Data/single  2680098390016 1073741824  2681172131840    1976  2700491096064  99.95
    1    2501       Data/single  2681172131840 1073741824  2682245873664    1977  2701564837888 100.00
    1    2502       Data/single  2682245873664 1073741824  2683319615488    1978  2702638579712 100.00
    1    2503       Data/single  2683319615488 1073741824  2684393357312    1979  2703712321536 100.00
    1    2504       Data/single  2684393357312 1073741824  2685467099136    1980  2704786063360  99.98
    1    2505       Data/single  2685467099136 1073741824  2686540840960    1981  2705859805184  99.98
    1    2506       Data/single  2686540840960 1073741824  2687614582784    1982  2706933547008  99.91
    1    2507       Data/single  2687614582784 1073741824  2688688324608    1983  2708007288832  99.96
    1    2508       Data/single  2688688324608 1073741824  2689762066432    1984  2709081030656 100.00
    1    2509       Data/single  2689762066432 1073741824  2690835808256    1985  2710154772480  99.96
    1    2510       Data/single  2690835808256 1073741824  2691909550080    1986  2711228514304  99.97
    1    2511       Data/single  2691909550080 1073741824  2692983291904    1987  2712302256128  99.99
    1    2512       Data/single  2692983291904 1073741824  2694057033728    1988  2713375997952 100.00
    1    2513       Data/single  2694057033728 1073741824  2695130775552    1989  2714449739776  99.98
    1    2514       Data/single  2695130775552 1073741824  2696204517376    1990  2715523481600  99.96
    1    2515       Data/single  2696204517376 1073741824  2697278259200    1991  2716597223424  99.99
    1    2516       Data/single  2697278259200 1073741824  2698352001024    1992  2717670965248  99.79
    1    2517       Data/single  2698352001024 1073741824  2699425742848    1993  2718744707072  99.96
    1    2518       Data/single  2699425742848 1073741824  2700499484672    1994  2719818448896  99.96
    1    2519       Data/single  2700499484672 1073741824  2701573226496    1995  2720892190720  99.96
    1    2520       Data/single  2701573226496 1073741824  2702646968320    1996  2721965932544  99.96
    1    2521       Data/single  2702646968320 1073741824  2703720710144    1997  2723039674368  99.98
    1    2522       Data/single  2703720710144 1073741824  2704794451968    1998  2724113416192  99.96
    1    2523       Data/single  2704794451968 1073741824  2705868193792    1999  2725187158016  99.99
    1    2524       Data/single  2705868193792 1073741824  2706941935616    2000  2726260899840  99.96
    1    2525       Data/single  2706941935616 1073741824  2708015677440    2001  2727334641664  99.97
    1    2526       Data/single  2708015677440 1073741824  2709089419264    2002  2728408383488  99.99
    1    2527       Data/single  2709089419264 1073741824  2710163161088    2003  2729482125312 100.00
    1    2528       Data/single  2710163161088 1073741824  2711236902912    2004  2730555867136  99.98
    1    2529       Data/single  2711236902912 1073741824  2712310644736    2005  2731629608960  99.99
    1    2530       Data/single  2712310644736 1073741824  2713384386560    2006  2732703350784  99.99
    1    2531       Data/single  2713384386560 1073741824  2714458128384    2007  2733777092608  99.96
    1    1006   Metadata/DUP     1075928104960 1073741824  1077001846784    2008  2734850834432  89.65
    1    1007   Metadata/DUP     1077001846784 1073741824  1078075588608    2009  2734850834432  89.65
    1    2532       Data/single  2714458128384 1073741824  2715531870208    2010  2735924576256  99.96
    1    2533       Data/single  2715531870208 1073741824  2716605612032    2011  2736998318080  99.95
    1    2534       Data/single  2716605612032 1073741824  2717679353856    2012  2738072059904  99.96
    1    2535       Data/single  2717679353856 1073741824  2718753095680    2013  2739145801728  97.91
    1    2536       Data/single  2718753095680 1073741824  2719826837504    2014  2740219543552 100.00
    1    2537       Data/single  2719826837504 1073741824  2720900579328    2015  2741293285376  99.99
    1    2538       Data/single  2720900579328 1073741824  2721974321152    2016  2742367027200  99.96
    1    2539       Data/single  2721974321152 1073741824  2723048062976    2017  2743440769024  99.99
    1    2540       Data/single  2723048062976 1073741824  2724121804800    2018  2744514510848  99.97
    1    2541       Data/single  2724121804800 1073741824  2725195546624    2019  2745588252672  99.97
    1    2542       Data/single  2725195546624 1073741824  2726269288448    2020  2746661994496  99.97
    1    2543       Data/single  2726269288448 1073741824  2727343030272    2021  2747735736320  99.95
    1    2544       Data/single  2727343030272 1073741824  2728416772096    2022  2748809478144  99.98
    1    2545       Data/single  2728416772096 1073741824  2729490513920    2023  2749883219968  99.96
    1    2546       Data/single  2729490513920 1073741824  2730564255744    2024  2750956961792  99.97
    1    2547       Data/single  2730564255744 1073741824  2731637997568    2025  2752030703616  99.97
    1    2548       Data/single  2731637997568 1073741824  2732711739392    2026  2753104445440  99.97
    1    2549       Data/single  2732711739392 1073741824  2733785481216    2027  2754178187264  99.99
    1    2550       Data/single  2733785481216 1073741824  2734859223040    2028  2755251929088  99.99
    1    2551       Data/single  2734859223040 1073741824  2735932964864    2029  2756325670912  99.99
    1    2552       Data/single  2735932964864 1073741824  2737006706688    2030  2757399412736 100.00
    1    2553       Data/single  2737006706688 1073741824  2738080448512    2031  2758473154560  99.99
    1    2554       Data/single  2738080448512 1073741824  2739154190336    2032  2759546896384  99.78
    1    2555       Data/single  2739154190336 1073741824  2740227932160    2033  2760620638208 100.00
    1    2556       Data/single  2740227932160 1073741824  2741301673984    2034  2761694380032  99.99
    1    2557       Data/single  2741301673984 1073741824  2742375415808    2035  2762768121856  99.99
    1    2558       Data/single  2742375415808 1073741824  2743449157632    2036  2763841863680  99.95
    1    2559       Data/single  2743449157632 1073741824  2744522899456    2037  2764915605504  99.95
    1    2560       Data/single  2744522899456 1073741824  2745596641280    2038  2765989347328 100.00
    1    2561       Data/single  2745596641280 1073741824  2746670383104    2039  2767063089152  99.98
    1    2562       Data/single  2746670383104 1073741824  2747744124928    2040  2768136830976  99.97
    1    2563       Data/single  2747744124928 1073741824  2748817866752    2041  2769210572800  99.96
    1    2564       Data/single  2748817866752 1073741824  2749891608576    2042  2770284314624  99.95
    1    2565       Data/single  2749891608576 1073741824  2750965350400    2043  2771358056448  99.42
    1    2566       Data/single  2750965350400 1073741824  2752039092224    2044  2772431798272  99.97
    1    2567       Data/single  2752039092224 1073741824  2753112834048    2045  2773505540096  99.96
    1    2568       Data/single  2753112834048 1073741824  2754186575872    2046  2774579281920  99.95
    1    2569       Data/single  2754186575872 1073741824  2755260317696    2047  2775653023744  99.96
    1    2570       Data/single  2755260317696 1073741824  2756334059520    2048  2776726765568  99.99
    1    2571       Data/single  2756334059520 1073741824  2757407801344    2049  2777800507392  99.99
    1    2572       Data/single  2757407801344 1073741824  2758481543168    2050  2778874249216  99.99
    1    2573       Data/single  2758481543168 1073741824  2759555284992    2051  2779947991040  99.82
    1    2574       Data/single  2759555284992 1073741824  2760629026816    2052  2781021732864  99.97
    1    2575       Data/single  2760629026816 1073741824  2761702768640    2053  2782095474688  99.95
    1    2576       Data/single  2761702768640 1073741824  2762776510464    2054  2783169216512  99.79
    1    2577       Data/single  2762776510464 1073741824  2763850252288    2055  2784242958336 100.00
    1    2578       Data/single  2763850252288 1073741824  2764923994112    2056  2785316700160  99.96
    1    2579       Data/single  2764923994112 1073741824  2765997735936    2057  2786390441984  99.99
    1    2580       Data/single  2765997735936 1073741824  2767071477760    2058  2787464183808  99.97
    1    2581       Data/single  2767071477760 1073741824  2768145219584    2059  2788537925632  99.98
    1    2582       Data/single  2768145219584 1073741824  2769218961408    2060  2789611667456 100.00
    1    2583       Data/single  2769218961408 1073741824  2770292703232    2061  2790685409280  99.99
    1    2584       Data/single  2770292703232 1073741824  2771366445056    2062  2791759151104  99.83
    1    2585       Data/single  2771366445056 1073741824  2772440186880    2063  2792832892928  99.99
    1    2586       Data/single  2772440186880 1073741824  2773513928704    2064  2793906634752  99.97
    1    2587       Data/single  2773513928704 1073741824  2774587670528    2065  2794980376576 100.00
    1    2588       Data/single  2774587670528 1073741824  2775661412352    2066  2796054118400  99.97
    1    2589       Data/single  2775661412352 1073741824  2776735154176    2067  2797127860224 100.00
    1    2590       Data/single  2776735154176 1073741824  2777808896000    2068  2798201602048  99.97
    1    2591       Data/single  2777808896000 1073741824  2778882637824    2069  2799275343872  99.99
    1    2592       Data/single  2778882637824 1073741824  2779956379648    2070  2800349085696  99.97
    1    2593       Data/single  2779956379648 1073741824  2781030121472    2071  2801422827520  99.97
    1    2594       Data/single  2781030121472 1073741824  2782103863296    2072  2802496569344  99.99
    1    2595       Data/single  2782103863296 1073741824  2783177605120    2073  2803570311168  99.96
    1    2596       Data/single  2783177605120 1073741824  2784251346944    2074  2804644052992 100.00
    1    2597       Data/single  2784251346944 1073741824  2785325088768    2075  2805717794816  99.99
    1    2598       Data/single  2785325088768 1073741824  2786398830592    2076  2806791536640  99.96
    1    2599       Data/single  2786398830592 1073741824  2787472572416    2077  2807865278464  99.98
    1    2600       Data/single  2787472572416 1073741824  2788546314240    2078  2808939020288  99.97
    1    2601       Data/single  2788546314240 1073741824  2789620056064    2079  2810012762112  99.96
    1    2602       Data/single  2789620056064 1073741824  2790693797888    2080  2811086503936  99.96
    1    2603       Data/single  2790693797888 1073741824  2791767539712    2081  2812160245760 100.00
    1    2604       Data/single  2791767539712 1073741824  2792841281536    2082  2813233987584  98.09
    1    2605       Data/single  2792841281536 1073741824  2793915023360    2083  2814307729408  99.97
    1    2606       Data/single  2793915023360 1073741824  2794988765184    2084  2815381471232  99.95
    1    2607       Data/single  2794988765184 1073741824  2796062507008    2085  2816455213056  99.96
    1    2608       Data/single  2796062507008 1073741824  2797136248832    2086  2817528954880  99.96
    1    2609       Data/single  2797136248832 1073741824  2798209990656    2087  2818602696704  99.85
    1    2610       Data/single  2798209990656 1073741824  2799283732480    2088  2819676438528  99.99
    1    2611       Data/single  2799283732480 1073741824  2800357474304    2089  2820750180352 100.00
    1    2612       Data/single  2800357474304 1073741824  2801431216128    2090  2821823922176  99.95
    1    2613       Data/single  2801431216128 1073741824  2802504957952    2091  2822897664000 100.00
    1    2614       Data/single  2802504957952 1073741824  2803578699776    2092  2823971405824  99.99
    1    2615       Data/single  2803578699776 1073741824  2804652441600    2093  2825045147648  99.99
    1    2616       Data/single  2804652441600 1073741824  2805726183424    2094  2826118889472  99.98
    1    2617       Data/single  2805726183424 1073741824  2806799925248    2095  2827192631296  99.95
    1    2618       Data/single  2806799925248 1073741824  2807873667072    2096  2828266373120  99.96
    1    2619       Data/single  2807873667072 1073741824  2808947408896    2097  2829340114944  99.76
    1    2620       Data/single  2808947408896 1073741824  2810021150720    2098  2830413856768  99.96
    1    2621       Data/single  2810021150720 1073741824  2811094892544    2099  2831487598592  99.96
    1    2622       Data/single  2811094892544 1073741824  2812168634368    2100  2832561340416  99.99
    1    2623       Data/single  2812168634368 1073741824  2813242376192    2101  2833635082240  99.99
    1    2624       Data/single  2813242376192 1073741824  2814316118016    2102  2834708824064  99.97
    1    2625       Data/single  2814316118016 1073741824  2815389859840    2103  2835782565888  99.96
    1    2626       Data/single  2815389859840 1073741824  2816463601664    2104  2836856307712  99.95
    1    2627       Data/single  2816463601664 1073741824  2817537343488    2105  2837930049536  99.98
    1    2628       Data/single  2817537343488 1073741824  2818611085312    2106  2839003791360  99.96
    1    2629       Data/single  2818611085312 1073741824  2819684827136    2107  2840077533184  99.98
    1    2630       Data/single  2819684827136 1073741824  2820758568960    2108  2841151275008 100.00
    1    2631       Data/single  2820758568960 1073741824  2821832310784    2109  2842225016832  99.98
    1    2632       Data/single  2821832310784 1073741824  2822906052608    2110  2843298758656  99.77
    1    2633       Data/single  2822906052608 1073741824  2823979794432    2111  2844372500480  99.96
    1    2634       Data/single  2823979794432 1073741824  2825053536256    2112  2845446242304  99.98
    1    2635       Data/single  2825053536256 1073741824  2826127278080    2113  2846519984128  99.96
    1    2636       Data/single  2826127278080 1073741824  2827201019904    2114  2847593725952  99.96
    1    2637       Data/single  2827201019904 1073741824  2828274761728    2115  2848667467776  99.95
    1    2638       Data/single  2828274761728 1073741824  2829348503552    2116  2849741209600  99.96
    1    2639       Data/single  2829348503552 1073741824  2830422245376    2117  2850814951424  99.91
    1    2640       Data/single  2830422245376 1073741824  2831495987200    2118  2851888693248  99.99
    1    2641       Data/single  2831495987200 1073741824  2832569729024    2119  2852962435072  99.97
    1    2642       Data/single  2832569729024 1073741824  2833643470848    2120  2854036176896  99.97
    1    2643       Data/single  2833643470848 1073741824  2834717212672    2121  2855109918720 100.00
    1    2644       Data/single  2834717212672 1073741824  2835790954496    2122  2856183660544  99.97
    1    2645       Data/single  2835790954496 1073741824  2836864696320    2123  2857257402368  99.97
    1    2646       Data/single  2836864696320 1073741824  2837938438144    2124  2858331144192  99.97
    1    2647       Data/single  2837938438144 1073741824  2839012179968    2125  2859404886016  99.95
    1    2648       Data/single  2839012179968 1073741824  2840085921792    2126  2860478627840  99.96
    1    2649       Data/single  2840085921792 1073741824  2841159663616    2127  2861552369664  99.96
    1    2650       Data/single  2841159663616 1073741824  2842233405440    2128  2862626111488 100.00
    1    2651       Data/single  2842233405440 1073741824  2843307147264    2129  2863699853312  99.97
    1    2652       Data/single  2843307147264 1073741824  2844380889088    2130  2864773595136  99.98
    1    2653       Data/single  2844380889088 1073741824  2845454630912    2131  2865847336960  99.99
    1    2654       Data/single  2845454630912 1073741824  2846528372736    2132  2866921078784  99.99
    1    2655       Data/single  2846528372736 1073741824  2847602114560    2133  2867994820608  99.97
    1    2656       Data/single  2847602114560 1073741824  2848675856384    2134  2869068562432  99.96
    1    2657       Data/single  2848675856384 1073741824  2849749598208    2135  2870142304256  99.99
    1    2658       Data/single  2849749598208 1073741824  2850823340032    2136  2871216046080  99.99
    1    2659       Data/single  2850823340032 1073741824  2851897081856    2137  2872289787904  99.97
    1    2660       Data/single  2851897081856 1073741824  2852970823680    2138  2873363529728  99.98
    1    2661       Data/single  2852970823680 1073741824  2854044565504    2139  2874437271552  99.97
    1    2662       Data/single  2854044565504 1073741824  2855118307328    2140  2875511013376  99.98
    1    2663       Data/single  2855118307328 1073741824  2856192049152    2141  2876584755200  99.97
    1    2664       Data/single  2856192049152 1073741824  2857265790976    2142  2877658497024 100.00
    1    2665       Data/single  2857265790976 1073741824  2858339532800    2143  2878732238848 100.00
    1    2666       Data/single  2858339532800 1073741824  2859413274624    2144  2879805980672  99.95
    1    2667       Data/single  2859413274624 1073741824  2860487016448    2145  2880879722496  99.99
    1    2668       Data/single  2860487016448 1073741824  2861560758272    2146  2881953464320  99.97
    1    2669       Data/single  2861560758272 1073741824  2862634500096    2147  2883027206144  99.98
    1    2670       Data/single  2862634500096 1073741824  2863708241920    2148  2884100947968  99.97
    1    2671       Data/single  2863708241920 1073741824  2864781983744    2149  2885174689792  99.95
    1    2672       Data/single  2864781983744 1073741824  2865855725568    2150  2886248431616  99.97
    1    2673       Data/single  2865855725568 1073741824  2866929467392    2151  2887322173440  99.97
    1    2674       Data/single  2866929467392 1073741824  2868003209216    2152  2888395915264  99.99
    1    2675       Data/single  2868003209216 1073741824  2869076951040    2153  2889469657088  99.97
    1    2676       Data/single  2869076951040 1073741824  2870150692864    2154  2890543398912  99.76
    1    2677       Data/single  2870150692864 1073741824  2871224434688    2155  2891617140736  99.96
    1    2678       Data/single  2871224434688 1073741824  2872298176512    2156  2892690882560  99.97
    1    2679       Data/single  2872298176512 1073741824  2873371918336    2157  2893764624384  99.96
    1    2680       Data/single  2873371918336 1073741824  2874445660160    2158  2894838366208  99.96
    1    2681       Data/single  2874445660160 1073741824  2875519401984    2159  2895912108032  99.76
    1    2682       Data/single  2875519401984 1073741824  2876593143808    2160  2896985849856  99.98
    1    2683       Data/single  2876593143808 1073741824  2877666885632    2161  2898059591680 100.00
    1    2684       Data/single  2877666885632 1073741824  2878740627456    2162  2899133333504  99.99
    1    2685       Data/single  2878740627456 1073741824  2879814369280    2163  2900207075328  99.99
    1    2686       Data/single  2879814369280 1073741824  2880888111104    2164  2901280817152  99.98
    1    2687       Data/single  2880888111104 1073741824  2881961852928    2165  2902354558976  99.95
    1    2688       Data/single  2881961852928 1073741824  2883035594752    2166  2903428300800  99.98
    1    2689       Data/single  2883035594752 1073741824  2884109336576    2167  2904502042624  99.97
    1    2690       Data/single  2884109336576 1073741824  2885183078400    2168  2905575784448  99.99
    1    2691       Data/single  2885183078400 1073741824  2886256820224    2169  2906649526272  99.98
    1    2692       Data/single  2886256820224 1073741824  2887330562048    2170  2907723268096  99.99
    1    2693       Data/single  2887330562048 1073741824  2888404303872    2171  2908797009920 100.00
    1    2694       Data/single  2888404303872 1073741824  2889478045696    2172  2909870751744  99.95
    1    2695       Data/single  2889478045696 1073741824  2890551787520    2173  2910944493568  99.95
    1    2696       Data/single  2890551787520 1073741824  2891625529344    2174  2912018235392  99.98
    1    2697       Data/single  2891625529344 1073741824  2892699271168    2175  2913091977216  99.96
    1    2698       Data/single  2892699271168 1073741824  2893773012992    2176  2914165719040 100.00
    1    2699       Data/single  2893773012992 1073741824  2894846754816    2177  2915239460864  99.96
    1    2700       Data/single  2894846754816 1073741824  2895920496640    2178  2916313202688  99.97
    1    2701       Data/single  2895920496640 1073741824  2896994238464    2179  2917386944512  99.97
    1    2702       Data/single  2896994238464 1073741824  2898067980288    2180  2918460686336  99.95
    1    2703       Data/single  2898067980288 1073741824  2899141722112    2181  2919534428160  99.90
    1    2704       Data/single  2899141722112 1073741824  2900215463936    2182  2920608169984  99.97
    1    2705       Data/single  2900215463936 1073741824  2901289205760    2183  2921681911808  99.96
    1    2706       Data/single  2901289205760 1073741824  2902362947584    2184  2922755653632  99.97
    1    2707       Data/single  2902362947584 1073741824  2903436689408    2185  2923829395456  99.99
    1    2708       Data/single  2903436689408 1073741824  2904510431232    2186  2924903137280  99.98
    1    2709       Data/single  2904510431232 1073741824  2905584173056    2187  2925976879104  99.97
    1    2710       Data/single  2905584173056 1073741824  2906657914880    2188  2927050620928  99.96
    1    2711       Data/single  2906657914880 1073741824  2907731656704    2189  2928124362752  99.97
    1    2712       Data/single  2907731656704 1073741824  2908805398528    2190  2929198104576  99.97
    1    2713       Data/single  2908805398528 1073741824  2909879140352    2191  2930271846400  99.97
    1    2714       Data/single  2909879140352 1073741824  2910952882176    2192  2931345588224  99.95
    1    2715       Data/single  2910952882176 1073741824  2912026624000    2193  2932419330048  99.97
    1    2716       Data/single  2912026624000 1073741824  2913100365824    2194  2933493071872 100.00
    1    2717       Data/single  2913100365824 1073741824  2914174107648    2195  2934566813696  99.99
    1    2718       Data/single  2914174107648 1073741824  2915247849472    2196  2935640555520  99.92
    1    2719       Data/single  2915247849472 1073741824  2916321591296    2197  2936714297344  99.98
    1    2720       Data/single  2916321591296 1073741824  2917395333120    2198  2937788039168  99.77
    1    2721       Data/single  2917395333120 1073741824  2918469074944    2199  2938861780992  99.95
    1    2722       Data/single  2918469074944 1073741824  2919542816768    2200  2939935522816  99.98
    1    2723       Data/single  2919542816768 1073741824  2920616558592    2201  2941009264640 100.00
    1    2724       Data/single  2920616558592 1073741824  2921690300416    2202  2942083006464  99.96
    1    2725       Data/single  2921690300416 1073741824  2922764042240    2203  2943156748288  99.98
    1    2726       Data/single  2922764042240 1073741824  2923837784064    2204  2944230490112  99.97
    1    2727       Data/single  2923837784064 1073741824  2924911525888    2205  2945304231936  99.99
    1    2728       Data/single  2924911525888 1073741824  2925985267712    2206  2946377973760  99.97
    1    2729       Data/single  2925985267712 1073741824  2927059009536    2207  2947451715584  99.96
    1    2730       Data/single  2927059009536 1073741824  2928132751360    2208  2948525457408  99.99
    1    2731       Data/single  2928132751360 1073741824  2929206493184    2209  2949599199232 100.00
    1    2732       Data/single  2929206493184 1073741824  2930280235008    2210  2950672941056  99.96
    1    2733       Data/single  2930280235008 1073741824  2931353976832    2211  2951746682880  99.98
    1    2734       Data/single  2931353976832 1073741824  2932427718656    2212  2952820424704  99.99
    1    2735       Data/single  2932427718656 1073741824  2933501460480    2213  2953894166528  99.99
    1    2736       Data/single  2933501460480 1073741824  2934575202304    2214  2954967908352 100.00
    1    2737       Data/single  2934575202304 1073741824  2935648944128    2215  2956041650176  99.98
    1    2738       Data/single  2935648944128 1073741824  2936722685952    2216  2957115392000  99.99
    1    2739       Data/single  2936722685952 1073741824  2937796427776    2217  2958189133824  99.98
    1    2740       Data/single  2937796427776 1073741824  2938870169600    2218  2959262875648 100.00
    1    2741       Data/single  2938870169600 1073741824  2939943911424    2219  2960336617472 100.00
    1    2742       Data/single  2939943911424 1073741824  2941017653248    2220  2961410359296  99.98
    1    2743       Data/single  2941017653248 1073741824  2942091395072    2221  2962484101120  99.97
    1    2744       Data/single  2942091395072 1073741824  2943165136896    2222  2963557842944  99.97
    1    2745       Data/single  2943165136896 1073741824  2944238878720    2223  2964631584768  99.99
    1    2746       Data/single  2944238878720 1073741824  2945312620544    2224  2965705326592  99.97
    1    2747       Data/single  2945312620544 1073741824  2946386362368    2225  2966779068416 100.00
    1    2748       Data/single  2946386362368 1073741824  2947460104192    2226  2967852810240 100.00
    1    2749       Data/single  2947460104192 1073741824  2948533846016    2227  2968926552064  99.96
    1    2750       Data/single  2948533846016 1073741824  2949607587840    2228  2970000293888 100.00
    1    2751       Data/single  2949607587840 1073741824  2950681329664    2229  2971074035712  99.96
    1    2752       Data/single  2950681329664 1073741824  2951755071488    2230  2972147777536  99.97
    1    2753       Data/single  2951755071488 1073741824  2952828813312    2231  2973221519360 100.00
    1    2754       Data/single  2952828813312 1073741824  2953902555136    2232  2974295261184  99.97
    1    2755       Data/single  2953902555136 1073741824  2954976296960    2233  2975369003008  99.96
    1    2756       Data/single  2954976296960 1073741824  2956050038784    2234  2976442744832  99.98
    1    2757       Data/single  2956050038784 1073741824  2957123780608    2235  2977516486656  99.97
    1    2758       Data/single  2957123780608 1073741824  2958197522432    2236  2978590228480  99.98
    1    2759       Data/single  2958197522432 1073741824  2959271264256    2237  2979663970304  99.96
    1    2760       Data/single  2959271264256 1073741824  2960345006080    2238  2980737712128  99.99
    1    2761       Data/single  2960345006080 1073741824  2961418747904    2239  2981811453952 100.00
    1    2762       Data/single  2961418747904 1073741824  2962492489728    2240  2982885195776  99.96
    1    2763       Data/single  2962492489728 1073741824  2963566231552    2241  2983958937600 100.00
    1    2764       Data/single  2963566231552 1073741824  2964639973376    2242  2985032679424 100.00
    1    2765       Data/single  2964639973376 1073741824  2965713715200    2243  2986106421248  99.99
    1    2766       Data/single  2965713715200 1073741824  2966787457024    2244  2987180163072  99.99
    1    2767       Data/single  2966787457024 1073741824  2967861198848    2245  2988253904896 100.00
    1    2768       Data/single  2967861198848 1073741824  2968934940672    2246  2989327646720  99.96
    1    2769       Data/single  2968934940672 1073741824  2970008682496    2247  2990401388544  99.92
    1    2770       Data/single  2970008682496 1073741824  2971082424320    2248  2991475130368  99.98
    1    2771       Data/single  2971082424320 1073741824  2972156166144    2249  2992548872192 100.00
    1    2772       Data/single  2972156166144 1073741824  2973229907968    2250  2993622614016  99.96
    1    2773       Data/single  2973229907968 1073741824  2974303649792    2251  2994696355840 100.00
    1    2774       Data/single  2974303649792 1073741824  2975377391616    2252  2995770097664  99.97
    1    2775       Data/single  2975377391616 1073741824  2976451133440    2253  2996843839488  99.96
    1    2776       Data/single  2976451133440 1073741824  2977524875264    2254  2997917581312  99.99
    1    2777       Data/single  2977524875264 1073741824  2978598617088    2255  2998991323136 100.00
    1    2778       Data/single  2978598617088 1073741824  2979672358912    2256  3000065064960 100.00
    1    2779       Data/single  2979672358912 1073741824  2980746100736    2257  3001138806784  99.99
    1    2780       Data/single  2980746100736 1073741824  2981819842560    2258  3002212548608  99.97
    1    2781       Data/single  2981819842560 1073741824  2982893584384    2259  3003286290432  99.98
    1    2782       Data/single  2982893584384 1073741824  2983967326208    2260  3004360032256  99.79
    1    2783       Data/single  2983967326208 1073741824  2985041068032    2261  3005433774080  99.98
    1    2784       Data/single  2985041068032 1073741824  2986114809856    2262  3006507515904  99.98
    1    2785       Data/single  2986114809856 1073741824  2987188551680    2263  3007581257728  99.96
    1    2786       Data/single  2987188551680 1073741824  2988262293504    2264  3008654999552 100.00
    1    2787       Data/single  2988262293504 1073741824  2989336035328    2265  3009728741376 100.00
    1    2788       Data/single  2989336035328 1073741824  2990409777152    2266  3010802483200 100.00
    1    2789       Data/single  2990409777152 1073741824  2991483518976    2267  3011876225024  99.79
    1    2790       Data/single  2991483518976 1073741824  2992557260800    2268  3012949966848 100.00
    1    2791       Data/single  2992557260800 1073741824  2993631002624    2269  3014023708672  99.99
    1    2792       Data/single  2993631002624 1073741824  2994704744448    2270  3015097450496  99.98
    1    2793       Data/single  2994704744448 1073741824  2995778486272    2271  3016171192320 100.00
    1    2794       Data/single  2995778486272 1073741824  2996852228096    2272  3017244934144  99.84
    1    2795       Data/single  2996852228096 1073741824  2997925969920    2273  3018318675968  99.92
    1    2796       Data/single  2997925969920 1073741824  2998999711744    2274  3019392417792  99.34
    1    2797       Data/single  2998999711744 1073741824  3000073453568    2275  3020466159616  99.47
    1    2798       Data/single  3000073453568 1073741824  3001147195392    2276  3021539901440 100.00
    1    2799       Data/single  3001147195392 1073741824  3002220937216    2277  3022613643264 100.00
    1    2800       Data/single  3002220937216 1073741824  3003294679040    2278  3023687385088  99.46
    1    2801       Data/single  3003294679040 1073741824  3004368420864    2279  3024761126912  99.78
    1    2802       Data/single  3004368420864 1073741824  3005442162688    2280  3025834868736  99.80
    1    2803       Data/single  3005442162688 1073741824  3006515904512    2281  3026908610560 100.00
    1    2804       Data/single  3006515904512 1073741824  3007589646336    2282  3027982352384  99.75
    1    2805       Data/single  3007589646336 1073741824  3008663388160    2283  3029056094208  99.99
    1    2806       Data/single  3008663388160 1073741824  3009737129984    2284  3030129836032 100.00
    1    2807       Data/single  3009737129984 1073741824  3010810871808    2285  3031203577856 100.00
    1    2808       Data/single  3010810871808 1073741824  3011884613632    2286  3032277319680 100.00
    1    2809       Data/single  3011884613632 1073741824  3012958355456    2287  3033351061504  99.97
    1    2810       Data/single  3012958355456 1073741824  3014032097280    2288  3034424803328 100.00
    1    2811       Data/single  3014032097280 1073741824  3015105839104    2289  3035498545152  99.98
    1    2812       Data/single  3015105839104 1073741824  3016179580928    2290  3036572286976 100.00
    1    2813       Data/single  3016179580928 1073741824  3017253322752    2291  3037646028800  99.97
    1    2814       Data/single  3017253322752 1073741824  3018327064576    2292  3038719770624 100.00
    1    2815       Data/single  3018327064576 1073741824  3019400806400    2293  3039793512448  99.02
    1    2816       Data/single  3019400806400 1073741824  3020474548224    2294  3040867254272 100.00
    1    2817       Data/single  3020474548224 1073741824  3021548290048    2295  3041940996096  99.92
    1    2818       Data/single  3021548290048 1073741824  3022622031872    2296  3043014737920  99.44
    1    2819       Data/single  3022622031872 1073741824  3023695773696    2297  3044088479744 100.00
    1    2820       Data/single  3023695773696 1073741824  3024769515520    2298  3045162221568  99.77
    1    2821       Data/single  3024769515520 1073741824  3025843257344    2299  3046235963392 100.00
    1    2822       Data/single  3025843257344 1073741824  3026916999168    2300  3047309705216  99.78
    1    2823       Data/single  3026916999168 1073741824  3027990740992    2301  3048383447040  99.18
    1    2824       Data/single  3027990740992 1073741824  3029064482816    2302  3049457188864 100.00
    1    2825       Data/single  3029064482816 1073741824  3030138224640    2303  3050530930688  99.69
    1    2826       Data/single  3030138224640 1073741824  3031211966464    2304  3051604672512 100.00
    1    2827       Data/single  3031211966464 1073741824  3032285708288    2305  3052678414336 100.00
    1    2828       Data/single  3032285708288 1073741824  3033359450112    2306  3053752156160  97.44
    1    2829       Data/single  3033359450112 1073741824  3034433191936    2307  3054825897984 100.00
    1    2830       Data/single  3034433191936 1073741824  3035506933760    2308  3055899639808  98.11
    1    2831       Data/single  3035506933760 1073741824  3036580675584    2309  3056973381632  99.51
    1    2832       Data/single  3036580675584 1073741824  3037654417408    2310  3058047123456 100.00
    1    2833       Data/single  3037654417408 1073741824  3038728159232    2311  3059120865280  99.38
    1    2834       Data/single  3038728159232 1073741824  3039801901056    2312  3060194607104 100.00
    1    2835       Data/single  3039801901056 1073741824  3040875642880    2313  3061268348928 100.00
    1    2836       Data/single  3040875642880 1073741824  3041949384704    2314  3062342090752  99.44
    1    2837       Data/single  3041949384704 1073741824  3043023126528    2315  3063415832576  99.95
    1    2838       Data/single  3043023126528 1073741824  3044096868352    2316  3064489574400 100.00
    1    2839       Data/single  3044096868352 1073741824  3045170610176    2317  3065563316224  99.75
    1    2840       Data/single  3045170610176 1073741824  3046244352000    2318  3066637058048 100.00
    1    2841       Data/single  3046244352000 1073741824  3047318093824    2319  3067710799872 100.00
    1    2842       Data/single  3047318093824 1073741824  3048391835648    2320  3068784541696  99.40
    1    2843       Data/single  3048391835648 1073741824  3049465577472    2321  3069858283520 100.00
    1    2844       Data/single  3049465577472 1073741824  3050539319296    2322  3070932025344  97.67
    1    2845       Data/single  3050539319296 1073741824  3051613061120    2323  3072005767168 100.00
    1    2846       Data/single  3051613061120 1073741824  3052686802944    2324  3073079508992  99.28
    1    2847       Data/single  3052686802944 1073741824  3053760544768    2325  3074153250816  99.83
    1    2848       Data/single  3053760544768 1073741824  3054834286592    2326  3075226992640 100.00
    1    2849       Data/single  3054834286592 1073741824  3055908028416    2327  3076300734464  99.46
    1    2850       Data/single  3055908028416 1073741824  3056981770240    2328  3077374476288 100.00
    1    2851       Data/single  3056981770240 1073741824  3058055512064    2329  3078448218112 100.00
    1    2852       Data/single  3058055512064 1073741824  3059129253888    2330  3079521959936  99.82
    1    2853       Data/single  3059129253888 1073741824  3060202995712    2331  3080595701760 100.00
    1    2854       Data/single  3060202995712 1073741824  3061276737536    2332  3081669443584  99.63
    1    2855       Data/single  3061276737536 1073741824  3062350479360    2333  3082743185408  99.99
    1    2856       Data/single  3062350479360 1073741824  3063424221184    2334  3083816927232 100.00
    1    2857       Data/single  3063424221184 1073741824  3064497963008    2335  3084890669056  99.95
    1    2858       Data/single  3064497963008 1073741824  3065571704832    2336  3085964410880 100.00
    1    2859       Data/single  3065571704832 1073741824  3066645446656    2337  3087038152704 100.00
    1    2860       Data/single  3066645446656 1073741824  3067719188480    2338  3088111894528  99.80
    1    2861       Data/single  3067719188480 1073741824  3068792930304    2339  3089185636352 100.00
    1    2862       Data/single  3068792930304 1073741824  3069866672128    2340  3090259378176  99.75
    1    2863       Data/single  3069866672128 1073741824  3070940413952    2341  3091333120000 100.00
    1    2864       Data/single  3070940413952 1073741824  3072014155776    2342  3092406861824 100.00
    1    2865       Data/single  3072014155776 1073741824  3073087897600    2343  3093480603648  99.51
    1    2866       Data/single  3073087897600 1073741824  3074161639424    2344  3094554345472 100.00
    1    2867       Data/single  3074161639424 1073741824  3075235381248    2345  3095628087296  99.87
    1    2868       Data/single  3075235381248 1073741824  3076309123072    2346  3096701829120 100.00
    1    2869       Data/single  3076309123072 1073741824  3077382864896    2347  3097775570944  99.99
    1    2870       Data/single  3077382864896 1073741824  3078456606720    2348  3098849312768 100.00
    1    2871       Data/single  3078456606720 1073741824  3079530348544    2349  3099923054592 100.00
    1    2872       Data/single  3079530348544 1073741824  3080604090368    2350  3100996796416  99.77
    1    2873       Data/single  3080604090368 1073741824  3081677832192    2351  3102070538240  99.72
    1    2874       Data/single  3081677832192 1073741824  3082751574016    2352  3103144280064 100.00
    1    2875       Data/single  3082751574016 1073741824  3083825315840    2353  3104218021888  99.78
    1    2876       Data/single  3083825315840 1073741824  3084899057664    2354  3105291763712 100.00
    1    2877       Data/single  3084899057664 1073741824  3085972799488    2355  3106365505536 100.00
    1    2878       Data/single  3085972799488 1073741824  3087046541312    2356  3107439247360  99.72
    1    2879       Data/single  3087046541312 1073741824  3088120283136    2357  3108512989184 100.00
    1    2880       Data/single  3088120283136 1073741824  3089194024960    2358  3109586731008 100.00
    1    2881       Data/single  3089194024960 1073741824  3090267766784    2359  3110660472832  99.75
    1    2882       Data/single  3090267766784 1073741824  3091341508608    2360  3111734214656 100.00
    1    2883       Data/single  3091341508608 1073741824  3092415250432    2361  3112807956480  99.99
    1    2884       Data/single  3092415250432 1073741824  3093488992256    2362  3113881698304  99.58
    1    2885       Data/single  3093488992256 1073741824  3094562734080    2363  3114955440128 100.00
    1    2886       Data/single  3094562734080 1073741824  3095636475904    2364  3116029181952 100.00
    1    2887       Data/single  3095636475904 1073741824  3096710217728    2365  3117102923776 100.00
    1    2888       Data/single  3096710217728 1073741824  3097783959552    2366  3118176665600 100.00
    1    2889       Data/single  3097783959552 1073741824  3098857701376    2367  3119250407424 100.00
    1    2890       Data/single  3098857701376 1073741824  3099931443200    2368  3120324149248  99.49
    1    2891       Data/single  3099931443200 1073741824  3101005185024    2369  3121397891072 100.00
    1    2892       Data/single  3101005185024 1073741824  3102078926848    2370  3122471632896 100.00
    1    2893       Data/single  3102078926848 1073741824  3103152668672    2371  3123545374720 100.00
    1    2894       Data/single  3103152668672 1073741824  3104226410496    2372  3124619116544  99.48
    1    2895       Data/single  3104226410496 1073741824  3105300152320    2373  3125692858368  99.80
    1    2896       Data/single  3105300152320 1073741824  3106373894144    2374  3126766600192  99.80
    1    2897       Data/single  3106373894144 1073741824  3107447635968    2375  3127840342016 100.00
    1    2898       Data/single  3107447635968 1073741824  3108521377792    2376  3128914083840 100.00
    1    2899       Data/single  3108521377792 1073741824  3109595119616    2377  3129987825664  99.52
    1    2900       Data/single  3109595119616 1073741824  3110668861440    2378  3131061567488 100.00
    1    2901       Data/single  3110668861440 1073741824  3111742603264    2379  3132135309312 100.00
    1    2902       Data/single  3111742603264 1073741824  3112816345088    2380  3133209051136 100.00
    1    2903       Data/single  3112816345088 1073741824  3113890086912    2381  3134282792960  99.99
    1    2904       Data/single  3113890086912 1073741824  3114963828736    2382  3135356534784 100.00
    1    2905       Data/single  3114963828736 1073741824  3116037570560    2383  3136430276608  99.90
    1    2906       Data/single  3116037570560 1073741824  3117111312384    2384  3137504018432 100.00
    1    2907       Data/single  3117111312384 1073741824  3118185054208    2385  3138577760256 100.00
    1    2908       Data/single  3118185054208 1073741824  3119258796032    2386  3139651502080 100.00
    1    2909       Data/single  3119258796032 1073741824  3120332537856    2387  3140725243904 100.00
    1    2910       Data/single  3120332537856 1073741824  3121406279680    2388  3141798985728 100.00
    1    2911       Data/single  3121406279680 1073741824  3122480021504    2389  3142872727552 100.00
    1    2912       Data/single  3122480021504 1073741824  3123553763328    2390  3143946469376  99.82
    1    2913       Data/single  3123553763328 1073741824  3124627505152    2391  3145020211200  99.67
    1    2914       Data/single  3124627505152 1073741824  3125701246976    2392  3146093953024 100.00
    1    2915       Data/single  3125701246976 1073741824  3126774988800    2393  3147167694848  99.72
    1    2916       Data/single  3126774988800 1073741824  3127848730624    2394  3148241436672 100.00
    1    2917       Data/single  3127848730624 1073741824  3128922472448    2395  3149315178496 100.00
    1    2918       Data/single  3128922472448 1073741824  3129996214272    2396  3150388920320 100.00
    1    2919       Data/single  3129996214272 1073741824  3131069956096    2397  3151462662144 100.00
    1    2920       Data/single  3131069956096 1073741824  3132143697920    2398  3152536403968  99.83
    1    2921       Data/single  3132143697920 1073741824  3133217439744    2399  3153610145792 100.00
    1    2922       Data/single  3133217439744 1073741824  3134291181568    2400  3154683887616  99.99
    1    2923       Data/single  3134291181568 1073741824  3135364923392    2401  3155757629440 100.00
    1    2924       Data/single  3135364923392 1073741824  3136438665216    2402  3156831371264 100.00
    1    2925       Data/single  3136438665216 1073741824  3137512407040    2403  3157905113088  99.99
    1    2926       Data/single  3137512407040 1073741824  3138586148864    2404  3158978854912 100.00
    1    2927       Data/single  3138586148864 1073741824  3139659890688    2405  3160052596736  99.99
    1    2928       Data/single  3139659890688 1073741824  3140733632512    2406  3161126338560 100.00
    1    2929       Data/single  3140733632512 1073741824  3141807374336    2407  3162200080384  99.77
    1    2930       Data/single  3141807374336 1073741824  3142881116160    2408  3163273822208 100.00
    1    2931       Data/single  3142881116160 1073741824  3143954857984    2409  3164347564032  99.98
    1    2932       Data/single  3143954857984 1073741824  3145028599808    2410  3165421305856 100.00
    1    2933       Data/single  3145028599808 1073741824  3146102341632    2411  3166495047680  99.96
    1    2934       Data/single  3146102341632 1073741824  3147176083456    2412  3167568789504  99.98
    1    2935       Data/single  3147176083456 1073741824  3148249825280    2413  3168642531328  99.98
    1    2936       Data/single  3148249825280 1073741824  3149323567104    2414  3169716273152  99.99
    1    2937       Data/single  3149323567104 1073741824  3150397308928    2415  3170790014976 100.00
    1    2938       Data/single  3150397308928 1073741824  3151471050752    2416  3171863756800 100.00
    1    2939       Data/single  3151471050752 1073741824  3152544792576    2417  3172937498624 100.00
    1    2940       Data/single  3152544792576 1073741824  3153618534400    2418  3174011240448 100.00
    1    2941       Data/single  3153618534400 1073741824  3154692276224    2419  3175084982272 100.00
    1    2942       Data/single  3154692276224 1073741824  3155766018048    2420  3176158724096 100.00
    1    2943       Data/single  3155766018048 1073741824  3156839759872    2421  3177232465920  97.33
    1    2944       Data/single  3156839759872 1073741824  3157913501696    2422  3178306207744 100.00
    1    2945       Data/single  3157913501696 1073741824  3158987243520    2423  3179379949568 100.00
    1    2946       Data/single  3158987243520 1073741824  3160060985344    2424  3180453691392  99.51
    1    2947       Data/single  3160060985344 1073741824  3161134727168    2425  3181527433216 100.00
    1    2948       Data/single  3161134727168 1073741824  3162208468992    2426  3182601175040 100.00
    1    2949       Data/single  3162208468992 1073741824  3163282210816    2427  3183674916864 100.00
    1    2950       Data/single  3163282210816 1073741824  3164355952640    2428  3184748658688  99.30
    1    2951       Data/single  3164355952640 1073741824  3165429694464    2429  3185822400512 100.00
    1    2952       Data/single  3165429694464 1073741824  3166503436288    2430  3186896142336 100.00
    1    2953       Data/single  3166503436288 1073741824  3167577178112    2431  3187969884160 100.00
    1    2954       Data/single  3167577178112 1073741824  3168650919936    2432  3189043625984 100.00
    1    2955       Data/single  3168650919936 1073741824  3169724661760    2433  3190117367808 100.00
    1    2956       Data/single  3169724661760 1073741824  3170798403584    2434  3191191109632 100.00
    1    2957       Data/single  3170798403584 1073741824  3171872145408    2435  3192264851456  99.96
    1    2958       Data/single  3171872145408 1073741824  3172945887232    2436  3193338593280 100.00
    1    2959       Data/single  3172945887232 1073741824  3174019629056    2437  3194412335104 100.00
    1    2960       Data/single  3174019629056 1073741824  3175093370880    2438  3195486076928  99.80
    1    2961       Data/single  3175093370880 1073741824  3176167112704    2439  3196559818752 100.00
    1    2962       Data/single  3176167112704 1073741824  3177240854528    2440  3197633560576  99.99
    1    2963       Data/single  3177240854528 1073741824  3178314596352    2441  3198707302400  99.21
    1    2964       Data/single  3178314596352 1073741824  3179388338176    2442  3199781044224  99.16
    1    2965       Data/single  3179388338176 1073741824  3180462080000    2443  3200854786048 100.00
    1    2966       Data/single  3180462080000 1073741824  3181535821824    2444  3201928527872 100.00
    1    2967       Data/single  3181535821824 1073741824  3182609563648    2445  3203002269696 100.00
    1    2968       Data/single  3182609563648 1073741824  3183683305472    2446  3204076011520 100.00
    1    2969       Data/single  3183683305472 1073741824  3184757047296    2447  3205149753344 100.00
    1    2970       Data/single  3184757047296 1073741824  3185830789120    2448  3206223495168  99.76
    1    2971       Data/single  3185830789120 1073741824  3186904530944    2449  3207297236992  99.45
    1    2972       Data/single  3186904530944 1073741824  3187978272768    2450  3208370978816 100.00
    1    2973       Data/single  3187978272768 1073741824  3189052014592    2451  3209444720640 100.00
    1    2974       Data/single  3189052014592 1073741824  3190125756416    2452  3210518462464  99.67
    1    2975       Data/single  3190125756416 1073741824  3191199498240    2453  3211592204288 100.00
    1    2976       Data/single  3191199498240 1073741824  3192273240064    2454  3212665946112 100.00
    1    2977       Data/single  3192273240064 1073741824  3193346981888    2455  3213739687936  99.05
    1    2978       Data/single  3193346981888 1073741824  3194420723712    2456  3214813429760 100.00
    1    2979       Data/single  3194420723712 1073741824  3195494465536    2457  3215887171584 100.00
    1    2980       Data/single  3195494465536 1073741824  3196568207360    2458  3216960913408 100.00
    1    2981       Data/single  3196568207360 1073741824  3197641949184    2459  3218034655232  99.40
    1    2982       Data/single  3197641949184 1073741824  3198715691008    2460  3219108397056  99.91
    1    2983       Data/single  3198715691008 1073741824  3199789432832    2461  3220182138880 100.00
    1    2984       Data/single  3199789432832 1073741824  3200863174656    2462  3221255880704  99.61
    1    2985       Data/single  3200863174656 1073741824  3201936916480    2463  3222329622528  99.18
    1    2986       Data/single  3201936916480 1073741824  3203010658304    2464  3223403364352  99.88
    1    2987       Data/single  3203010658304 1073741824  3204084400128    2465  3224477106176 100.00
    1    2988       Data/single  3204084400128 1073741824  3205158141952    2466  3225550848000  99.11
    1    2989       Data/single  3205158141952 1073741824  3206231883776    2467  3226624589824  99.98
    1    2990       Data/single  3206231883776 1073741824  3207305625600    2468  3227698331648 100.00
    1    2991       Data/single  3207305625600 1073741824  3208379367424    2469  3228772073472  99.55
    1    2992       Data/single  3208379367424 1073741824  3209453109248    2470  3229845815296 100.00
    1    2993       Data/single  3209453109248 1073741824  3210526851072    2471  3230919557120  99.81
    1    2994       Data/single  3210526851072 1073741824  3211600592896    2472  3231993298944  99.91
    1    2995       Data/single  3211600592896 1073741824  3212674334720    2473  3233067040768  99.68
    1    2996       Data/single  3212674334720 1073741824  3213748076544    2474  3234140782592 100.00
    1    2997       Data/single  3213748076544 1073741824  3214821818368    2475  3235214524416 100.00
    1    2998       Data/single  3214821818368 1073741824  3215895560192    2476  3236288266240  98.91
    1    2999       Data/single  3215895560192 1073741824  3216969302016    2477  3237362008064 100.00
    1    3000       Data/single  3216969302016 1073741824  3218043043840    2478  3238435749888 100.00
    1    3001       Data/single  3218043043840 1073741824  3219116785664    2479  3239509491712 100.00
    1    3002       Data/single  3219116785664 1073741824  3220190527488    2480  3240583233536  99.73
    1    3003       Data/single  3220190527488 1073741824  3221264269312    2481  3241656975360 100.00
    1    3004       Data/single  3221264269312 1073741824  3222338011136    2482  3242730717184  99.72
    1    3005       Data/single  3222338011136 1073741824  3223411752960    2483  3243804459008 100.00
    1    3006       Data/single  3223411752960 1073741824  3224485494784    2484  3244878200832  99.96
    1    3007       Data/single  3224485494784 1073741824  3225559236608    2485  3245951942656 100.00
    1    3008       Data/single  3225559236608 1073741824  3226632978432    2486  3247025684480  99.73
    1    3009       Data/single  3226632978432 1073741824  3227706720256    2487  3248099426304  99.14
    1    3010       Data/single  3227706720256 1073741824  3228780462080    2488  3249173168128 100.00
    1    3011       Data/single  3228780462080 1073741824  3229854203904    2489  3250246909952 100.00
    1    3012       Data/single  3229854203904 1073741824  3230927945728    2490  3251320651776  99.66
    1    3013       Data/single  3230927945728 1073741824  3232001687552    2491  3252394393600  99.99
    1    3014       Data/single  3232001687552 1073741824  3233075429376    2492  3253468135424 100.00
    1    3015       Data/single  3233075429376 1073741824  3234149171200    2493  3254541877248  98.83
    1    3016       Data/single  3234149171200 1073741824  3235222913024    2494  3255615619072 100.00
    1    3017       Data/single  3235222913024 1073741824  3236296654848    2495  3256689360896 100.00
    1    3018       Data/single  3236296654848 1073741824  3237370396672    2496  3257763102720 100.00
    1    3019       Data/single  3237370396672 1073741824  3238444138496    2497  3258836844544  99.18
    1    3020       Data/single  3238444138496 1073741824  3239517880320    2498  3259910586368  99.95
    1    3021       Data/single  3239517880320 1073741824  3240591622144    2499  3260984328192 100.00
    1    3022       Data/single  3240591622144 1073741824  3241665363968    2500  3262058070016 100.00
    1    3023       Data/single  3241665363968 1073741824  3242739105792    2501  3263131811840  99.96
    1    3024       Data/single  3242739105792 1073741824  3243812847616    2502  3264205553664 100.00
    1    3025       Data/single  3243812847616 1073741824  3244886589440    2503  3265279295488 100.00
    1    3026       Data/single  3244886589440 1073741824  3245960331264    2504  3266353037312  98.94
    1    3027       Data/single  3245960331264 1073741824  3247034073088    2505  3267426779136 100.00
    1    3028       Data/single  3247034073088 1073741824  3248107814912    2506  3268500520960 100.00
    1    3029       Data/single  3248107814912 1073741824  3249181556736    2507  3269574262784 100.00
    1    3030       Data/single  3249181556736 1073741824  3250255298560    2508  3270648004608  99.99
    1    3031       Data/single  3250255298560 1073741824  3251329040384    2509  3271721746432  99.19
    1    3032       Data/single  3251329040384 1073741824  3252402782208    2510  3272795488256  99.95
    1    3033       Data/single  3252402782208 1073741824  3253476524032    2511  3273869230080 100.00
    1    3034       Data/single  3253476524032 1073741824  3254550265856    2512  3274942971904 100.00
    1    3035       Data/single  3254550265856 1073741824  3255624007680    2513  3276016713728 100.00
    1    3036       Data/single  3255624007680 1073741824  3256697749504    2514  3277090455552 100.00
    1    3037       Data/single  3256697749504 1073741824  3257771491328    2515  3278164197376  99.52
    1    3038       Data/single  3257771491328 1073741824  3258845233152    2516  3279237939200  95.80
    1    3039       Data/single  3258845233152 1073741824  3259918974976    2517  3280311681024 100.00
    1    3040       Data/single  3259918974976 1073741824  3260992716800    2518  3281385422848 100.00
    1    3041       Data/single  3260992716800 1073741824  3262066458624    2519  3282459164672  99.24
    1    3042       Data/single  3262066458624 1073741824  3263140200448    2520  3283532906496  99.51
    1    3043       Data/single  3263140200448 1073741824  3264213942272    2521  3284606648320 100.00
    1    3044       Data/single  3264213942272 1073741824  3265287684096    2522  3285680390144 100.00
    1    3045       Data/single  3265287684096 1073741824  3266361425920    2523  3286754131968  96.16
    1    3046       Data/single  3266361425920 1073741824  3267435167744    2524  3287827873792 100.00
    1    3047       Data/single  3267435167744 1073741824  3268508909568    2525  3288901615616 100.00
    1    3048       Data/single  3268508909568 1073741824  3269582651392    2526  3289975357440  95.47
    1    3049       Data/single  3269582651392 1073741824  3270656393216    2527  3291049099264 100.00
    1    3050       Data/single  3270656393216 1073741824  3271730135040    2528  3292122841088  99.99
    1    3051       Data/single  3271730135040 1073741824  3272803876864    2529  3293196582912  96.04
    1    3052       Data/single  3272803876864 1073741824  3273877618688    2530  3294270324736 100.00
    1    3053       Data/single  3273877618688 1073741824  3274951360512    2531  3295344066560 100.00
    1    3054       Data/single  3274951360512 1073741824  3276025102336    2532  3296417808384 100.00
    1    3055       Data/single  3276025102336 1073741824  3277098844160    2533  3297491550208  99.77
    1    3056       Data/single  3277098844160 1073741824  3278172585984    2534  3298565292032 100.00
    1    3057       Data/single  3278172585984 1073741824  3279246327808    2535  3299639033856 100.00
    1    3058       Data/single  3279246327808 1073741824  3280320069632    2536  3300712775680  99.74
    1    3059       Data/single  3280320069632 1073741824  3281393811456    2537  3301786517504 100.00
    1    3060       Data/single  3281393811456 1073741824  3282467553280    2538  3302860259328 100.00
    1    3061       Data/single  3282467553280 1073741824  3283541295104    2539  3303934001152  99.76
    1    3062       Data/single  3283541295104 1073741824  3284615036928    2540  3305007742976 100.00
    1    3063       Data/single  3284615036928 1073741824  3285688778752    2541  3306081484800  99.90
    1    3064       Data/single  3285688778752 1073741824  3286762520576    2542  3307155226624 100.00
    1    3065       Data/single  3286762520576 1073741824  3287836262400    2543  3308228968448  99.07
    1    3066       Data/single  3287836262400 1073741824  3288910004224    2544  3309302710272 100.00
    1    3067       Data/single  3288910004224 1073741824  3289983746048    2545  3310376452096  99.98
    1    3068       Data/single  3289983746048 1073741824  3291057487872    2546  3311450193920  99.38
    1    3069       Data/single  3291057487872 1073741824  3292131229696    2547  3312523935744  99.41
    1    3070       Data/single  3292131229696 1073741824  3293204971520    2548  3313597677568 100.00
    1    3071       Data/single  3293204971520 1073741824  3294278713344    2549  3314671419392 100.00
    1    3072       Data/single  3294278713344 1073741824  3295352455168    2550  3315745161216 100.00
    1    3073       Data/single  3295352455168 1073741824  3296426196992    2551  3316818903040  99.72
    1    3074       Data/single  3296426196992 1073741824  3297499938816    2552  3317892644864 100.00
    1    3075       Data/single  3297499938816 1073741824  3298573680640    2553  3318966386688 100.00
    1    3076       Data/single  3298573680640 1073741824  3299647422464    2554  3320040128512  99.63
    1    3077       Data/single  3299647422464 1073741824  3300721164288    2555  3321113870336  99.96
    1    3078       Data/single  3300721164288 1073741824  3301794906112    2556  3322187612160 100.00
    1    3079       Data/single  3301794906112 1073741824  3302868647936    2557  3323261353984  99.89
    1    3080       Data/single  3302868647936 1073741824  3303942389760    2558  3324335095808  99.73
    1    3081       Data/single  3303942389760 1073741824  3305016131584    2559  3325408837632  99.62
    1    3082       Data/single  3305016131584 1073741824  3306089873408    2560  3326482579456 100.00
    1    3083       Data/single  3306089873408 1073741824  3307163615232    2561  3327556321280 100.00
    1    3084       Data/single  3307163615232 1073741824  3308237357056    2562  3328630063104 100.00
    1    3085       Data/single  3308237357056 1073741824  3309311098880    2563  3329703804928 100.00
    1    3086       Data/single  3309311098880 1073741824  3310384840704    2564  3330777546752 100.00
    1    3087       Data/single  3310384840704 1073741824  3311458582528    2565  3331851288576  99.70
    1    3088       Data/single  3311458582528 1073741824  3312532324352    2566  3332925030400  99.35
    1    3089       Data/single  3312532324352 1073741824  3313606066176    2567  3333998772224 100.00
    1    3090       Data/single  3313606066176 1073741824  3314679808000    2568  3335072514048 100.00
    1    3091       Data/single  3314679808000 1073741824  3315753549824    2569  3336146255872  98.93
    1    3092       Data/single  3315753549824 1073741824  3316827291648    2570  3337219997696 100.00
    1    3093       Data/single  3316827291648 1073741824  3317901033472    2571  3338293739520  99.89
    1    3094       Data/single  3317901033472 1073741824  3318974775296    2572  3339367481344 100.00
    1    3095       Data/single  3318974775296 1073741824  3320048517120    2573  3340441223168  99.42
    1    3096       Data/single  3320048517120 1073741824  3321122258944    2574  3341514964992 100.00
    1    3097       Data/single  3321122258944 1073741824  3322196000768    2575  3342588706816 100.00
    1    3098       Data/single  3322196000768 1073741824  3323269742592    2576  3343662448640  99.60
    1    3099       Data/single  3323269742592 1073741824  3324343484416    2577  3344736190464 100.00
    1    3100       Data/single  3324343484416 1073741824  3325417226240    2578  3345809932288 100.00
    1    3101       Data/single  3325417226240 1073741824  3326490968064    2579  3346883674112 100.00
    1    3102       Data/single  3326490968064 1073741824  3327564709888    2580  3347957415936  94.90
    1    3103       Data/single  3327564709888 1073741824  3328638451712    2581  3349031157760 100.00
    1    3104       Data/single  3328638451712 1073741824  3329712193536    2582  3350104899584  99.57
    1    3105       Data/single  3329712193536 1073741824  3330785935360    2583  3351178641408  99.09
    1    3106       Data/single  3330785935360 1073741824  3331859677184    2584  3352252383232  95.16
    1    3107       Data/single  3331859677184 1073741824  3332933419008    2585  3353326125056 100.00
    1    3108       Data/single  3332933419008 1073741824  3334007160832    2586  3354399866880  99.08
    1    3109       Data/single  3334007160832 1073741824  3335080902656    2587  3355473608704  99.28
    1    3110       Data/single  3335080902656 1073741824  3336154644480    2588  3356547350528  99.80
    1    3111       Data/single  3336154644480 1073741824  3337228386304    2589  3357621092352  99.68
    1    3112       Data/single  3337228386304 1073741824  3338302128128    2590  3358694834176  99.76
    1    3113       Data/single  3338302128128 1073741824  3339375869952    2591  3359768576000  99.56
    1    3114       Data/single  3339375869952 1073741824  3340449611776    2592  3360842317824  99.69
    1    3115       Data/single  3340449611776 1073741824  3341523353600    2593  3361916059648  99.79
    1    3116       Data/single  3341523353600 1073741824  3342597095424    2594  3362989801472  98.72
    1    3117       Data/single  3342597095424 1073741824  3343670837248    2595  3364063543296  99.96
    1    3118       Data/single  3343670837248 1073741824  3344744579072    2596  3365137285120  99.48
    1    3119       Data/single  3344744579072 1073741824  3345818320896    2597  3366211026944  99.47
    1    3120       Data/single  3345818320896 1073741824  3346892062720    2598  3367284768768  99.05
    1    3121       Data/single  3346892062720 1073741824  3347965804544    2599  3368358510592 100.00
    1    3122       Data/single  3347965804544 1073741824  3349039546368    2600  3369432252416  99.42
    1    3123       Data/single  3349039546368 1073741824  3350113288192    2601  3370505994240  99.80
    1    3124       Data/single  3350113288192 1073741824  3351187030016    2602  3371579736064  99.39
    1    3125       Data/single  3351187030016 1073741824  3352260771840    2603  3372653477888  99.86
    1    3126       Data/single  3352260771840 1073741824  3353334513664    2604  3373727219712  99.78
    1    3127       Data/single  3353334513664 1073741824  3354408255488    2605  3374800961536  99.72
    1    3128       Data/single  3354408255488 1073741824  3355481997312    2606  3375874703360  98.51
    1    3129       Data/single  3355481997312 1073741824  3356555739136    2607  3376948445184  99.12
    1    3130       Data/single  3356555739136 1073741824  3357629480960    2608  3378022187008  99.66
    1    3131       Data/single  3357629480960 1073741824  3358703222784    2609  3379095928832  99.66
    1    3132       Data/single  3358703222784 1073741824  3359776964608    2610  3380169670656  99.43
    1    1008   Metadata/DUP     1078075588608 1073741824  1079149330432    2611  3423119343616  84.35
    1    1009   Metadata/DUP     1079149330432 1073741824  1080223072256    2612  3423119343616  84.35
    1    3256       Data/single  3491847208960 1073741824  3492920950784    2613  3514387398656  92.65
    1    3257       Data/single  3492920950784 1073741824  3493994692608    2614  3515461140480  99.99
    1    3258       Data/single  3493994692608 1073741824  3495068434432    2615  3516534882304 100.00
    1    3259       Data/single  3495068434432 1073741824  3496142176256    2616  3517608624128 100.00
    1    3260       Data/single  3496142176256 1073741824  3497215918080    2617  3518682365952 100.00
    1    3261       Data/single  3497215918080 1073741824  3498289659904    2618  3519756107776  93.63
    1    3262       Data/single  3498289659904 1073741824  3499363401728    2619  3520829849600  99.98
    1    3263       Data/single  3499363401728 1073741824  3500437143552    2620  3521903591424  99.99
    1    3264       Data/single  3500437143552 1073741824  3501510885376    2621  3522977333248  99.66
    1    3265       Data/single  3501510885376 1073741824  3502584627200    2622  3524051075072  99.99
    1    3266       Data/single  3502584627200 1073741824  3503658369024    2623  3525124816896  99.78
    1    3267       Data/single  3503658369024 1073741824  3504732110848    2624  3526198558720 100.00
    1    3268       Data/single  3504732110848 1073741824  3505805852672    2625  3527272300544 100.00
    1    3269       Data/single  3505805852672 1073741824  3506879594496    2626  3528346042368 100.00
    1    3270       Data/single  3506879594496 1073741824  3507953336320    2627  3529419784192 100.00
    1    3271       Data/single  3507953336320 1073741824  3509027078144    2628  3530493526016 100.00
    1    3272       Data/single  3509027078144 1073741824  3510100819968    2629  3531567267840 100.00
    1    3273       Data/single  3510100819968 1073741824  3511174561792    2630  3532641009664  99.96
    1    3274       Data/single  3511174561792 1073741824  3512248303616    2631  3533714751488  99.26
    1    3275       Data/single  3512248303616 1073741824  3513322045440    2632  3534788493312  99.53
    1    3276       Data/single  3513322045440 1073741824  3514395787264    2633  3535862235136  99.85
    1    3277       Data/single  3514395787264 1073741824  3515469529088    2634  3536935976960  99.94
    1    3278       Data/single  3515469529088 1073741824  3516543270912    2635  3538009718784  99.83
    1    3279       Data/single  3516543270912 1073741824  3517617012736    2636  3539083460608  99.01
    1    3280       Data/single  3517617012736 1073741824  3518690754560    2637  3540157202432  99.97
    1    3281       Data/single  3518690754560 1073741824  3519764496384    2638  3541230944256  99.81
    1    3282       Data/single  3519764496384 1073741824  3520838238208    2639  3542304686080  99.81
    1    3283       Data/single  3520838238208 1073741824  3521911980032    2640  3543378427904  99.62
    1    3284       Data/single  3521911980032 1073741824  3522985721856    2641  3544452169728  99.84
    1    3285       Data/single  3522985721856 1073741824  3524059463680    2642  3545525911552  99.96
    1    3286       Data/single  3524059463680 1073741824  3525133205504    2643  3546599653376  99.97
    1    3287       Data/single  3525133205504 1073741824  3526206947328    2644  3547673395200  99.02
    1    3288       Data/single  3526206947328 1073741824  3527280689152    2645  3548747137024 100.00
    1    3289       Data/single  3527280689152 1073741824  3528354430976    2646  3549820878848  99.75
    1    3290       Data/single  3528354430976 1073741824  3529428172800    2647  3550894620672  99.99
    1    3291       Data/single  3529428172800 1073741824  3530501914624    2648  3551968362496  99.16
    1    3292       Data/single  3530501914624 1073741824  3531575656448    2649  3553042104320  99.98
    1    3293       Data/single  3531575656448 1073741824  3532649398272    2650  3554115846144  99.95
    1    3294       Data/single  3532649398272 1073741824  3533723140096    2651  3555189587968  99.83
    1    3295       Data/single  3533723140096 1073741824  3534796881920    2652  3556263329792  99.01
    1    3296       Data/single  3534796881920 1073741824  3535870623744    2653  3557337071616 100.00
    1    3297       Data/single  3535870623744 1073741824  3536944365568    2654  3558410813440  99.28
    1    3298       Data/single  3536944365568 1073741824  3538018107392    2655  3559484555264  99.99
    1    3299       Data/single  3538018107392 1073741824  3539091849216    2656  3560558297088  99.98
    1    3300       Data/single  3539091849216 1073741824  3540165591040    2657  3561632038912  99.99
    1    3301       Data/single  3540165591040 1073741824  3541239332864    2658  3562705780736  99.96
    1    3302       Data/single  3541239332864 1073741824  3542313074688    2659  3563779522560  99.88
    1    3303       Data/single  3542313074688 1073741824  3543386816512    2660  3564853264384  99.97
    1    3304       Data/single  3543386816512 1073741824  3544460558336    2661  3565927006208  99.97
    1    3305       Data/single  3544460558336 1073741824  3545534300160    2662  3567000748032  99.98
    1    3306       Data/single  3545534300160 1073741824  3546608041984    2663  3568074489856  99.82
    1    3307       Data/single  3546608041984 1073741824  3547681783808    2664  3569148231680  99.79
    1    3308       Data/single  3547681783808 1073741824  3548755525632    2665  3570221973504 100.00
    1    3309       Data/single  3548755525632 1073741824  3549829267456    2666  3571295715328  99.98
    1    3310       Data/single  3549829267456 1073741824  3550903009280    2667  3572369457152  99.14
    1    3311       Data/single  3550903009280 1073741824  3551976751104    2668  3573443198976  99.80
    1    3312       Data/single  3551976751104 1073741824  3553050492928    2669  3574516940800  99.98
    1    3313       Data/single  3553050492928 1073741824  3554124234752    2670  3575590682624  99.44
    1    3314       Data/single  3554124234752 1073741824  3555197976576    2671  3576664424448  99.30
    1    3315       Data/single  3555197976576 1073741824  3556271718400    2672  3577738166272  99.97
    1    3316       Data/single  3556271718400 1073741824  3557345460224    2673  3578811908096  99.16
    1    3317       Data/single  3557345460224 1073741824  3558419202048    2674  3579885649920  99.80
    1    3318       Data/single  3558419202048 1073741824  3559492943872    2675  3580959391744  99.78
    1    3319       Data/single  3559492943872 1073741824  3560566685696    2676  3582033133568  99.81
    1    3320       Data/single  3560566685696 1073741824  3561640427520    2677  3583106875392  99.99
    1    3321       Data/single  3561640427520 1073741824  3562714169344    2678  3584180617216  99.88
    1    3322       Data/single  3562714169344 1073741824  3563787911168    2679  3585254359040  99.18
    1    3323       Data/single  3563787911168 1073741824  3564861652992    2680  3586328100864 100.00
    1    3324       Data/single  3564861652992 1073741824  3565935394816    2681  3587401842688  99.80
    1    3325       Data/single  3565935394816 1073741824  3567009136640    2682  3588475584512  99.29
    1    3326       Data/single  3567009136640 1073741824  3568082878464    2683  3589549326336  99.89
    1    3327       Data/single  3568082878464 1073741824  3569156620288    2684  3590623068160  99.72
    1    3328       Data/single  3569156620288 1073741824  3570230362112    2685  3591696809984  99.99
    1    3329       Data/single  3570230362112 1073741824  3571304103936    2686  3592770551808  99.84
    1    3330       Data/single  3571304103936 1073741824  3572377845760    2687  3593844293632  99.96
    1    3331       Data/single  3572377845760 1073741824  3573451587584    2688  3594918035456 100.00
    1    3332       Data/single  3573451587584 1073741824  3574525329408    2689  3595991777280  99.97
    1    3333       Data/single  3574525329408 1073741824  3575599071232    2690  3597065519104  99.93
    1    3334       Data/single  3575599071232 1073741824  3576672813056    2691  3598139260928  92.45
    1    3335       Data/single  3576672813056 1073741824  3577746554880    2692  3599213002752 100.00
    1    3336       Data/single  3577746554880 1073741824  3578820296704    2693  3600286744576  99.08
    1    3337       Data/single  3578820296704 1073741824  3579894038528    2694  3601360486400  99.99
    1    3338       Data/single  3579894038528 1073741824  3580967780352    2695  3602434228224 100.00
    1    3339       Data/single  3580967780352 1073741824  3582041522176    2696  3603507970048  99.80
    1    3340       Data/single  3582041522176 1073741824  3583115264000    2697  3604581711872  92.95
    1    3341       Data/single  3583115264000 1073741824  3584189005824    2698  3605655453696  99.93
    1    3342       Data/single  3584189005824 1073741824  3585262747648    2699  3606729195520  99.64
    1    3343       Data/single  3585262747648 1073741824  3586336489472    2700  3607802937344  99.62
    1    3344       Data/single  3586336489472 1073741824  3587410231296    2701  3608876679168  99.90
    1    3345       Data/single  3587410231296 1073741824  3588483973120    2702  3609950420992  93.16
    1    3346       Data/single  3588483973120 1073741824  3589557714944    2703  3611024162816  99.99
    1    3347       Data/single  3589557714944 1073741824  3590631456768    2704  3612097904640  99.39
    1    3348       Data/single  3590631456768 1073741824  3591705198592    2705  3613171646464  99.96
    1    3349       Data/single  3591705198592 1073741824  3592778940416    2706  3614245388288  99.11
    1    3350       Data/single  3592778940416 1073741824  3593852682240    2707  3615319130112 100.00
    1    3351       Data/single  3593852682240 1073741824  3594926424064    2708  3616392871936  92.47
    1    3352       Data/single  3594926424064 1073741824  3596000165888    2709  3617466613760  99.99
    1    3353       Data/single  3596000165888 1073741824  3597073907712    2710  3618540355584  99.80
    1    3354       Data/single  3597073907712 1073741824  3598147649536    2711  3619614097408  99.80
    1    3355       Data/single  3598147649536 1073741824  3599221391360    2712  3620687839232  99.96
    1    3356       Data/single  3599221391360 1073741824  3600295133184    2713  3621761581056  98.78
    1    3357       Data/single  3600295133184 1073741824  3601368875008    2714  3622835322880  99.97
    1    3358       Data/single  3601368875008 1073741824  3602442616832    2715  3623909064704 100.00
    1    3359       Data/single  3602442616832 1073741824  3603516358656    2716  3624982806528 100.00
    1    3360       Data/single  3603516358656 1073741824  3604590100480    2717  3626056548352  99.80
    1    3361       Data/single  3604590100480 1073741824  3605663842304    2718  3627130290176  99.79
    1    3362       Data/single  3605663842304 1073741824  3606737584128    2719  3628204032000 100.00
    1    3363       Data/single  3606737584128 1073741824  3607811325952    2720  3629277773824  99.96
    1    3364       Data/single  3607811325952 1073741824  3608885067776    2721  3630351515648  99.80
    1    3365       Data/single  3608885067776 1073741824  3609958809600    2722  3631425257472  99.97
    1    3366       Data/single  3609958809600 1073741824  3611032551424    2723  3632498999296  99.91
    1    3367       Data/single  3611032551424 1073741824  3612106293248    2724  3633572741120  99.95
    1    3368       Data/single  3612106293248 1073741824  3613180035072    2725  3634646482944  99.82
    1    3369       Data/single  3613180035072 1073741824  3614253776896    2726  3635720224768  99.24
    1    3370       Data/single  3614253776896 1073741824  3615327518720    2727  3636793966592 100.00
    1    3371       Data/single  3615327518720 1073741824  3616401260544    2728  3637867708416  99.80
    1    3372       Data/single  3616401260544 1073741824  3617475002368    2729  3638941450240 100.00
    1    3373       Data/single  3617475002368 1073741824  3618548744192    2730  3640015192064  93.41
    1    3374       Data/single  3618548744192 1073741824  3619622486016    2731  3641088933888  99.99
    1    3375       Data/single  3619622486016 1073741824  3620696227840    2732  3642162675712  99.80
    1    3376       Data/single  3620696227840 1073741824  3621769969664    2733  3643236417536  98.83
    1    3377       Data/single  3621769969664 1073741824  3622843711488    2734  3644310159360  99.80
    1    3378       Data/single  3622843711488 1073741824  3623917453312    2735  3645383901184 100.00
    1    3379       Data/single  3623917453312 1073741824  3624991195136    2736  3646457643008 100.00
    1    3380       Data/single  3624991195136 1073741824  3626064936960    2737  3647531384832  99.21
    1    3381       Data/single  3626064936960 1073741824  3627138678784    2738  3648605126656  99.85
    1    3382       Data/single  3627138678784 1073741824  3628212420608    2739  3649678868480  99.95
    1    3383       Data/single  3628212420608 1073741824  3629286162432    2740  3650752610304  99.51
    1    3384       Data/single  3629286162432 1073741824  3630359904256    2741  3651826352128  99.95
    1    3385       Data/single  3630359904256 1073741824  3631433646080    2742  3652900093952  99.61
    1    3386       Data/single  3631433646080 1073741824  3632507387904    2743  3653973835776  99.95
    1    3387       Data/single  3632507387904 1073741824  3633581129728    2744  3655047577600  98.80
    1    3388       Data/single  3633581129728 1073741824  3634654871552    2745  3656121319424  99.91
    1    3389       Data/single  3634654871552 1073741824  3635728613376    2746  3657195061248  99.31
    1    3390       Data/single  3635728613376 1073741824  3636802355200    2747  3658268803072  99.87
    1    3391       Data/single  3636802355200 1073741824  3637876097024    2748  3659342544896  99.98
    1    3392       Data/single  3637876097024 1073741824  3638949838848    2749  3660416286720  98.99
    1    3393       Data/single  3638949838848 1073741824  3640023580672    2750  3661490028544  99.96
    1    3394       Data/single  3640023580672 1073741824  3641097322496    2751  3662563770368  99.95
    1    3395       Data/single  3641097322496 1073741824  3642171064320    2752  3663637512192  99.99
    1    3396       Data/single  3642171064320 1073741824  3643244806144    2753  3664711254016 100.00
    1    3397       Data/single  3643244806144 1073741824  3644318547968    2754  3665784995840  99.98
    1    3398       Data/single  3644318547968 1073741824  3645392289792    2755  3666858737664  99.82
    1    3399       Data/single  3645392289792 1073741824  3646466031616    2756  3667932479488  99.99
    1    3400       Data/single  3646466031616 1073741824  3647539773440    2757  3669006221312 100.00
    1    3401       Data/single  3647539773440 1073741824  3648613515264    2758  3670079963136  99.93
    1    3402       Data/single  3648613515264 1073741824  3649687257088    2759  3671153704960  99.99
    1    3403       Data/single  3649687257088 1073741824  3650760998912    2760  3672227446784  99.73
    1    3404       Data/single  3650760998912 1073741824  3651834740736    2761  3673301188608 100.00
    1    3405       Data/single  3651834740736 1073741824  3652908482560    2762  3674374930432  99.71
    1    3406       Data/single  3652908482560 1073741824  3653982224384    2763  3675448672256  99.93
    1    3407       Data/single  3653982224384 1073741824  3655055966208    2764  3676522414080  99.99
    1    3408       Data/single  3655055966208 1073741824  3656129708032    2765  3677596155904  99.98
    1    3409       Data/single  3656129708032 1073741824  3657203449856    2766  3678669897728  99.96
    1    3410       Data/single  3657203449856 1073741824  3658277191680    2767  3679743639552  99.99
    1    3411       Data/single  3658277191680 1073741824  3659350933504    2768  3680817381376  99.79
    1    3412       Data/single  3659350933504 1073741824  3660424675328    2769  3681891123200  99.22
    1    3413       Data/single  3660424675328 1073741824  3661498417152    2770  3682964865024  99.96
    1    3414       Data/single  3661498417152 1073741824  3662572158976    2771  3684038606848  99.80
    1    3415       Data/single  3662572158976 1073741824  3663645900800    2772  3685112348672  99.67
    1    3416       Data/single  3663645900800 1073741824  3664719642624    2773  3686186090496  99.99
    1    3417       Data/single  3664719642624 1073741824  3665793384448    2774  3687259832320  99.80
    1    3418       Data/single  3665793384448 1073741824  3666867126272    2775  3688333574144  99.67
    1    3419       Data/single  3666867126272 1073741824  3667940868096    2776  3689407315968 100.00
    1    3420       Data/single  3667940868096 1073741824  3669014609920    2777  3690481057792  99.81
    1    3421       Data/single  3669014609920 1073741824  3670088351744    2778  3691554799616  99.47
    1    3422       Data/single  3670088351744 1073741824  3671162093568    2779  3692628541440 100.00
    1    3423       Data/single  3671162093568 1073741824  3672235835392    2780  3693702283264  99.80
    1    3424       Data/single  3672235835392 1073741824  3673309577216    2781  3694776025088  99.44
    1    3425       Data/single  3673309577216 1073741824  3674383319040    2782  3695849766912  99.53
    1    3426       Data/single  3674383319040 1073741824  3675457060864    2783  3696923508736 100.00
    1    3427       Data/single  3675457060864 1073741824  3676530802688    2784  3697997250560 100.00
    1    3428       Data/single  3676530802688 1073741824  3677604544512    2785  3699070992384 100.00
    1    3429       Data/single  3677604544512 1073741824  3678678286336    2786  3700144734208  99.67
    1    3430       Data/single  3678678286336 1073741824  3679752028160    2787  3701218476032  99.74
    1    3431       Data/single  3679752028160 1073741824  3680825769984    2788  3702292217856  99.84
    1    3432       Data/single  3680825769984 1073741824  3681899511808    2789  3703365959680 100.00
    1    3433       Data/single  3681899511808 1073741824  3682973253632    2790  3704439701504 100.00
    1    3434       Data/single  3682973253632 1073741824  3684046995456    2791  3705513443328  99.53
    1    3435       Data/single  3684046995456 1073741824  3685120737280    2792  3706587185152  99.99
    1    3436       Data/single  3685120737280 1073741824  3686194479104    2793  3707660926976  99.97
    1    3437       Data/single  3686194479104 1073741824  3687268220928    2794  3708734668800  99.56
    1    3438       Data/single  3687268220928 1073741824  3688341962752    2795  3709808410624  99.99
    1    3439       Data/single  3688341962752 1073741824  3689415704576    2796  3710882152448 100.00
    1    3440       Data/single  3689415704576 1073741824  3690489446400    2797  3711955894272  99.77
    1    3441       Data/single  3690489446400 1073741824  3691563188224    2798  3713029636096  99.79
    1    3442       Data/single  3691563188224 1073741824  3692636930048    2799  3714103377920  99.99
    1    3443       Data/single  3692636930048 1073741824  3693710671872    2800  3715177119744 100.00
    1    3444       Data/single  3693710671872 1073741824  3694784413696    2801  3716250861568  99.97
    1    3445       Data/single  3694784413696 1073741824  3695858155520    2802  3717324603392 100.00
    1    3446       Data/single  3695858155520 1073741824  3696931897344    2803  3718398345216  99.09
    1     935       Data/single   999692435456 1073741824  1000766177280    2804  3719472087040  99.95
    1     939       Data/single  1003987402752 1073741824  1005061144576    2805  3720545828864  99.99
    1    1010       Data/single  1080223072256 1073741824  1081296814080    2806  3721619570688  99.81
    1    1011       Data/single  1081296814080 1073741824  1082370555904    2807  3722693312512 100.00
    1    1012       Data/single  1082370555904 1073741824  1083444297728    2808  3723767054336  99.79
    1    1013       Data/single  1083444297728 1073741824  1084518039552    2809  3724840796160 100.00
    1    1014       Data/single  1084518039552 1073741824  1085591781376    2810  3725914537984  99.98
    1    1016       Data/single  1086665523200 1073741824  1087739265024    2811  3726988279808 100.00
    1    1017       Data/single  1087739265024 1073741824  1088813006848    2812  3728062021632  99.98
    1    1018       Data/single  1088813006848 1073741824  1089886748672    2813  3729135763456  99.44
    1    1019       Data/single  1089886748672 1073741824  1090960490496    2814  3730209505280  99.62
    1    1020       Data/single  1090960490496 1073741824  1092034232320    2815  3731283247104  99.99
    1    1021       Data/single  1092034232320 1073741824  1093107974144    2816  3732356988928  99.68
    1    1022       Data/single  1093107974144 1073741824  1094181715968    2817  3733430730752  99.34
    1    2058       Data/single  2205504503808 1073741824  2206578245632    2818  3734504472576  99.53
    1    3133       Data/single  3359776964608 1073741824  3360850706432    2819  3735578214400  99.54
    1    3134       Data/single  3360850706432 1073741824  3361924448256    2820  3736651956224  99.42
    1    3135       Data/single  3361924448256 1073741824  3362998190080    2821  3737725698048  99.99
    1    3136       Data/single  3362998190080 1073741824  3364071931904    2822  3738799439872  99.98
    1    3137       Data/single  3364071931904 1073741824  3365145673728    2823  3739873181696  99.68
    1    3138       Data/single  3365145673728 1073741824  3366219415552    2824  3740946923520  99.67
    1    3139       Data/single  3366219415552 1073741824  3367293157376    2825  3742020665344  99.67
    1    3140       Data/single  3367293157376 1073741824  3368366899200    2826  3743094407168  98.61
    1    3141       Data/single  3368366899200 1073741824  3369440641024    2827  3744168148992 100.00
    1    3142       Data/single  3369440641024 1073741824  3370514382848    2828  3745241890816  99.80
    1    3143       Data/single  3370514382848 1073741824  3371588124672    2829  3746315632640  99.99
    1    3144       Data/single  3371588124672 1073741824  3372661866496    2830  3747389374464  99.98
    1    3145       Data/single  3372661866496 1073741824  3373735608320    2831  3748463116288  99.41
    1    3146       Data/single  3373735608320 1073741824  3374809350144    2832  3749536858112  99.96
    1    3147       Data/single  3374809350144 1073741824  3375883091968    2833  3750610599936  99.37
    1    3148       Data/single  3375883091968 1073741824  3376956833792    2834  3751684341760  99.98
    1    3149       Data/single  3376956833792 1073741824  3378030575616    2835  3752758083584 100.00
    1    3150       Data/single  3378030575616 1073741824  3379104317440    2836  3753831825408  99.93
    1    3151       Data/single  3379104317440 1073741824  3380178059264    2837  3754905567232  99.10
    1    3152       Data/single  3380178059264 1073741824  3381251801088    2838  3755979309056  99.88
    1    3153       Data/single  3381251801088 1073741824  3382325542912    2839  3757053050880  99.67
    1    3154       Data/single  3382325542912 1073741824  3383399284736    2840  3758126792704 100.00
    1    3155       Data/single  3383399284736 1073741824  3384473026560    2841  3759200534528  99.80
    1    3156       Data/single  3384473026560 1073741824  3385546768384    2842  3760274276352  99.48
    1    3157       Data/single  3385546768384 1073741824  3386620510208    2843  3761348018176  99.89
    1    3158       Data/single  3386620510208 1073741824  3387694252032    2844  3762421760000 100.00
    1    3159       Data/single  3387694252032 1073741824  3388767993856    2845  3763495501824 100.00
    1    3160       Data/single  3388767993856 1073741824  3389841735680    2846  3764569243648 100.00
    1    3161       Data/single  3389841735680 1073741824  3390915477504    2847  3765642985472  99.67
    1    3162       Data/single  3390915477504 1073741824  3391989219328    2848  3766716727296  99.79
    1    3163       Data/single  3391989219328 1073741824  3393062961152    2849  3767790469120  99.68
    1    3164       Data/single  3393062961152 1073741824  3394136702976    2850  3768864210944  99.92
    1    3165       Data/single  3394136702976 1073741824  3395210444800    2851  3769937952768  99.51
    1    3166       Data/single  3395210444800 1073741824  3396284186624    2852  3771011694592  99.97
    1    3167       Data/single  3396284186624 1073741824  3397357928448    2853  3772085436416 100.00
    1    3168       Data/single  3397357928448 1073741824  3398431670272    2854  3773159178240  99.79
    1    3169       Data/single  3398431670272 1073741824  3399505412096    2855  3774232920064  99.71
    1    3170       Data/single  3399505412096 1073741824  3400579153920    2856  3775306661888  99.79
    1    3171       Data/single  3400579153920 1073741824  3401652895744    2857  3776380403712  99.16
    1    3172       Data/single  3401652895744 1073741824  3402726637568    2858  3777454145536  99.98
    1    3173       Data/single  3402726637568 1073741824  3403800379392    2859  3778527887360  99.93
    1    3174       Data/single  3403800379392 1073741824  3404874121216    2860  3779601629184  99.98
    1    3175       Data/single  3404874121216 1073741824  3405947863040    2861  3780675371008  99.60
    1    3176       Data/single  3405947863040 1073741824  3407021604864    2862  3781749112832  99.80
    1    3177       Data/single  3407021604864 1073741824  3408095346688    2863  3782822854656  99.47
    1    3178       Data/single  3408095346688 1073741824  3409169088512    2864  3783896596480  99.34
    1    3179       Data/single  3409169088512 1073741824  3410242830336    2865  3784970338304  99.75
    1    3180       Data/single  3410242830336 1073741824  3411316572160    2866  3786044080128  99.47
    1    3181       Data/single  3411316572160 1073741824  3412390313984    2867  3787117821952  99.81
    1    3182       Data/single  3412390313984 1073741824  3413464055808    2868  3788191563776  97.95
    1    3183       Data/single  3413464055808 1073741824  3414537797632    2869  3789265305600  99.70
    1    3184       Data/single  3414537797632 1073741824  3415611539456    2870  3790339047424  99.99
    1    3185       Data/single  3415611539456 1073741824  3416685281280    2871  3791412789248  99.69
    1    3186       Data/single  3416685281280 1073741824  3417759023104    2872  3792486531072  99.59
    1    3187       Data/single  3417759023104 1073741824  3418832764928    2873  3793560272896  99.66
    1    3188       Data/single  3418832764928 1073741824  3419906506752    2874  3794634014720  99.70
    1    3189       Data/single  3419906506752 1073741824  3420980248576    2875  3795707756544  99.80
    1    3190       Data/single  3420980248576 1073741824  3422053990400    2876  3796781498368  99.67
    1    3191       Data/single  3422053990400 1073741824  3423127732224    2877  3797855240192  99.60
    1    3192       Data/single  3423127732224 1073741824  3424201474048    2878  3798928982016  97.76
    1    3193       Data/single  3424201474048 1073741824  3425275215872    2879  3800002723840  99.03
    1    3194       Data/single  3425275215872 1073741824  3426348957696    2880  3801076465664  99.06
    1    3195       Data/single  3426348957696 1073741824  3427422699520    2881  3802150207488  99.70
    1    3196       Data/single  3427422699520 1073741824  3428496441344    2882  3803223949312  99.58
    1    3197       Data/single  3428496441344 1073741824  3429570183168    2883  3804297691136  99.69
    1    3198       Data/single  3429570183168 1073741824  3430643924992    2884  3805371432960  99.75
    1    3199       Data/single  3430643924992 1073741824  3431717666816    2885  3806445174784  99.68
    1    3200       Data/single  3431717666816 1073741824  3432791408640    2886  3807518916608  99.77
    1    3201       Data/single  3432791408640 1073741824  3433865150464    2887  3808592658432  99.72
    1    3202       Data/single  3433865150464 1073741824  3434938892288    2888  3809666400256  99.78
    1    3203       Data/single  3434938892288 1073741824  3436012634112    2889  3810740142080  99.59
    1    3204       Data/single  3436012634112 1073741824  3437086375936    2890  3811813883904  99.52
    1    3205       Data/single  3437086375936 1073741824  3438160117760    2891  3812887625728  99.83
    1    3206       Data/single  3438160117760 1073741824  3439233859584    2892  3813961367552  99.58
    1    3207       Data/single  3439233859584 1073741824  3440307601408    2893  3815035109376  99.68
    1    3208       Data/single  3440307601408 1073741824  3441381343232    2894  3816108851200  99.57
    1    3209       Data/single  3441381343232 1073741824  3442455085056    2895  3817182593024  99.82
    1    3210       Data/single  3442455085056 1073741824  3443528826880    2896  3818256334848  99.73
    1    3211       Data/single  3443528826880 1073741824  3444602568704    2897  3819330076672  99.64
    1    3212       Data/single  3444602568704 1073741824  3445676310528    2898  3820403818496  99.62
    1    3213       Data/single  3445676310528 1073741824  3446750052352    2899  3821477560320  99.94
    1    3214       Data/single  3446750052352 1073741824  3447823794176    2900  3822551302144  99.83
    1    3215       Data/single  3447823794176 1073741824  3448897536000    2901  3823625043968  99.90
    1    3216       Data/single  3448897536000 1073741824  3449971277824    2902  3824698785792  99.75
    1    3217       Data/single  3449971277824 1073741824  3451045019648    2903  3825772527616  99.86
    1    3218       Data/single  3451045019648 1073741824  3452118761472    2904  3826846269440  99.60
    1    3219       Data/single  3452118761472 1073741824  3453192503296    2905  3827920011264  99.88
    1    3220       Data/single  3453192503296 1073741824  3454266245120    2906  3828993753088  99.77
    1    3221       Data/single  3454266245120 1073741824  3455339986944    2907  3830067494912  99.93
    1    3222       Data/single  3455339986944 1073741824  3456413728768    2908  3831141236736  99.74
    1    3223       Data/single  3456413728768 1073741824  3457487470592    2909  3832214978560  99.88
    1    3224       Data/single  3457487470592 1073741824  3458561212416    2910  3833288720384  99.65
    1    3225       Data/single  3458561212416 1073741824  3459634954240    2911  3834362462208  99.83
    1    3226       Data/single  3459634954240 1073741824  3460708696064    2912  3835436204032  99.76
    1    3227       Data/single  3460708696064 1073741824  3461782437888    2913  3836509945856  99.81
    1    3228       Data/single  3461782437888 1073741824  3462856179712    2914  3837583687680  99.69
    1    3229       Data/single  3462856179712 1073741824  3463929921536    2915  3838657429504  99.76
    1    3230       Data/single  3463929921536 1073741824  3465003663360    2916  3839731171328  99.49
    1    3231       Data/single  3465003663360 1073741824  3466077405184    2917  3840804913152  99.87
    1    3232       Data/single  3466077405184 1073741824  3467151147008    2918  3841878654976  99.58
    1    3233       Data/single  3467151147008 1073741824  3468224888832    2919  3842952396800  99.73
    1    3234       Data/single  3468224888832 1073741824  3469298630656    2920  3844026138624  99.93
    1    3235       Data/single  3469298630656 1073741824  3470372372480    2921  3845099880448  99.81
    1    3236       Data/single  3470372372480 1073741824  3471446114304    2922  3846173622272  99.76
    1    3237       Data/single  3471446114304 1073741824  3472519856128    2923  3847247364096  99.86
    1    3238       Data/single  3472519856128 1073741824  3473593597952    2924  3848321105920  99.82
    1    3239       Data/single  3473593597952 1073741824  3474667339776    2925  3849394847744  99.84
    1    3240       Data/single  3474667339776 1073741824  3475741081600    2926  3850468589568  99.53
    1    3241       Data/single  3475741081600 1073741824  3476814823424    2927  3851542331392  99.71
    1    3242       Data/single  3476814823424 1073741824  3477888565248    2928  3852616073216  99.60
    1    3243       Data/single  3477888565248 1073741824  3478962307072    2929  3853689815040  99.75
    1    3244       Data/single  3478962307072 1073741824  3480036048896    2930  3854763556864  99.71
    1    3245       Data/single  3480036048896 1073741824  3481109790720    2931  3855837298688  99.86
    1    3246       Data/single  3481109790720 1073741824  3482183532544    2932  3856911040512  99.56
    1    3247       Data/single  3482183532544 1073741824  3483257274368    2933  3857984782336  99.86
    1    3248       Data/single  3483257274368 1073741824  3484331016192    2934  3859058524160  99.73
    1    3249       Data/single  3484331016192 1073741824  3485404758016    2935  3860132265984  99.78
    1    3250       Data/single  3485404758016 1073741824  3486478499840    2936  3861206007808  99.70
    1    3251       Data/single  3486478499840 1073741824  3487552241664    2937  3862279749632  99.55
    1    3252       Data/single  3487552241664 1073741824  3488625983488    2938  3863353491456  99.44
    1    3253       Data/single  3488625983488 1073741824  3489699725312    2939  3864427233280  99.78
    1    3254       Data/single  3489699725312 1073741824  3490773467136    2940  3865500975104  99.69
    1    3255       Data/single  3490773467136 1073741824  3491847208960    2941  3866574716928  99.85
    1    3447       Data/single  3696931897344 1073741824  3698005639168    2942  3867648458752  99.88
    1    3448       Data/single  3698005639168 1073741824  3699079380992    2943  3868722200576  99.87
    1    3449       Data/single  3699079380992 1073741824  3700153122816    2944  3869795942400  99.78
    1    3450       Data/single  3700153122816 1073741824  3701226864640    2945  3870869684224  99.75
    1    3451       Data/single  3701226864640 1073741824  3702300606464    2946  3871943426048  99.72
    1    3452       Data/single  3702300606464 1073741824  3703374348288    2947  3873017167872  99.75
    1    3453       Data/single  3703374348288 1073741824  3704448090112    2948  3874090909696  99.76
    1    3454       Data/single  3704448090112 1073741824  3705521831936    2949  3875164651520  99.73
    1    3455       Data/single  3705521831936 1073741824  3706595573760    2950  3876238393344  99.61
    1    3456       Data/single  3706595573760 1073741824  3707669315584    2951  3877312135168  99.93
    1    3457       Data/single  3707669315584 1073741824  3708743057408    2952  3878385876992  98.98
    1    3458       Data/single  3708743057408 1073741824  3709816799232    2953  3879459618816  99.71
    1    3459       Data/single  3709816799232 1073741824  3710890541056    2954  3880533360640  99.78
    1    3460       Data/single  3710890541056 1073741824  3711964282880    2955  3881607102464  99.24
    1    3461       Data/single  3711964282880 1073741824  3713038024704    2956  3882680844288  99.71
    1    3462       Data/single  3713038024704 1073741824  3714111766528    2957  3883754586112  99.92
    1    3463       Data/single  3714111766528 1073741824  3715185508352    2958  3884828327936  99.49
    1    3464       Data/single  3715185508352 1073741824  3716259250176    2959  3885902069760  99.76
    1    3465       Data/single  3716259250176 1073741824  3717332992000    2960  3886975811584  99.71
    1    3466       Data/single  3717332992000 1073741824  3718406733824    2961  3888049553408  99.93
    1    3467       Data/single  3718406733824 1073741824  3719480475648    2962  3889123295232  99.58
    1    3468       Data/single  3719480475648 1073741824  3720554217472    2963  3890197037056  99.77
    1    3469       Data/single  3720554217472 1073741824  3721627959296    2964  3891270778880  99.70
    1    3470       Data/single  3721627959296 1073741824  3722701701120    2965  3892344520704  99.91
    1    3471       Data/single  3722701701120 1073741824  3723775442944    2966  3893418262528  99.78
    1    3472       Data/single  3723775442944 1073741824  3724849184768    2967  3894492004352  99.79
    1    3473       Data/single  3724849184768 1073741824  3725922926592    2968  3895565746176  99.89
    1    3474       Data/single  3725922926592 1073741824  3726996668416    2969  3896639488000  99.91
    1    3475       Data/single  3726996668416 1073741824  3728070410240    2970  3897713229824  99.53
    1    3476       Data/single  3728070410240 1073741824  3729144152064    2971  3898786971648  99.92
    1    3477       Data/single  3729144152064 1073741824  3730217893888    2972  3899860713472  99.57
    1    3478       Data/single  3730217893888 1073741824  3731291635712    2973  3900934455296  99.89
    1    3479       Data/single  3731291635712 1073741824  3732365377536    2974  3902008197120  99.92
    1    3480       Data/single  3732365377536 1073741824  3733439119360    2975  3903081938944  99.93
    1    3481       Data/single  3733439119360 1073741824  3734512861184    2976  3904155680768  99.75
    1    3482       Data/single  3734512861184 1073741824  3735586603008    2977  3905229422592  99.98
    1    3483       Data/single  3735586603008 1073741824  3736660344832    2978  3906303164416  99.82
    1    3484       Data/single  3736660344832 1073741824  3737734086656    2979  3907376906240  99.76
    1    3485       Data/single  3737734086656 1073741824  3738807828480    2980  3908450648064  99.58
    1    3486       Data/single  3738807828480 1073741824  3739881570304    2981  3909524389888  99.89
    1    3487       Data/single  3739881570304 1073741824  3740955312128    2982  3910598131712  99.61
    1    3488       Data/single  3740955312128 1073741824  3742029053952    2983  3911671873536  99.76
    1    3489       Data/single  3742029053952 1073741824  3743102795776    2984  3912745615360  99.54
    1    3490       Data/single  3743102795776 1073741824  3744176537600    2985  3913819357184  99.75
    1    3491       Data/single  3744176537600 1073741824  3745250279424    2986  3914893099008  99.70
    1    3492       Data/single  3745250279424 1073741824  3746324021248    2987  3915966840832  99.96
    1    3493       Data/single  3746324021248 1073741824  3747397763072    2988  3917040582656  99.78
    1    3494       Data/single  3747397763072 1073741824  3748471504896    2989  3918114324480  99.95
    1    3495       Data/single  3748471504896 1073741824  3749545246720    2990  3919188066304  99.79
    1    3496       Data/single  3749545246720 1073741824  3750618988544    2991  3920261808128  99.94
    1    3497       Data/single  3750618988544 1073741824  3751692730368    2992  3921335549952  99.58
    1    3498       Data/single  3751692730368 1073741824  3752766472192    2993  3922409291776  99.77
    1    3499       Data/single  3752766472192 1073741824  3753840214016    2994  3923483033600  99.52
    1    3500       Data/single  3753840214016 1073741824  3754913955840    2995  3924556775424  99.90
    1    3501       Data/single  3754913955840 1073741824  3755987697664    2996  3925630517248  99.93
    1    3502       Data/single  3755987697664 1073741824  3757061439488    2997  3926704259072  99.78
    1    3503       Data/single  3757061439488 1073741824  3758135181312    2998  3927778000896  99.83
    1    3504       Data/single  3758135181312 1073741824  3759208923136    2999  3928851742720  99.96
    1    3505       Data/single  3759208923136 1073741824  3760282664960    3000  3929925484544  99.65
    1    3506       Data/single  3760282664960 1073741824  3761356406784    3001  3930999226368  99.79
    1    3507       Data/single  3761356406784 1073741824  3762430148608    3002  3932072968192  99.59
    1    3508       Data/single  3762430148608 1073741824  3763503890432    3003  3933146710016  99.97
    1    3509       Data/single  3763503890432 1073741824  3764577632256    3004  3934220451840  99.81
    1    3510       Data/single  3764577632256 1073741824  3765651374080    3005  3935294193664  99.97
    1    3511       Data/single  3765651374080 1073741824  3766725115904    3006  3936367935488  99.79
    1    3512       Data/single  3766725115904 1073741824  3767798857728    3007  3937441677312  99.78
    1    3513       Data/single  3767798857728 1073741824  3768872599552    3008  3938515419136  99.84
    1    3514       Data/single  3768872599552 1073741824  3769946341376    3009  3939589160960  99.91
    1    3515       Data/single  3769946341376 1073741824  3771020083200    3010  3940662902784  99.67
    1    3516       Data/single  3771020083200 1073741824  3772093825024    3011  3941736644608  99.78
    1    3517       Data/single  3772093825024 1073741824  3773167566848    3012  3942810386432  99.62
    1    3518       Data/single  3773167566848 1073741824  3774241308672    3013  3943884128256  99.72
    1    3519       Data/single  3774241308672 1073741824  3775315050496    3014  3944957870080  99.84
    1    3520       Data/single  3775315050496 1073741824  3776388792320    3015  3946031611904  99.92
    1    3521       Data/single  3776388792320 1073741824  3777462534144    3016  3947105353728  99.77
    1    3522       Data/single  3777462534144 1073741824  3778536275968    3017  3948179095552  99.73
    1    3523       Data/single  3778536275968 1073741824  3779610017792    3018  3949252837376  99.80
    1    3524       Data/single  3779610017792 1073741824  3780683759616    3019  3950326579200  99.84
    1    3525       Data/single  3780683759616 1073741824  3781757501440    3020  3951400321024 100.00
    1    3526       Data/single  3781757501440 1073741824  3782831243264    3021  3952474062848  99.93
    1    3527       Data/single  3782831243264 1073741824  3783904985088    3022  3953547804672  99.84
    1    3528       Data/single  3783904985088 1073741824  3784978726912    3023  3954621546496  99.86
    1    3529       Data/single  3784978726912 1073741824  3786052468736    3024  3955695288320  99.96
    1    3530       Data/single  3786052468736 1073741824  3787126210560    3025  3956769030144  99.61
    1    3531       Data/single  3787126210560 1073741824  3788199952384    3026  3957842771968  99.87
    1    3532       Data/single  3788199952384 1073741824  3789273694208    3027  3958916513792  99.68
    1    3533       Data/single  3789273694208 1073741824  3790347436032    3028  3959990255616  99.81
    1    3534       Data/single  3790347436032 1073741824  3791421177856    3029  3961063997440  99.76
    1    3535       Data/single  3791421177856 1073741824  3792494919680    3030  3962137739264  99.96
    1    3536       Data/single  3792494919680 1073741824  3793568661504    3031  3963211481088  99.71
    1    3537       Data/single  3793568661504 1073741824  3794642403328    3032  3964285222912  99.81
    1    3538       Data/single  3794642403328 1073741824  3795716145152    3033  3965358964736  99.95
    1    3539       Data/single  3795716145152 1073741824  3796789886976    3034  3966432706560  99.91
    1    3540       Data/single  3796789886976 1073741824  3797863628800    3035  3967506448384  99.74
    1    3541       Data/single  3797863628800 1073741824  3798937370624    3036  3968580190208  99.93
    1    3542       Data/single  3798937370624 1073741824  3800011112448    3037  3969653932032  99.73
    1    3543       Data/single  3800011112448 1073741824  3801084854272    3038  3970727673856  99.47
    1    3544       Data/single  3801084854272 1073741824  3802158596096    3039  3971801415680  99.68
    1    3545       Data/single  3802158596096 1073741824  3803232337920    3040  3972875157504  98.66
    1    3546       Data/single  3803232337920 1073741824  3804306079744    3041  3973948899328  99.98
    1    3547       Data/single  3804306079744 1073741824  3805379821568    3042  3975022641152  98.57
    1    3548       Data/single  3805379821568 1073741824  3806453563392    3043  3976096382976  99.57
    1    3549       Data/single  3806453563392 1073741824  3807527305216    3044  3977170124800  99.68
    1    3550       Data/single  3807527305216 1073741824  3808601047040    3045  3978243866624  99.45
    1    3551       Data/single  3808601047040 1073741824  3809674788864    3046  3979317608448  99.64
    1    3552       Data/single  3809674788864 1073741824  3810748530688    3047  3980391350272  99.50
    1    3553       Data/single  3810748530688 1073741824  3811822272512    3048  3981465092096  99.94
    1    3554       Data/single  3811822272512 1073741824  3812896014336    3049  3982538833920  99.75
    1    3555       Data/single  3812896014336 1073741824  3813969756160    3050  3983612575744  99.40
    1    3556       Data/single  3813969756160 1073741824  3815043497984    3051  3984686317568  99.58
    1    3557       Data/single  3815043497984 1073741824  3816117239808    3052  3985760059392  99.78
    1    3558       Data/single  3816117239808 1073741824  3817190981632    3053  3986833801216  99.77
    1    3559       Data/single  3817190981632 1073741824  3818264723456    3054  3987907543040  99.95
    1    3560       Data/single  3818264723456 1073741824  3819338465280    3055  3988981284864  99.66
    1    3561       Data/single  3819338465280 1073741824  3820412207104    3056  3990055026688  99.91
    1    3562       Data/single  3820412207104 1073741824  3821485948928    3057  3991128768512  99.82
    1    3563       Data/single  3821485948928 1073741824  3822559690752    3058  3992202510336  99.81
    1    3564       Data/single  3822559690752 1073741824  3823633432576    3059  3993276252160  99.83
    1    3565       Data/single  3823633432576 1073741824  3824707174400    3060  3994349993984  99.08
    1    3566       Data/single  3824707174400 1073741824  3825780916224    3061  3995423735808  99.65
    1    3567       Data/single  3825780916224 1073741824  3826854658048    3062  3996497477632  99.79
    1    3568       Data/single  3826854658048 1073741824  3827928399872    3063  3997571219456  99.60
    1    3569       Data/single  3827928399872 1073741824  3829002141696    3064  3998644961280  99.65
    1    3570       Data/single  3829002141696 1073741824  3830075883520    3065  3999718703104  99.44
    1    3571       Data/single  3830075883520 1073741824  3831149625344    3066  4000792444928  99.79
    1    3572       Data/single  3831149625344 1073741824  3832223367168    3067  4001866186752  99.73
    1    3573       Data/single  3832223367168 1073741824  3833297108992    3068  4002939928576  99.36
    1    3574       Data/single  3833297108992 1073741824  3834370850816    3069  4004013670400  98.37
    1    3575       Data/single  3834370850816 1073741824  3835444592640    3070  4005087412224  99.34
    1    3576       Data/single  3835444592640 1073741824  3836518334464    3071  4006161154048  99.54
    1    3577       Data/single  3836518334464 1073741824  3837592076288    3072  4007234895872  99.07
    1    3578       Data/single  3837592076288 1073741824  3838665818112    3073  4008308637696  99.88
    1    3579       Data/single  3838665818112 1073741824  3839739559936    3074  4009382379520  99.36
    1    3580       Data/single  3839739559936 1073741824  3840813301760    3075  4010456121344  99.60
    1    3581       Data/single  3840813301760 1073741824  3841887043584    3076  4011529863168  99.84
    1    3582       Data/single  3841887043584 1073741824  3842960785408    3077  4012603604992  99.77
    1    3583       Data/single  3842960785408 1073741824  3844034527232    3078  4013677346816  99.62
    1    3584       Data/single  3844034527232 1073741824  3845108269056    3079  4014751088640  99.56
    1    3585       Data/single  3845108269056 1073741824  3846182010880    3080  4015824830464  99.16
    1    3586       Data/single  3846182010880 1073741824  3847255752704    3081  4016898572288  99.50
    1    3587       Data/single  3847255752704 1073741824  3848329494528    3082  4017972314112  99.19
    1    3588       Data/single  3848329494528 1073741824  3849403236352    3083  4019046055936  99.77
    1    3589       Data/single  3849403236352 1073741824  3850476978176    3084  4020119797760  98.68
    1    3590       Data/single  3850476978176 1073741824  3851550720000    3085  4021193539584  99.60
    1    3591       Data/single  3851550720000 1073741824  3852624461824    3086  4022267281408  99.76
    1    3592       Data/single  3852624461824 1073741824  3853698203648    3087  4023341023232  99.66
    1    3593       Data/single  3853698203648 1073741824  3854771945472    3088  4024414765056  99.76
    1    3594       Data/single  3854771945472 1073741824  3855845687296    3089  4025488506880  99.55
    1    3595       Data/single  3855845687296 1073741824  3856919429120    3090  4026562248704  99.69
    1    3596       Data/single  3856919429120 1073741824  3857993170944    3091  4027635990528  99.64
    1    3597       Data/single  3857993170944 1073741824  3859066912768    3092  4028709732352  99.72
    1    3598       Data/single  3859066912768 1073741824  3860140654592    3093  4029783474176  99.73
    1    3599       Data/single  3860140654592 1073741824  3861214396416    3094  4030857216000  99.10
    1    3600       Data/single  3861214396416 1073741824  3862288138240    3095  4031930957824  99.80
    1    3601       Data/single  3862288138240 1073741824  3863361880064    3096  4033004699648  99.56
    1    3602       Data/single  3863361880064 1073741824  3864435621888    3097  4034078441472  99.51
    1    3603       Data/single  3864435621888 1073741824  3865509363712    3098  4035152183296  99.56
    1    3604       Data/single  3865509363712 1073741824  3866583105536    3099  4036225925120  99.71
    1    3605       Data/single  3866583105536 1073741824  3867656847360    3100  4037299666944  99.25
    1    3606       Data/single  3867656847360 1073741824  3868730589184    3101  4038373408768  99.65
    1    3607       Data/single  3868730589184 1073741824  3869804331008    3102  4039447150592  99.01
    1    3608       Data/single  3869804331008 1073741824  3870878072832    3103  4040520892416  99.83
    1    3609       Data/single  3870878072832 1073741824  3871951814656    3104  4041594634240  99.53
    1    3610       Data/single  3871951814656 1073741824  3873025556480    3105  4042668376064  99.58
    1    3611       Data/single  3873025556480 1073741824  3874099298304    3106  4043742117888  99.72
    1    3612       Data/single  3874099298304 1073741824  3875173040128    3107  4044815859712  99.95
    1    3613       Data/single  3875173040128 1073741824  3876246781952    3108  4045889601536  99.32
    1    3614       Data/single  3876246781952 1073741824  3877320523776    3109  4046963343360  99.67
    1    3615       Data/single  3877320523776 1073741824  3878394265600    3110  4048037085184  99.10
    1    3616       Data/single  3878394265600 1073741824  3879468007424    3111  4049110827008  99.94
    1    3617       Data/single  3879468007424 1073741824  3880541749248    3112  4050184568832  99.75
    1    3618       Data/single  3880541749248 1073741824  3881615491072    3113  4051258310656  99.58
    1    3619       Data/single  3881615491072 1073741824  3882689232896    3114  4052332052480  99.69
    1    3620       Data/single  3882689232896 1073741824  3883762974720    3115  4053405794304  99.88
    1    3621       Data/single  3883762974720 1073741824  3884836716544    3116  4054479536128  99.51
    1    3622       Data/single  3884836716544 1073741824  3885910458368    3117  4055553277952  99.73
    1    3623       Data/single  3885910458368 1073741824  3886984200192    3118  4056627019776  99.63
    1    3624       Data/single  3886984200192 1073741824  3888057942016    3119  4057700761600  99.82
    1    3625       Data/single  3888057942016 1073741824  3889131683840    3120  4058774503424  98.84
    1    3626       Data/single  3889131683840 1073741824  3890205425664    3121  4059848245248  99.62
    1    3627       Data/single  3890205425664 1073741824  3891279167488    3122  4060921987072  98.64
    1    3628       Data/single  3891279167488 1073741824  3892352909312    3123  4061995728896  99.78
    1    3629       Data/single  3892352909312 1073741824  3893426651136    3124  4063069470720  98.99
    1    3630       Data/single  3893426651136 1073741824  3894500392960    3125  4064143212544  99.86
    1    3631       Data/single  3894500392960 1073741824  3895574134784    3126  4065216954368  98.76
    1    3632       Data/single  3895574134784 1073741824  3896647876608    3127  4066290696192  99.66
    1    3633       Data/single  3896647876608 1073741824  3897721618432    3128  4067364438016  99.38
    1    3634       Data/single  3897721618432 1073741824  3898795360256    3129  4068438179840  99.79
    1    3635       Data/single  3898795360256 1073741824  3899869102080    3130  4069511921664  99.10
    1    3636       Data/single  3899869102080 1073741824  3900942843904    3131  4070585663488  99.80
    1    3637       Data/single  3900942843904 1073741824  3902016585728    3132  4071659405312  99.57
    1    3638       Data/single  3902016585728 1073741824  3903090327552    3133  4072733147136  99.86
    1    3639       Data/single  3903090327552 1073741824  3904164069376    3134  4073806888960  99.62
    1    3640       Data/single  3904164069376 1073741824  3905237811200    3135  4074880630784  99.78
    1    3641       Data/single  3905237811200 1073741824  3906311553024    3136  4075954372608  99.91
    1    3642       Data/single  3906311553024 1073741824  3907385294848    3137  4077028114432  99.85
    1    3643       Data/single  3907385294848 1073741824  3908459036672    3138  4078101856256  99.13
    1    3644       Data/single  3908459036672 1073741824  3909532778496    3139  4079175598080  99.83
    1    3645       Data/single  3909532778496 1073741824  3910606520320    3140  4080249339904  99.54
    1    3646       Data/single  3910606520320 1073741824  3911680262144    3141  4081323081728  99.75
    1    3647       Data/single  3911680262144 1073741824  3912754003968    3142  4082396823552  98.10
    1    3648       Data/single  3912754003968 1073741824  3913827745792    3143  4083470565376  99.79
    1    3649       Data/single  3913827745792 1073741824  3914901487616    3144  4084544307200  98.96
    1    3650       Data/single  3914901487616 1073741824  3915975229440    3145  4085618049024  99.87
    1    3651       Data/single  3915975229440 1073741824  3917048971264    3146  4086691790848  99.67
    1    3652       Data/single  3917048971264 1073741824  3918122713088    3147  4087765532672  99.57
    1    3653       Data/single  3918122713088 1073741824  3919196454912    3148  4088839274496  98.96
    1    3654       Data/single  3919196454912 1073741824  3920270196736    3149  4089913016320  99.79
    1    3655       Data/single  3920270196736 1073741824  3921343938560    3150  4090986758144  98.35
    1    3656       Data/single  3921343938560 1073741824  3922417680384    3151  4092060499968  99.66
    1    3657       Data/single  3922417680384 1073741824  3923491422208    3152  4093134241792  99.59
    1    3658       Data/single  3923491422208 1073741824  3924565164032    3153  4094207983616  99.88
    1    3659       Data/single  3924565164032 1073741824  3925638905856    3154  4095281725440  99.67
    1    3660       Data/single  3925638905856 1073741824  3926712647680    3155  4096355467264  99.98
    1    3661       Data/single  3926712647680 1073741824  3927786389504    3156  4097429209088  99.94
    1    3662       Data/single  3927786389504 1073741824  3928860131328    3157  4098502950912  99.86
    1    3663       Data/single  3928860131328 1073741824  3929933873152    3158  4099576692736  99.77
    1    3664       Data/single  3929933873152 1073741824  3931007614976    3159  4100650434560  99.86
    1    3665       Data/single  3931007614976 1073741824  3932081356800    3160  4101724176384  99.98
    1    3666       Data/single  3932081356800 1073741824  3933155098624    3161  4102797918208  99.90
    1    3667       Data/single  3933155098624 1073741824  3934228840448    3162  4103871660032  99.97
    1    3668       Data/single  3934228840448 1073741824  3935302582272    3163  4104945401856  99.78
    1    3669       Data/single  3935302582272 1073741824  3936376324096    3164  4106019143680  99.96
    1    3670       Data/single  3936376324096 1073741824  3937450065920    3165  4107092885504  99.81
    1    3671       Data/single  3937450065920 1073741824  3938523807744    3166  4108166627328  99.94
    1    3672       Data/single  3938523807744 1073741824  3939597549568    3167  4109240369152  99.89
    1    3673       Data/single  3939597549568 1073741824  3940671291392    3168  4110314110976  98.42
    1    3674       Data/single  3940671291392 1073741824  3941745033216    3169  4111387852800  99.72
    1    3675       Data/single  3941745033216 1073741824  3942818775040    3170  4112461594624  99.59
    1    3676       Data/single  3942818775040 1073741824  3943892516864    3171  4113535336448  99.66
    1    3677       Data/single  3943892516864 1073741824  3944966258688    3172  4114609078272  96.74
    1    3678       Data/single  3944966258688 1073741824  3946040000512    3173  4115682820096  99.63
    1    3679       Data/single  3946040000512 1073741824  3947113742336    3174  4116756561920  98.16
    1    3680       Data/single  3947113742336 1073741824  3948187484160    3175  4117830303744  99.96
    1    3681       Data/single  3948187484160 1073741824  3949261225984    3176  4118904045568  99.76
    1    3682       Data/single  3949261225984 1073741824  3950334967808    3177  4119977787392  99.67
    1    3683       Data/single  3950334967808 1073741824  3951408709632    3178  4121051529216  99.02
    1    3684       Data/single  3951408709632 1073741824  3952482451456    3179  4122125271040  99.80
    1    3685       Data/single  3952482451456 1073741824  3953556193280    3180  4123199012864  98.14
    1    3686       Data/single  3953556193280 1073741824  3954629935104    3181  4124272754688  99.64
    1    3687       Data/single  3954629935104 1073741824  3955703676928    3182  4125346496512  98.70
    1    3688       Data/single  3955703676928 1073741824  3956777418752    3183  4126420238336  99.81
    1    3689       Data/single  3956777418752 1073741824  3957851160576    3184  4127493980160  99.28
    1    3690       Data/single  3957851160576 1073741824  3958924902400    3185  4128567721984  99.82
    1    3691       Data/single  3958924902400 1073741824  3959998644224    3186  4129641463808  99.43
    1    3692       Data/single  3959998644224 1073741824  3961072386048    3187  4130715205632  99.61
    1    3693       Data/single  3961072386048 1073741824  3962146127872    3188  4131788947456  98.82
    1    3694       Data/single  3962146127872 1073741824  3963219869696    3189  4132862689280  99.84
    1    3695       Data/single  3963219869696 1073741824  3964293611520    3190  4133936431104  97.56
    1    3696       Data/single  3964293611520 1073741824  3965367353344    3191  4135010172928  99.80
    1    3697       Data/single  3965367353344 1073741824  3966441095168    3192  4136083914752  97.20
    1    3698       Data/single  3966441095168 1073741824  3967514836992    3193  4137157656576  99.75
    1    3700       Data/single  3968588578816 1073741824  3969662320640    3194  4139305140224  99.63
    1    3701       Data/single  3969662320640 1073741824  3970736062464    3195  4140378882048  99.80
    1    3702       Data/single  3970736062464 1073741824  3971809804288    3196  4141452623872  99.98
    1    3705       Data/single  3973957287936 1073741824  3975031029760    3197  4144673849344  99.52
    1    3711       Data/single  3980399738880 1073741824  3981473480704    3198  4151116300288  99.78
    1    3713       Data/single  3982547222528 1073741824  3983620964352    3199  4153263783936  99.58
    1    3714       Data/single  3983620964352 1073741824  3984694706176    3200  4154337525760  99.93
    1    3715       Data/single  3984694706176 1073741824  3985768448000    3201  4155411267584  99.59
    1    3716       Data/single  3985768448000 1073741824  3986842189824    3202  4156485009408  99.81
    1    3717       Data/single  3986842189824 1073741824  3987915931648    3203  4157558751232  99.75
    1    3718       Data/single  3987915931648 1073741824  3988989673472    3204  4158632493056  99.96
    1    3719       Data/single  3988989673472 1073741824  3990063415296    3205  4159706234880  99.76
    1    3720       Data/single  3990063415296 1073741824  3991137157120    3206  4160779976704  99.98
    1    3721       Data/single  3991137157120 1073741824  3992210898944    3207  4161853718528  99.69
    1    3722       Data/single  3992210898944 1073741824  3993284640768    3208  4162927460352  99.95
    1    3723       Data/single  3993284640768 1073741824  3994358382592    3209  4164001202176  99.84
    1    3724       Data/single  3994358382592 1073741824  3995432124416    3210  4165074944000  99.95
    1    3725       Data/single  3995432124416 1073741824  3996505866240    3211  4166148685824  99.78
    1    3726       Data/single  3996505866240 1073741824  3997579608064    3212  4167222427648  99.98
    1    3727       Data/single  3997579608064 1073741824  3998653349888    3213  4168296169472  99.76
    1    3728       Data/single  3998653349888 1073741824  3999727091712    3214  4169369911296  98.99
    1    3729       Data/single  3999727091712 1073741824  4000800833536    3215  4170443653120  99.61
    1    3730       Data/single  4000800833536 1073741824  4001874575360    3216  4171517394944  98.80
    1    3731       Data/single  4001874575360 1073741824  4002948317184    3217  4172591136768  99.60
    1    3732       Data/single  4002948317184 1073741824  4004022059008    3218  4173664878592  97.83
    1    3733       Data/single  4004022059008 1073741824  4005095800832    3219  4174738620416  99.74
    1    3734       Data/single  4005095800832 1073741824  4006169542656    3220  4175812362240  98.88
    1    3735       Data/single  4006169542656 1073741824  4007243284480    3221  4176886104064  99.92
    1    3736       Data/single  4007243284480 1073741824  4008317026304    3222  4177959845888  99.18
    1    3737       Data/single  4008317026304 1073741824  4009390768128    3223  4179033587712  99.76
    1    3738       Data/single  4009390768128 1073741824  4010464509952    3224  4180107329536  97.80
    1    3739       Data/single  4010464509952 1073741824  4011538251776    3225  4181181071360  95.79
    1    3740       Data/single  4011538251776 1073741824  4012611993600    3226  4182254813184  99.24
    1    3741       Data/single  4012611993600 1073741824  4013685735424    3227  4183328555008  99.77
    1    3742       Data/single  4013685735424 1073741824  4014759477248    3228  4184402296832  98.56
    1    3743       Data/single  4014759477248 1073741824  4015833219072    3229  4185476038656  99.83
    1    3744       Data/single  4015833219072 1073741824  4016906960896    3230  4186549780480  98.63
    1    3745       Data/single  4016906960896 1073741824  4017980702720    3231  4187623522304  99.79
    1    3746       Data/single  4017980702720 1073741824  4019054444544    3232  4188697264128  97.23
    1    3747       Data/single  4019054444544 1073741824  4020128186368    3233  4189771005952  99.66
    1    3748       Data/single  4020128186368 1073741824  4021201928192    3234  4190844747776  98.25
    1    3749       Data/single  4021201928192 1073741824  4022275670016    3235  4191918489600  99.77
    1    3750       Data/single  4022275670016 1073741824  4023349411840    3236  4192992231424  98.82
    1    3751       Data/single  4023349411840 1073741824  4024423153664    3237  4194065973248  99.77
    1    3752       Data/single  4024423153664 1073741824  4025496895488    3238  4195139715072  99.08
    1    3753       Data/single  4025496895488 1073741824  4026570637312    3239  4196213456896  99.80
    1    3754       Data/single  4026570637312 1073741824  4027644379136    3240  4197287198720  99.71
    1    3755       Data/single  4027644379136 1073741824  4028718120960    3241  4198360940544  99.81
    1    3756       Data/single  4028718120960 1073741824  4029791862784    3242  4199434682368  99.80
    1    3757       Data/single  4029791862784 1073741824  4030865604608    3243  4200508424192  99.59
    1    3758       Data/single  4030865604608 1073741824  4031939346432    3244  4201582166016  97.56
    1    3759       Data/single  4031939346432 1073741824  4033013088256    3245  4202655907840  99.75
    1    3760       Data/single  4033013088256 1073741824  4034086830080    3246  4203729649664  98.95
    1    3761       Data/single  4034086830080 1073741824  4035160571904    3247  4204803391488  99.80
    1    3762       Data/single  4035160571904 1073741824  4036234313728    3248  4205877133312  99.77
    1    3763       Data/single  4036234313728 1073741824  4037308055552    3249  4206950875136  99.75
    1    3764       Data/single  4037308055552 1073741824  4038381797376    3250  4208024616960  98.74
    1    3765       Data/single  4038381797376 1073741824  4039455539200    3251  4209098358784  99.88
    1    3766       Data/single  4039455539200 1073741824  4040529281024    3252  4210172100608  99.57
    1    3767       Data/single  4040529281024 1073741824  4041603022848    3253  4211245842432  99.86
    1    3768       Data/single  4041603022848 1073741824  4042676764672    3254  4212319584256  98.61
    1    3769       Data/single  4042676764672 1073741824  4043750506496    3255  4213393326080  99.81
    1    3770       Data/single  4043750506496 1073741824  4044824248320    3256  4214467067904  95.28
    1    3771       Data/single  4044824248320 1073741824  4045897990144    3257  4215540809728  99.75
    1    3772       Data/single  4045897990144 1073741824  4046971731968    3258  4216614551552  99.02
    1    3773       Data/single  4046971731968 1073741824  4048045473792    3259  4217688293376  99.76
    1    3774       Data/single  4048045473792 1073741824  4049119215616    3260  4218762035200  98.93
    1    3775       Data/single  4049119215616 1073741824  4050192957440    3261  4219835777024  99.72
    1    3776       Data/single  4050192957440 1073741824  4051266699264    3262  4220909518848  99.76
    1    3777       Data/single  4051266699264 1073741824  4052340441088    3263  4221983260672  99.59
    1    3778       Data/single  4052340441088 1073741824  4053414182912    3264  4223057002496  98.96
    1    3779       Data/single  4053414182912 1073741824  4054487924736    3265  4224130744320  99.77
    1    3780       Data/single  4054487924736 1073741824  4055561666560    3266  4225204486144  98.22
    1    3781       Data/single  4055561666560 1073741824  4056635408384    3267  4226278227968  99.54
    1    3782       Data/single  4056635408384 1073741824  4057709150208    3268  4227351969792  96.27
    1    3783       Data/single  4057709150208 1073741824  4058782892032    3269  4228425711616  99.61
    1    3784       Data/single  4058782892032 1073741824  4059856633856    3270  4229499453440  98.20
    1    3785       Data/single  4059856633856 1073741824  4060930375680    3271  4230573195264  99.61
    1    3786       Data/single  4060930375680 1073741824  4062004117504    3272  4231646937088  99.26
    1    3787       Data/single  4062004117504 1073741824  4063077859328    3273  4232720678912  99.69
    1    3789       Data/single  4064151601152 1073741824  4065225342976    3274  4234868162560  99.63
    1    3791       Data/single  4066299084800 1073741824  4067372826624    3275  4237015646208  99.78
    1    3793       Data/single  4068446568448 1073741824  4069520310272    3276  4239163129856  99.79
    1    3794       Data/single  4069520310272 1073741824  4070594052096    3277  4240236871680  97.01
    1    3795       Data/single  4070594052096 1073741824  4071667793920    3278  4241310613504  99.88
    1    3796       Data/single  4071667793920 1073741824  4072741535744    3279  4242384355328  98.18
    1    3797       Data/single  4072741535744 1073741824  4073815277568    3280  4243458097152  99.70
    1    3798       Data/single  4073815277568 1073741824  4074889019392    3281  4244531838976  97.08
    1    3799       Data/single  4074889019392 1073741824  4075962761216    3282  4245605580800  99.82
    1    3800       Data/single  4075962761216 1073741824  4077036503040    3283  4246679322624  97.60
    1    3801       Data/single  4077036503040 1073741824  4078110244864    3284  4247753064448  99.55
    1    3802       Data/single  4078110244864 1073741824  4079183986688    3285  4248826806272  99.96
    1    3803       Data/single  4079183986688 1073741824  4080257728512    3286  4249900548096  99.59
    1    3804       Data/single  4080257728512 1073741824  4081331470336    3287  4250974289920  99.77
    1    3805       Data/single  4081331470336 1073741824  4082405212160    3288  4252048031744  99.47
    1    3806       Data/single  4082405212160 1073741824  4083478953984    3289  4253121773568  99.65
    1    3807       Data/single  4083478953984 1073741824  4084552695808    3290  4254195515392  99.78
    1    3808       Data/single  4084552695808 1073741824  4085626437632    3291  4255269257216  98.71
    1    3809       Data/single  4085626437632 1073741824  4086700179456    3292  4256342999040  99.61
    1    3810       Data/single  4086700179456 1073741824  4087773921280    3293  4257416740864  98.74
    1    3811       Data/single  4087773921280 1073741824  4088847663104    3294  4258490482688  99.76
    1    3812       Data/single  4088847663104 1073741824  4089921404928    3295  4259564224512  99.38
    1    3813       Data/single  4089921404928 1073741824  4090995146752    3296  4260637966336  99.57
    1    3814       Data/single  4090995146752 1073741824  4092068888576    3297  4261711708160  99.15
    1    3815       Data/single  4092068888576 1073741824  4093142630400    3298  4262785449984  99.54
    1    3816       Data/single  4093142630400 1073741824  4094216372224    3299  4263859191808  98.27
    1    3817       Data/single  4094216372224 1073741824  4095290114048    3300  4264932933632  99.74
    1    3818       Data/single  4095290114048 1073741824  4096363855872    3301  4266006675456  98.85
    1    3819       Data/single  4096363855872 1073741824  4097437597696    3302  4267080417280  99.52
    1    3820       Data/single  4097437597696 1073741824  4098511339520    3303  4268154159104  99.24
    1    3821       Data/single  4098511339520 1073741824  4099585081344    3304  4269227900928  99.59
    1    3822       Data/single  4099585081344 1073741824  4100658823168    3305  4270301642752  99.16
    1    3823       Data/single  4100658823168 1073741824  4101732564992    3306  4271375384576  99.70
    1    3824       Data/single  4101732564992 1073741824  4102806306816    3307  4272449126400  99.40
    1    3825       Data/single  4102806306816 1073741824  4103880048640    3308  4273522868224  99.57
    1    3826       Data/single  4103880048640 1073741824  4104953790464    3309  4274596610048  98.43
    1    3827       Data/single  4104953790464 1073741824  4106027532288    3310  4275670351872  99.80
    1    3828       Data/single  4106027532288 1073741824  4107101274112    3311  4276744093696  99.47
    1    3829       Data/single  4107101274112 1073741824  4108175015936    3312  4277817835520  99.60
    1    3830       Data/single  4108175015936 1073741824  4109248757760    3313  4278891577344  98.78
    1    3831       Data/single  4109248757760 1073741824  4110322499584    3314  4279965319168  99.77
    1    3832       Data/single  4110322499584 1073741824  4111396241408    3315  4281039060992  99.05
    1    3833       Data/single  4111396241408 1073741824  4112469983232    3316  4282112802816  98.83
    1    3834       Data/single  4112469983232 1073741824  4113543725056    3317  4283186544640  99.57
    1    3835       Data/single  4113543725056 1073741824  4114617466880    3318  4284260286464  98.99
    1    3836       Data/single  4114617466880 1073741824  4115691208704    3319  4285334028288  99.58
    1    3837       Data/single  4115691208704 1073741824  4116764950528    3320  4286407770112  99.07
    1    3838       Data/single  4116764950528 1073741824  4117838692352    3321  4287481511936  99.74
    1    3839       Data/single  4117838692352 1073741824  4118912434176    3322  4288555253760  98.69
    1    3840       Data/single  4118912434176 1073741824  4119986176000    3323  4289628995584  99.76
    1    3841       Data/single  4119986176000 1073741824  4121059917824    3324  4290702737408  99.07
    1    3842       Data/single  4121059917824 1073741824  4122133659648    3325  4291776479232  99.30
    1    3843       Data/single  4122133659648 1073741824  4123207401472    3326  4292850221056  99.30
    1    3844       Data/single  4123207401472 1073741824  4124281143296    3327  4293923962880  99.75
    1    3845       Data/single  4124281143296 1073741824  4125354885120    3328  4294997704704  99.45
    1    3846       Data/single  4125354885120 1073741824  4126428626944    3329  4296071446528  99.75
    1    3847       Data/single  4126428626944 1073741824  4127502368768    3330  4297145188352  91.80
    1    3848       Data/single  4127502368768 1073741824  4128576110592    3331  4298218930176  99.45
    1    3849       Data/single  4128576110592 1073741824  4129649852416    3332  4299292672000  98.68
    1    3850       Data/single  4129649852416 1073741824  4130723594240    3333  4300366413824  99.71
    1    3851       Data/single  4130723594240 1073741824  4131797336064    3334  4301440155648  99.52
    1    3852       Data/single  4131797336064 1073741824  4132871077888    3335  4302513897472  99.47
    1    3853       Data/single  4132871077888 1073741824  4133944819712    3336  4303587639296  98.96
    1    3854       Data/single  4133944819712 1073741824  4135018561536    3337  4304661381120  99.48
    1    3855       Data/single  4135018561536 1073741824  4136092303360    3338  4305735122944  99.38
    1    3856       Data/single  4136092303360 1073741824  4137166045184    3339  4306808864768  99.48
    1    3857       Data/single  4137166045184 1073741824  4138239787008    3340  4307882606592  99.42
    1    3858       Data/single  4138239787008 1073741824  4139313528832    3341  4308956348416  99.70
    1    3859       Data/single  4139313528832 1073741824  4140387270656    3342  4310030090240  98.73
    1    3860       Data/single  4140387270656 1073741824  4141461012480    3343  4311103832064  99.79
    1    3861       Data/single  4141461012480 1073741824  4142534754304    3344  4312177573888  91.72
    1    3862       Data/single  4142534754304 1073741824  4143608496128    3345  4313251315712  99.70
    1    3863       Data/single  4143608496128 1073741824  4144682237952    3346  4314325057536  99.09
    1    3864       Data/single  4144682237952 1073741824  4145755979776    3347  4315398799360  99.74
    1    3865       Data/single  4145755979776 1073741824  4146829721600    3348  4316472541184  98.82
    1    3866       Data/single  4146829721600 1073741824  4147903463424    3349  4317546283008  99.54
    1    3867       Data/single  4147903463424 1073741824  4148977205248    3350  4318620024832  96.87
    1    3868       Data/single  4148977205248 1073741824  4150050947072    3351  4319693766656  99.55
    1    3869       Data/single  4150050947072 1073741824  4151124688896    3352  4320767508480  99.32
    1    3870       Data/single  4151124688896 1073741824  4152198430720    3353  4321841250304  99.61
    1    3871       Data/single  4152198430720 1073741824  4153272172544    3354  4322914992128  98.81
    1    3872       Data/single  4153272172544 1073741824  4154345914368    3355  4323988733952  99.77
    1    3873       Data/single  4154345914368 1073741824  4155419656192    3356  4325062475776  99.13
    1    3874       Data/single  4155419656192 1073741824  4156493398016    3357  4326136217600  99.44
    1    3875       Data/single  4156493398016 1073741824  4157567139840    3358  4327209959424  98.87
    1    3876       Data/single  4157567139840 1073741824  4158640881664    3359  4328283701248  99.63
    1    3877       Data/single  4158640881664 1073741824  4159714623488    3360  4329357443072  99.65
    1    3878       Data/single  4159714623488 1073741824  4160788365312    3361  4330431184896  99.60
    1    3879       Data/single  4160788365312 1073741824  4161862107136    3362  4331504926720  97.98
    1    3880       Data/single  4161862107136 1073741824  4162935848960    3363  4332578668544  99.42
    1    3881       Data/single  4162935848960 1073741824  4164009590784    3364  4333652410368  99.54
    1    3882       Data/single  4164009590784 1073741824  4165083332608    3365  4334726152192  99.73
    1    3883       Data/single  4165083332608 1073741824  4166157074432    3366  4335799894016  98.20
    1    3884       Data/single  4166157074432 1073741824  4167230816256    3367  4336873635840  99.77
    1    3885       Data/single  4167230816256 1073741824  4168304558080    3368  4337947377664  99.56
    1    3886       Data/single  4168304558080 1073741824  4169378299904    3369  4339021119488  99.75
    1    3887       Data/single  4169378299904 1073741824  4170452041728    3370  4340094861312  97.34
    1    3888       Data/single  4170452041728 1073741824  4171525783552    3371  4341168603136  99.78
    1    3889       Data/single  4171525783552 1073741824  4172599525376    3372  4342242344960  98.10
    1    3890       Data/single  4172599525376 1073741824  4173673267200    3373  4343316086784  99.85
    1    3891       Data/single  4173673267200 1073741824  4174747009024    3374  4344389828608  99.48
    1    3892       Data/single  4174747009024 1073741824  4175820750848    3375  4345463570432  99.77
    1    3893       Data/single  4175820750848 1073741824  4176894492672    3376  4346537312256  99.54
    1    3894       Data/single  4176894492672 1073741824  4177968234496    3377  4347611054080  99.62
    1    3895       Data/single  4177968234496 1073741824  4179041976320    3378  4348684795904  98.12
    1    3896       Data/single  4179041976320 1073741824  4180115718144    3379  4349758537728  99.85
    1    3897       Data/single  4180115718144 1073741824  4181189459968    3380  4350832279552  99.22
    1    3898       Data/single  4181189459968 1073741824  4182263201792    3381  4351906021376  99.59
    1    3899       Data/single  4182263201792 1073741824  4183336943616    3382  4352979763200  99.09
    1    3900       Data/single  4183336943616 1073741824  4184410685440    3383  4354053505024  99.53
    1    3901       Data/single  4184410685440 1073741824  4185484427264    3384  4355127246848  97.64
    1    3902       Data/single  4185484427264 1073741824  4186558169088    3385  4356200988672  99.77
    1    3903       Data/single  4186558169088 1073741824  4187631910912    3386  4357274730496  99.45
    1    3904       Data/single  4187631910912 1073741824  4188705652736    3387  4358348472320  99.67
    1    3905       Data/single  4188705652736 1073741824  4189779394560    3388  4359422214144  98.88
    1    3906       Data/single  4189779394560 1073741824  4190853136384    3389  4360495955968  99.54
    1    3907       Data/single  4190853136384 1073741824  4191926878208    3390  4361569697792  99.45
    1    3908       Data/single  4191926878208 1073741824  4193000620032    3391  4362643439616  99.63
    1    3909       Data/single  4193000620032 1073741824  4194074361856    3392  4363717181440  98.61
    1    3910       Data/single  4194074361856 1073741824  4195148103680    3393  4364790923264  99.83
    1    3911       Data/single  4195148103680 1073741824  4196221845504    3394  4365864665088  99.72
    1    3912       Data/single  4196221845504 1073741824  4197295587328    3395  4366938406912  99.73
    1    3913       Data/single  4197295587328 1073741824  4198369329152    3396  4368012148736  99.44
    1    3914       Data/single  4198369329152 1073741824  4199443070976    3397  4369085890560  99.89
    1    3915       Data/single  4199443070976 1073741824  4200516812800    3398  4370159632384  99.29
    1    3916       Data/single  4200516812800 1073741824  4201590554624    3399  4371233374208  99.46
    1    3917       Data/single  4201590554624 1073741824  4202664296448    3400  4372307116032  99.66
    1    3918       Data/single  4202664296448 1073741824  4203738038272    3401  4373380857856  99.84
    1    3919       Data/single  4203738038272 1073741824  4204811780096    3402  4374454599680  99.53
    1    3920       Data/single  4204811780096 1073741824  4205885521920    3403  4375528341504  99.68
    1    3921       Data/single  4205885521920 1073741824  4206959263744    3404  4376602083328  98.45
    1    3922       Data/single  4206959263744 1073741824  4208033005568    3405  4377675825152  99.65
    1    3923       Data/single  4208033005568 1073741824  4209106747392    3406  4378749566976  99.20
    1    3924       Data/single  4209106747392 1073741824  4210180489216    3407  4379823308800  99.93
    1    3925       Data/single  4210180489216 1073741824  4211254231040    3408  4380897050624  98.78
    1    3926       Data/single  4211254231040 1073741824  4212327972864    3409  4381970792448  99.64
    1    3927       Data/single  4212327972864 1073741824  4213401714688    3410  4383044534272  98.88
    1    3928       Data/single  4213401714688 1073741824  4214475456512    3411  4384118276096  99.70
    1    3929       Data/single  4214475456512 1073741824  4215549198336    3412  4385192017920  99.39
    1    3930       Data/single  4215549198336 1073741824  4216622940160    3413  4386265759744  99.43
    1    3931       Data/single  4216622940160 1073741824  4217696681984    3414  4387339501568  97.13
    1    3932       Data/single  4217696681984 1073741824  4218770423808    3415  4388413243392  99.77
    1    3933       Data/single  4218770423808 1073741824  4219844165632    3416  4389486985216  99.15
    1    3934       Data/single  4219844165632 1073741824  4220917907456    3417  4390560727040  99.76
    1    3935       Data/single  4220917907456 1073741824  4221991649280    3418  4391634468864  99.29
    1    3936       Data/single  4221991649280 1073741824  4223065391104    3419  4392708210688  99.58
    1    3937       Data/single  4223065391104 1073741824  4224139132928    3420  4393781952512  98.65
    1    3938       Data/single  4224139132928 1073741824  4225212874752    3421  4394855694336  99.76
    1    3939       Data/single  4225212874752 1073741824  4226286616576    3422  4395929436160  98.89
    1    3940       Data/single  4226286616576 1073741824  4227360358400    3423  4397003177984  99.52
    1    3941       Data/single  4227360358400 1073741824  4228434100224    3424  4398076919808  99.32
    1    3942       Data/single  4228434100224 1073741824  4229507842048    3425  4399150661632  99.61
    1    3943       Data/single  4229507842048 1073741824  4230581583872    3426  4400224403456  99.35
    1    3944       Data/single  4230581583872 1073741824  4231655325696    3427  4401298145280  99.60
    1    3945       Data/single  4231655325696 1073741824  4232729067520    3428  4402371887104  99.69
    1    3946       Data/single  4232729067520 1073741824  4233802809344    3429  4403445628928  99.85
    1    3947       Data/single  4233802809344 1073741824  4234876551168    3430  4404519370752  99.00
    1    3948       Data/single  4234876551168 1073741824  4235950292992    3431  4405593112576  99.93
    1    3949       Data/single  4235950292992 1073741824  4237024034816    3432  4406666854400  99.18
    1    3950       Data/single  4237024034816 1073741824  4238097776640    3433  4407740596224  99.39
    1    3951       Data/single  4238097776640 1073741824  4239171518464    3434  4408814338048  99.27
    1    3952       Data/single  4239171518464 1073741824  4240245260288    3435  4409888079872  99.79
    1    3953       Data/single  4240245260288 1073741824  4241319002112    3436  4410961821696  99.26
    1    3954       Data/single  4241319002112 1073741824  4242392743936    3437  4412035563520  99.62
    1    3955       Data/single  4242392743936 1073741824  4243466485760    3438  4413109305344  98.56
    1    3956       Data/single  4243466485760 1073741824  4244540227584    3439  4414183047168  99.73
    1    3957       Data/single  4244540227584 1073741824  4245613969408    3440  4415256788992  99.46
    1    3958       Data/single  4245613969408 1073741824  4246687711232    3441  4416330530816  99.47
    1    3959       Data/single  4246687711232 1073741824  4247761453056    3442  4417404272640  99.53
    1    3960       Data/single  4247761453056 1073741824  4248835194880    3443  4418478014464  99.93
    1    3961       Data/single  4248835194880 1073741824  4249908936704    3444  4419551756288  98.35
    1    3962       Data/single  4249908936704 1073741824  4250982678528    3445  4420625498112  99.54
    1    3963       Data/single  4250982678528 1073741824  4252056420352    3446  4421699239936  99.04
    1    3964       Data/single  4252056420352 1073741824  4253130162176    3447  4422772981760  99.66
    1    3965       Data/single  4253130162176 1073741824  4254203904000    3448  4423846723584  99.55
    1    3966       Data/single  4254203904000 1073741824  4255277645824    3449  4424920465408  99.79
    1    3967       Data/single  4255277645824 1073741824  4256351387648    3450  4425994207232  99.33
    1    3968       Data/single  4256351387648 1073741824  4257425129472    3451  4427067949056  99.80
    1    3969       Data/single  4257425129472 1073741824  4258498871296    3452  4428141690880  99.13
    1    3970       Data/single  4258498871296 1073741824  4259572613120    3453  4429215432704  99.87
    1    3971       Data/single  4259572613120 1073741824  4260646354944    3454  4430289174528  99.52
    1    3972       Data/single  4260646354944 1073741824  4261720096768    3455  4431362916352  99.82
    1    3973       Data/single  4261720096768 1073741824  4262793838592    3456  4432436658176  99.02
    1    3974       Data/single  4262793838592 1073741824  4263867580416    3457  4433510400000  99.57
    1    3975       Data/single  4263867580416 1073741824  4264941322240    3458  4434584141824  99.45
    1    3976       Data/single  4264941322240 1073741824  4266015064064    3459  4435657883648  98.62
    1    3977       Data/single  4266015064064 1073741824  4267088805888    3460  4436731625472  99.62
    1    3978       Data/single  4267088805888 1073741824  4268162547712    3461  4437805367296  99.59
    1    3979       Data/single  4268162547712 1073741824  4269236289536    3462  4438879109120  99.77
    1    3980       Data/single  4269236289536 1073741824  4270310031360    3463  4439952850944  99.11
    1    3981       Data/single  4270310031360 1073741824  4271383773184    3464  4441026592768  99.69
    1    3982       Data/single  4271383773184 1073741824  4272457515008    3465  4442100334592  99.16
    1    3983       Data/single  4272457515008 1073741824  4273531256832    3466  4443174076416  99.92
    1    3984       Data/single  4273531256832 1073741824  4274604998656    3467  4444247818240  99.10
    1    3985       Data/single  4274604998656 1073741824  4275678740480    3468  4445321560064  99.86
    1    3986       Data/single  4275678740480 1073741824  4276752482304    3469  4446395301888  98.99
    1    3987       Data/single  4276752482304 1073741824  4277826224128    3470  4447469043712  99.92
    1    3988       Data/single  4277826224128 1073741824  4278899965952    3471  4448542785536  99.68
    1    3989       Data/single  4278899965952 1073741824  4279973707776    3472  4449616527360  99.70
    1    3990       Data/single  4279973707776 1073741824  4281047449600    3473  4450690269184  99.84
    1    3991       Data/single  4281047449600 1073741824  4282121191424    3474  4451764011008  99.91
    1    3992       Data/single  4282121191424 1073741824  4283194933248    3475  4452837752832  99.89
    1    3993       Data/single  4283194933248 1073741824  4284268675072    3476  4453911494656  99.53
    1    3994       Data/single  4284268675072 1073741824  4285342416896    3477  4454985236480  99.92
    1    3995       Data/single  4285342416896 1073741824  4286416158720    3478  4456058978304  99.69
    1    3996       Data/single  4286416158720 1073741824  4287489900544    3479  4457132720128  99.69
    1    3997       Data/single  4287489900544 1073741824  4288563642368    3480  4458206461952  99.72
    1    3998       Data/single  4288563642368 1073741824  4289637384192    3481  4459280203776  99.95
    1    3999       Data/single  4289637384192 1073741824  4290711126016    3482  4460353945600  99.55
    1    4000       Data/single  4290711126016 1073741824  4291784867840    3483  4461427687424  99.88
    1    4001       Data/single  4291784867840 1073741824  4292858609664    3484  4462501429248  99.66
    1    4002       Data/single  4292858609664 1073741824  4293932351488    3485  4463575171072  99.92
    1    4003       Data/single  4293932351488 1073741824  4295006093312    3486  4464648912896  99.65
    1    4004       Data/single  4295006093312 1073741824  4296079835136    3487  4465722654720  99.97
    1    4005       Data/single  4296079835136 1073741824  4297153576960    3488  4466796396544  99.74
    1    4006       Data/single  4297153576960 1073741824  4298227318784    3489  4467870138368  99.91
    1    4007       Data/single  4298227318784 1073741824  4299301060608    3490  4468943880192  99.58
    1    4008       Data/single  4299301060608 1073741824  4300374802432    3491  4470017622016  99.81
    1    4009       Data/single  4300374802432 1073741824  4301448544256    3492  4471091363840  99.72
    1    4010       Data/single  4301448544256 1073741824  4302522286080    3493  4472165105664  99.96
    1    4011       Data/single  4302522286080 1073741824  4303596027904    3494  4473238847488  99.64
    1    4012       Data/single  4303596027904 1073741824  4304669769728    3495  4474312589312  99.83
    1    4013       Data/single  4304669769728 1073741824  4305743511552    3496  4475386331136  99.79
    1    4014       Data/single  4305743511552 1073741824  4306817253376    3497  4476460072960  99.87
    1    4015       Data/single  4306817253376 1073741824  4307890995200    3498  4477533814784  99.85
    1    4016       Data/single  4307890995200 1073741824  4308964737024    3499  4478607556608  99.88
    1    4017       Data/single  4308964737024 1073741824  4310038478848    3500  4479681298432  99.57
    1    4018       Data/single  4310038478848 1073741824  4311112220672    3501  4480755040256  99.96
    1    4019       Data/single  4311112220672 1073741824  4312185962496    3502  4481828782080  99.76
    1    4020       Data/single  4312185962496 1073741824  4313259704320    3503  4482902523904  99.99
    1    4021       Data/single  4313259704320 1073741824  4314333446144    3504  4483976265728  99.92
    1    4022       Data/single  4314333446144 1073741824  4315407187968    3505  4485050007552  99.92
    1    4023       Data/single  4315407187968 1073741824  4316480929792    3506  4486123749376  99.76
    1    4024       Data/single  4316480929792 1073741824  4317554671616    3507  4487197491200  99.87
    1    4025       Data/single  4317554671616 1073741824  4318628413440    3508  4488271233024  99.58
    1    4026       Data/single  4318628413440 1073741824  4319702155264    3509  4489344974848  99.23
    1    4027       Data/single  4319702155264 1073741824  4320775897088    3510  4490418716672  99.86
    1    4028       Data/single  4320775897088 1073741824  4321849638912    3511  4491492458496  99.10
    1    4029       Data/single  4321849638912 1073741824  4322923380736    3512  4492566200320  99.63
    1    4030       Data/single  4322923380736 1073741824  4323997122560    3513  4493639942144  99.23
    1    4031       Data/single  4323997122560 1073741824  4325070864384    3514  4494713683968  99.60
    1    4032       Data/single  4325070864384 1073741824  4326144606208    3515  4495787425792  99.74
    1    4033       Data/single  4326144606208 1073741824  4327218348032    3516  4496861167616  99.82
    1    4034       Data/single  4327218348032 1073741824  4328292089856    3517  4497934909440  99.50
    1    4035       Data/single  4328292089856 1073741824  4329365831680    3518  4499008651264  99.67
    1    4036       Data/single  4329365831680 1073741824  4330439573504    3519  4500082393088  98.91
    1    4037       Data/single  4330439573504 1073741824  4331513315328    3520  4501156134912  99.88
    1    4038       Data/single  4331513315328 1073741824  4332587057152    3521  4502229876736  98.62
    1    4039       Data/single  4332587057152 1073741824  4333660798976    3522  4503303618560  99.89
    1    4040       Data/single  4333660798976 1073741824  4334734540800    3523  4504377360384  99.74
    1    4041       Data/single  4334734540800 1073741824  4335808282624    3524  4505451102208  99.63
    1    4042       Data/single  4335808282624 1073741824  4336882024448    3525  4506524844032  99.63
    1    4043       Data/single  4336882024448 1073741824  4337955766272    3526  4507598585856  99.63
    1    4044       Data/single  4337955766272 1073741824  4339029508096    3527  4508672327680  99.13
    1    4045       Data/single  4339029508096 1073741824  4340103249920    3528  4509746069504  99.66
    1    4046       Data/single  4340103249920 1073741824  4341176991744    3529  4510819811328  98.14
    1    4047       Data/single  4341176991744 1073741824  4342250733568    3530  4511893553152  99.91
    1    4048       Data/single  4342250733568 1073741824  4343324475392    3531  4512967294976  99.40
    1    4049       Data/single  4343324475392 1073741824  4344398217216    3532  4514041036800  99.85
    1    4050       Data/single  4344398217216 1073741824  4345471959040    3533  4515114778624  99.34
    1    4051       Data/single  4345471959040 1073741824  4346545700864    3534  4516188520448  99.92
    1    4052       Data/single  4346545700864 1073741824  4347619442688    3535  4517262262272  99.03
    1    4053       Data/single  4347619442688 1073741824  4348693184512    3536  4518336004096  99.65
    1    4054       Data/single  4348693184512 1073741824  4349766926336    3537  4519409745920  98.66
    1    4055       Data/single  4349766926336 1073741824  4350840668160    3538  4520483487744  99.70
    1    4056       Data/single  4350840668160 1073741824  4351914409984    3539  4521557229568  98.96
    1    4057       Data/single  4351914409984 1073741824  4352988151808    3540  4522630971392  99.44
    1    4058       Data/single  4352988151808 1073741824  4354061893632    3541  4523704713216  99.23
    1    4059       Data/single  4354061893632 1073741824  4355135635456    3542  4524778455040  99.83
    1    4060       Data/single  4355135635456 1073741824  4356209377280    3543  4525852196864  99.73
    1    4061       Data/single  4356209377280 1073741824  4357283119104    3544  4526925938688  99.60
    1    4062       Data/single  4357283119104 1073741824  4358356860928    3545  4527999680512  99.58
    1    4063       Data/single  4358356860928 1073741824  4359430602752    3546  4529073422336  99.62
    1    4064       Data/single  4359430602752 1073741824  4360504344576    3547  4530147164160  99.54
    1    4065       Data/single  4360504344576 1073741824  4361578086400    3548  4531220905984  99.77
    1    4066       Data/single  4361578086400 1073741824  4362651828224    3549  4532294647808  99.14
    1    4067       Data/single  4362651828224 1073741824  4363725570048    3550  4533368389632  99.68
    1    4068       Data/single  4363725570048 1073741824  4364799311872    3551  4534442131456  98.96
    1    4069       Data/single  4364799311872 1073741824  4365873053696    3552  4535515873280  99.82
    1    4070       Data/single  4365873053696 1073741824  4366946795520    3553  4536589615104  99.73
    1    4071       Data/single  4366946795520 1073741824  4368020537344    3554  4537663356928  99.59
    1    4072       Data/single  4368020537344 1073741824  4369094279168    3555  4538737098752  99.55
    1    4073       Data/single  4369094279168 1073741824  4370168020992    3556  4539810840576  99.77
    1    4074       Data/single  4370168020992 1073741824  4371241762816    3557  4540884582400  98.20
    1    4075       Data/single  4371241762816 1073741824  4372315504640    3558  4541958324224  99.84
    1    4076       Data/single  4372315504640 1073741824  4373389246464    3559  4543032066048  99.70
    1    4077       Data/single  4373389246464 1073741824  4374462988288    3560  4544105807872  99.93
    1    4078       Data/single  4374462988288 1073741824  4375536730112    3561  4545179549696  99.65
    1    4079       Data/single  4375536730112 1073741824  4376610471936    3562  4546253291520  99.84
    1    4080       Data/single  4376610471936 1073741824  4377684213760    3563  4547327033344  99.61
    1    4081       Data/single  4377684213760 1073741824  4378757955584    3564  4548400775168  99.69
    1    4082       Data/single  4378757955584 1073741824  4379831697408    3565  4549474516992  99.33
    1    4083       Data/single  4379831697408 1073741824  4380905439232    3566  4550548258816  99.85
    1    4084       Data/single  4380905439232 1073741824  4381979181056    3567  4551622000640  98.79
    1    4085       Data/single  4381979181056 1073741824  4383052922880    3568  4552695742464  99.83
    1    4086       Data/single  4383052922880 1073741824  4384126664704    3569  4553769484288  97.71
    1    4087       Data/single  4384126664704 1073741824  4385200406528    3570  4554843226112  99.18
    1    4088       Data/single  4385200406528 1073741824  4386274148352    3571  4555916967936  99.25
    1    4089       Data/single  4386274148352 1073741824  4387347890176    3572  4556990709760  99.86
    1    4090       Data/single  4387347890176 1073741824  4388421632000    3573  4558064451584  95.99
    1    4091       Data/single  4388421632000 1073741824  4389495373824    3574  4559138193408  99.52
    1    4092       Data/single  4389495373824 1073741824  4390569115648    3575  4560211935232  99.14
    1    4093       Data/single  4390569115648 1073741824  4391642857472    3576  4561285677056  99.23
    1    4094       Data/single  4391642857472 1073741824  4392716599296    3577  4562359418880  96.96
    1    4095       Data/single  4392716599296 1073741824  4393790341120    3578  4563433160704  99.48
    1    4096       Data/single  4393790341120 1073741824  4394864082944    3579  4564506902528  98.89
    1    4097       Data/single  4394864082944 1073741824  4395937824768    3580  4565580644352  99.83
    1    4098       Data/single  4395937824768 1073741824  4397011566592    3581  4566654386176  98.65
    1    4099       Data/single  4397011566592 1073741824  4398085308416    3582  4567728128000  99.77
    1    4100       Data/single  4398085308416 1073741824  4399159050240    3583  4568801869824  99.11
    1    4101       Data/single  4399159050240 1073741824  4400232792064    3584  4569875611648  99.88
    1    4102       Data/single  4400232792064 1073741824  4401306533888    3585  4570949353472  99.74
    1    4103       Data/single  4401306533888 1073741824  4402380275712    3586  4572023095296  98.57
    1    4104       Data/single  4402380275712 1073741824  4403454017536    3587  4573096837120  99.07
    1    4105       Data/single  4403454017536 1073741824  4404527759360    3588  4574170578944  99.79
    1    4106       Data/single  4404527759360 1073741824  4405601501184    3589  4575244320768  99.75
    1    4107       Data/single  4405601501184 1073741824  4406675243008    3590  4576318062592  99.39
    1    4108       Data/single  4406675243008 1073741824  4407748984832    3591  4577391804416  99.77
    1    4109       Data/single  4407748984832 1073741824  4408822726656    3592  4578465546240  99.48
    1    4110       Data/single  4408822726656 1073741824  4409896468480    3593  4579539288064  99.63
    1    4111       Data/single  4409896468480 1073741824  4410970210304    3594  4580613029888  99.39
    1    4112       Data/single  4410970210304 1073741824  4412043952128    3595  4581686771712  99.77
    1    4113       Data/single  4412043952128 1073741824  4413117693952    3596  4582760513536  99.01
    1    4114       Data/single  4413117693952 1073741824  4414191435776    3597  4583834255360  99.77
    1    4115       Data/single  4414191435776 1073741824  4415265177600    3598  4584907997184  99.36
    1    4116       Data/single  4415265177600 1073741824  4416338919424    3599  4585981739008  99.82
    1    4117       Data/single  4416338919424 1073741824  4417412661248    3600  4587055480832  99.63
    1    4118       Data/single  4417412661248 1073741824  4418486403072    3601  4588129222656  99.66
    1    4119       Data/single  4418486403072 1073741824  4419560144896    3602  4589202964480  99.39
    1    4120       Data/single  4419560144896 1073741824  4420633886720    3603  4590276706304  99.74
    1    4121       Data/single  4420633886720 1073741824  4421707628544    3604  4591350448128  99.02
    1    4122       Data/single  4421707628544 1073741824  4422781370368    3605  4592424189952  99.82
    1    4123       Data/single  4422781370368 1073741824  4423855112192    3606  4593497931776  99.47
    1    4124       Data/single  4423855112192 1073741824  4424928854016    3607  4594571673600  99.69
    1    4125       Data/single  4424928854016 1073741824  4426002595840    3608  4595645415424  98.96
    1    4126       Data/single  4426002595840 1073741824  4427076337664    3609  4596719157248  99.87
    1    4127       Data/single  4427076337664 1073741824  4428150079488    3610  4597792899072  99.17
    1    4128       Data/single  4428150079488 1073741824  4429223821312    3611  4598866640896  99.82
    1    4129       Data/single  4429223821312 1073741824  4430297563136    3612  4599940382720  99.37
    1    4130       Data/single  4430297563136 1073741824  4431371304960    3613  4601014124544  99.83
    1    4131       Data/single  4431371304960 1073741824  4432445046784    3614  4602087866368  98.98
    1    4132       Data/single  4432445046784 1073741824  4433518788608    3615  4603161608192  99.69
    1    4133       Data/single  4433518788608 1073741824  4434592530432    3616  4604235350016  99.49
    1    4134       Data/single  4434592530432 1073741824  4435666272256    3617  4605309091840  99.89
    1    4135       Data/single  4435666272256 1073741824  4436740014080    3618  4606382833664  99.13
    1    4136       Data/single  4436740014080 1073741824  4437813755904    3619  4607456575488  99.90
    1    4137       Data/single  4437813755904 1073741824  4438887497728    3620  4608530317312  98.65
    1    4138       Data/single  4438887497728 1073741824  4439961239552    3621  4609604059136  99.76
    1    4139       Data/single  4439961239552 1073741824  4441034981376    3622  4610677800960  99.35
    1    4140       Data/single  4441034981376 1073741824  4442108723200    3623  4611751542784  99.60
    1    4141       Data/single  4442108723200 1073741824  4443182465024    3624  4612825284608  99.09
    1    4142       Data/single  4443182465024 1073741824  4444256206848    3625  4613899026432  99.80
    1    4143       Data/single  4444256206848 1073741824  4445329948672    3626  4614972768256  99.38
    1    4144       Data/single  4445329948672 1073741824  4446403690496    3627  4616046510080  99.86
    1    4145       Data/single  4446403690496 1073741824  4447477432320    3628  4617120251904  98.95
    1    4146       Data/single  4447477432320 1073741824  4448551174144    3629  4618193993728  99.75
    1    4147       Data/single  4448551174144 1073741824  4449624915968    3630  4619267735552  99.45
    1    4148       Data/single  4449624915968 1073741824  4450698657792    3631  4620341477376  99.63
    1    4149       Data/single  4450698657792 1073741824  4451772399616    3632  4621415219200  99.76
    1    4150       Data/single  4451772399616 1073741824  4452846141440    3633  4622488961024  99.73
    1    4151       Data/single  4452846141440 1073741824  4453919883264    3634  4623562702848  99.08
    1    4152       Data/single  4453919883264 1073741824  4454993625088    3635  4624636444672  99.84
    1    4153       Data/single  4454993625088 1073741824  4456067366912    3636  4625710186496  99.64
    1    4154       Data/single  4456067366912 1073741824  4457141108736    3637  4626783928320  99.77
    1    4155       Data/single  4457141108736 1073741824  4458214850560    3638  4627857670144  99.55
    1    4156       Data/single  4458214850560 1073741824  4459288592384    3639  4628931411968  99.52
    1    4157       Data/single  4459288592384 1073741824  4460362334208    3640  4630005153792  98.42
    1    4158       Data/single  4460362334208 1073741824  4461436076032    3641  4631078895616  99.82
    1    4159       Data/single  4461436076032 1073741824  4462509817856    3642  4632152637440  99.21
    1    4160       Data/single  4462509817856 1073741824  4463583559680    3643  4633226379264  99.62
    1    4161       Data/single  4463583559680 1073741824  4464657301504    3644  4634300121088  99.40
    1    4162       Data/single  4464657301504 1073741824  4465731043328    3645  4635373862912  99.53
    1    4163       Data/single  4465731043328 1073741824  4466804785152    3646  4636447604736  98.38
    1    4164       Data/single  4466804785152 1073741824  4467878526976    3647  4637521346560  99.72
    1    4165       Data/single  4467878526976 1073741824  4468952268800    3648  4638595088384  99.15
    1    4166       Data/single  4468952268800 1073741824  4470026010624    3649  4639668830208  99.89
    1    4167       Data/single  4470026010624 1073741824  4471099752448    3650  4640742572032  99.24
    1    4168       Data/single  4471099752448 1073741824  4472173494272    3651  4641816313856  99.50
    1    4169       Data/single  4472173494272 1073741824  4473247236096    3652  4642890055680  99.02
    1    4170       Data/single  4473247236096 1073741824  4474320977920    3653  4643963797504  99.51
    1    4171       Data/single  4474320977920 1073741824  4475394719744    3654  4645037539328  99.65
    1    4172       Data/single  4475394719744 1073741824  4476468461568    3655  4646111281152  99.74
    1    4173       Data/single  4476468461568 1073741824  4477542203392    3656  4647185022976  99.68
    1    4174       Data/single  4477542203392 1073741824  4478615945216    3657  4648258764800  99.05
    1    4175       Data/single  4478615945216 1073741824  4479689687040    3658  4649332506624  99.57
    1    4176       Data/single  4479689687040 1073741824  4480763428864    3659  4650406248448  99.48
    1    4177       Data/single  4480763428864 1073741824  4481837170688    3660  4651479990272  99.87
    1    4178       Data/single  4481837170688 1073741824  4482910912512    3661  4652553732096  99.27
    1    4179       Data/single  4482910912512 1073741824  4483984654336    3662  4653627473920  99.73
    1    4180       Data/single  4483984654336 1073741824  4485058396160    3663  4654701215744  99.18
    1    4181       Data/single  4485058396160 1073741824  4486132137984    3664  4655774957568  99.72
    1    4182       Data/single  4486132137984 1073741824  4487205879808    3665  4656848699392  98.03
    1    4183       Data/single  4487205879808 1073741824  4488279621632    3666  4657922441216  99.89
    1    4184       Data/single  4488279621632 1073741824  4489353363456    3667  4658996183040  99.67
    1    4185       Data/single  4489353363456 1073741824  4490427105280    3668  4660069924864  99.89
    1    4186       Data/single  4490427105280 1073741824  4491500847104    3669  4661143666688  99.73
    1    4187       Data/single  4491500847104 1073741824  4492574588928    3670  4662217408512  99.91
    1    4188       Data/single  4492574588928 1073741824  4493648330752    3671  4663291150336  99.09
    1    4189       Data/single  4493648330752 1073741824  4494722072576    3672  4664364892160  99.72
    1    4190       Data/single  4494722072576 1073741824  4495795814400    3673  4665438633984  99.16
    1    4191       Data/single  4495795814400 1073741824  4496869556224    3674  4666512375808  99.95
    1    4192       Data/single  4496869556224 1073741824  4497943298048    3675  4667586117632  99.44
    1    4193       Data/single  4497943298048 1073741824  4499017039872    3676  4668659859456  99.86
    1    4194       Data/single  4499017039872 1073741824  4500090781696    3677  4669733601280  98.78
    1    4195       Data/single  4500090781696 1073741824  4501164523520    3678  4670807343104  99.73
    1    4196       Data/single  4501164523520 1073741824  4502238265344    3679  4671881084928  99.09
    1    4197       Data/single  4502238265344 1073741824  4503312007168    3680  4672954826752  99.68
    1    4198       Data/single  4503312007168 1073741824  4504385748992    3681  4674028568576  99.28
    1    4199       Data/single  4504385748992 1073741824  4505459490816    3682  4675102310400  99.86
    1    4200       Data/single  4505459490816 1073741824  4506533232640    3683  4676176052224  99.43
    1    4201       Data/single  4506533232640 1073741824  4507606974464    3684  4677249794048  99.92
    1    4202       Data/single  4507606974464 1073741824  4508680716288    3685  4678323535872  99.78
    1    4203       Data/single  4508680716288 1073741824  4509754458112    3686  4679397277696  99.48
    1    4204       Data/single  4509754458112 1073741824  4510828199936    3687  4680471019520  99.89
    1    4205       Data/single  4510828199936 1073741824  4511901941760    3688  4681544761344  99.70
    1    4206       Data/single  4511901941760 1073741824  4512975683584    3689  4682618503168  99.84
    1    4207       Data/single  4512975683584 1073741824  4514049425408    3690  4683692244992  99.53
    1    4208       Data/single  4514049425408 1073741824  4515123167232    3691  4684765986816  99.59
    1    4209       Data/single  4515123167232 1073741824  4516196909056    3692  4685839728640  98.78
    1    4210       Data/single  4516196909056 1073741824  4517270650880    3693  4686913470464  99.57
    1    4211       Data/single  4517270650880 1073741824  4518344392704    3694  4687987212288  97.96
    1    4212       Data/single  4518344392704 1073741824  4519418134528    3695  4689060954112  99.82
    1    4213       Data/single  4519418134528 1073741824  4520491876352    3696  4690134695936  99.17
    1    4214       Data/single  4520491876352 1073741824  4521565618176    3697  4691208437760  99.87
    1    4215       Data/single  4521565618176 1073741824  4522639360000    3698  4692282179584  97.23
    1    4216       Data/single  4522639360000 1073741824  4523713101824    3699  4693355921408  99.86
    1    4217       Data/single  4523713101824 1073741824  4524786843648    3700  4694429663232  99.07
    1    4218       Data/single  4524786843648 1073741824  4525860585472    3701  4695503405056  99.87
    1    4219       Data/single  4525860585472 1073741824  4526934327296    3702  4696577146880  98.82
    1    4220       Data/single  4526934327296 1073741824  4528008069120    3703  4697650888704  99.85
    1    4221       Data/single  4528008069120 1073741824  4529081810944    3704  4698724630528  98.96
    1    4222       Data/single  4529081810944 1073741824  4530155552768    3705  4699798372352  99.92
    1    4223       Data/single  4530155552768 1073741824  4531229294592    3706  4700872114176  99.24
    1    4224       Data/single  4531229294592 1073741824  4532303036416    3707  4701945856000  99.84
    1    4225       Data/single  4532303036416 1073741824  4533376778240    3708  4703019597824  99.74
    1    4226       Data/single  4533376778240 1073741824  4534450520064    3709  4704093339648  99.96
    1    4227       Data/single  4534450520064 1073741824  4535524261888    3710  4705167081472  99.62
    1    4228       Data/single  4535524261888 1073741824  4536598003712    3711  4706240823296  99.84
    1    4229       Data/single  4536598003712 1073741824  4537671745536    3712  4707314565120  99.28
    1    4230       Data/single  4537671745536 1073741824  4538745487360    3713  4708388306944  99.85
    1    4231       Data/single  4538745487360 1073741824  4539819229184    3714  4709462048768  99.38
    1    4232       Data/single  4539819229184 1073741824  4540892971008    3715  4710535790592  99.85
    1    4233       Data/single  4540892971008 1073741824  4541966712832    3716  4711609532416  99.24
    1    4234       Data/single  4541966712832 1073741824  4543040454656    3717  4712683274240  99.92
    1    4235       Data/single  4543040454656 1073741824  4544114196480    3718  4713757016064  98.55
    1    4236       Data/single  4544114196480 1073741824  4545187938304    3719  4714830757888  99.84
    1    4237       Data/single  4545187938304 1073741824  4546261680128    3720  4715904499712  99.21
    1    4238       Data/single  4546261680128 1073741824  4547335421952    3721  4716978241536  99.87
    1    4239       Data/single  4547335421952 1073741824  4548409163776    3722  4718051983360  99.24
    1    4240       Data/single  4548409163776 1073741824  4549482905600    3723  4719125725184  99.86
    1    4241       Data/single  4549482905600 1073741824  4550556647424    3724  4720199467008  99.68
    1    4242       Data/single  4550556647424 1073741824  4551630389248    3725  4721273208832  99.95
    1    4243       Data/single  4551630389248 1073741824  4552704131072    3726  4722346950656  99.41
    1    4244       Data/single  4552704131072 1073741824  4553777872896    3727  4723420692480  99.94
    1    4245       Data/single  4553777872896 1073741824  4554851614720    3728  4724494434304  98.87
    1    4246       Data/single  4554851614720 1073741824  4555925356544    3729  4725568176128  99.91
    1    4247       Data/single  4555925356544 1073741824  4556999098368    3730  4726641917952  98.60
    1    4248       Data/single  4556999098368 1073741824  4558072840192    3731  4727715659776  99.92
    1    4249       Data/single  4558072840192 1073741824  4559146582016    3732  4728789401600  99.73
    1    4250       Data/single  4559146582016 1073741824  4560220323840    3733  4729863143424  99.86
    1    4251       Data/single  4560220323840 1073741824  4561294065664    3734  4730936885248  99.63
    1    4252       Data/single  4561294065664 1073741824  4562367807488    3735  4732010627072  99.98
    1    4253       Data/single  4562367807488 1073741824  4563441549312    3736  4733084368896  99.78
    1    4254       Data/single  4563441549312 1073741824  4564515291136    3737  4734158110720  99.83
    1    4255       Data/single  4564515291136 1073741824  4565589032960    3738  4735231852544  98.37
    1    4256       Data/single  4565589032960 1073741824  4566662774784    3739  4736305594368  99.84
    1    4257       Data/single  4566662774784 1073741824  4567736516608    3740  4737379336192  98.78
    1    4258       Data/single  4567736516608 1073741824  4568810258432    3741  4738453078016  99.96
    1    4259       Data/single  4568810258432 1073741824  4569884000256    3742  4739526819840  99.71
    1    4260       Data/single  4569884000256 1073741824  4570957742080    3743  4740600561664  99.92
    1    4261       Data/single  4570957742080 1073741824  4572031483904    3744  4741674303488  99.77
    1    4262       Data/single  4572031483904 1073741824  4573105225728    3745  4742748045312  99.94
    1    4263       Data/single  4573105225728 1073741824  4574178967552    3746  4743821787136  95.72
    1    4264       Data/single  4574178967552 1073741824  4575252709376    3747  4744895528960  99.85
    1    4265       Data/single  4575252709376 1073741824  4576326451200    3748  4745969270784  99.65
    1    4266       Data/single  4576326451200 1073741824  4577400193024    3749  4747043012608  99.93
    1    4267       Data/single  4577400193024 1073741824  4578473934848    3750  4748116754432  98.61
    1    4268       Data/single  4578473934848 1073741824  4579547676672    3751  4749190496256  99.92
    1    4269       Data/single  4579547676672 1073741824  4580621418496    3752  4750264238080  96.96
    1    4270       Data/single  4580621418496 1073741824  4581695160320    3753  4751337979904  99.81
    1    4271       Data/single  4581695160320 1073741824  4582768902144    3754  4752411721728  99.47
    1    4272       Data/single  4582768902144 1073741824  4583842643968    3755  4753485463552  99.77
    1    4273       Data/single  4583842643968 1073741824  4584916385792    3756  4754559205376  99.46
    1    4274       Data/single  4584916385792 1073741824  4585990127616    3757  4755632947200  99.86
    1    4275       Data/single  4585990127616 1073741824  4587063869440    3758  4756706689024  99.01
    1    4276       Data/single  4587063869440 1073741824  4588137611264    3759  4757780430848  99.75
    1    4277       Data/single  4588137611264 1073741824  4589211353088    3760  4758854172672  97.53
    1    4278       Data/single  4589211353088 1073741824  4590285094912    3761  4759927914496  99.95
    1    4279       Data/single  4590285094912 1073741824  4591358836736    3762  4761001656320  99.99
    1    4280       Data/single  4591358836736 1073741824  4592432578560    3763  4762075398144  99.82
    1    4281       Data/single  4592432578560 1073741824  4593506320384    3764  4763149139968  99.05
    1    4282       Data/single  4593506320384 1073741824  4594580062208    3765  4764222881792  99.93
    1    4283       Data/single  4594580062208 1073741824  4595653804032    3766  4765296623616  99.77
    1    4284       Data/single  4595653804032 1073741824  4596727545856    3767  4766370365440  99.86
    1    4285       Data/single  4596727545856 1073741824  4597801287680    3768  4767444107264  99.70
    1    4286       Data/single  4597801287680 1073741824  4598875029504    3769  4768517849088  99.65
    1    4287       Data/single  4598875029504 1073741824  4599948771328    3770  4769591590912  96.73
    1    4288       Data/single  4599948771328 1073741824  4601022513152    3771  4770665332736  99.81
    1    4289       Data/single  4601022513152 1073741824  4602096254976    3772  4771739074560  97.67
    1    4290       Data/single  4602096254976 1073741824  4603169996800    3773  4772812816384  99.88
    1    4291       Data/single  4603169996800 1073741824  4604243738624    3774  4773886558208  96.72
    1    4292       Data/single  4604243738624 1073741824  4605317480448    3775  4774960300032  99.90
    1    4293       Data/single  4605317480448 1073741824  4606391222272    3776  4776034041856  94.22
    1    4294       Data/single  4606391222272 1073741824  4607464964096    3777  4777107783680  99.88
    1    4295       Data/single  4607464964096 1073741824  4608538705920    3778  4778181525504  87.75
    1    4296       Data/single  4608538705920 1073741824  4609612447744    3779  4779255267328  99.83
    1    4297       Data/single  4609612447744 1073741824  4610686189568    3780  4780329009152  87.69
    1    4298       Data/single  4610686189568 1073741824  4611759931392    3781  4781402750976  99.91
    1    4299       Data/single  4611759931392 1073741824  4612833673216    3782  4782476492800  87.69
    1    4300       Data/single  4612833673216 1073741824  4613907415040    3783  4783550234624  99.86
    1    4301       Data/single  4613907415040 1073741824  4614981156864    3784  4784623976448  87.79
    1    4302       Data/single  4614981156864 1073741824  4616054898688    3785  4785697718272  99.95
    1    4303       Data/single  4616054898688 1073741824  4617128640512    3786  4786771460096  87.65
    1    4304       Data/single  4617128640512 1073741824  4618202382336    3787  4787845201920  99.76
    1    4305       Data/single  4618202382336 1073741824  4619276124160    3788  4788918943744  87.78
    1    4306       Data/single  4619276124160 1073741824  4620349865984    3789  4789992685568  99.79
    1    4307       Data/single  4620349865984 1073741824  4621423607808    3790  4791066427392  90.85
    1    4308       Data/single  4621423607808 1073741824  4622497349632    3791  4792140169216  99.89
    1    4309       Data/single  4622497349632 1073741824  4623571091456    3792  4793213911040  90.29
    1    4310       Data/single  4623571091456 1073741824  4624644833280    3793  4794287652864  99.56
    1    4311       Data/single  4624644833280 1073741824  4625718575104    3794  4795361394688  88.23
    1    4312       Data/single  4625718575104 1073741824  4626792316928    3795  4796435136512  99.78
    1    4313       Data/single  4626792316928 1073741824  4627866058752    3796  4797508878336  99.05
    1    4314       Data/single  4627866058752 1073741824  4628939800576    3797  4798582620160  89.09
    1    4315       Data/single  4628939800576 1073741824  4630013542400    3798  4799656361984  99.88
    1    4316       Data/single  4630013542400 1073741824  4631087284224    3799  4800730103808  88.68
    1    4317       Data/single  4631087284224 1073741824  4632161026048    3800  4801803845632  99.81
    1    4318       Data/single  4632161026048 1073741824  4633234767872    3801  4802877587456  88.21
    1    4319       Data/single  4633234767872 1073741824  4634308509696    3802  4803951329280  99.91
    1    4320       Data/single  4634308509696 1073741824  4635382251520    3803  4805025071104  90.89
    1    4321       Data/single  4635382251520 1073741824  4636455993344    3804  4806098812928  99.82
    1    4322       Data/single  4636455993344 1073741824  4637529735168    3805  4807172554752  89.34
    1    4323       Data/single  4637529735168 1073741824  4638603476992    3806  4808246296576  99.92
    1    4324       Data/single  4638603476992 1073741824  4639677218816    3807  4809320038400  88.07
    1    4325       Data/single  4639677218816 1073741824  4640750960640    3808  4810393780224  99.64
    1    4326       Data/single  4640750960640 1073741824  4641824702464    3809  4811467522048  89.86
    1    4327       Data/single  4641824702464 1073741824  4642898444288    3810  4812541263872  99.70
    1    4328       Data/single  4642898444288 1073741824  4643972186112    3811  4813615005696  89.54
    1    4329       Data/single  4643972186112 1073741824  4645045927936    3812  4814688747520  99.93
    1    4330       Data/single  4645045927936 1073741824  4646119669760    3813  4815762489344  89.33
    1    4331       Data/single  4646119669760 1073741824  4647193411584    3814  4816836231168  99.80
    1    4332       Data/single  4647193411584 1073741824  4648267153408    3815  4817909972992  88.30
    1    4333       Data/single  4648267153408 1073741824  4649340895232    3816  4818983714816  99.95
    1    4334       Data/single  4649340895232 1073741824  4650414637056    3817  4820057456640  91.95
    1    4335       Data/single  4650414637056 1073741824  4651488378880    3818  4821131198464  99.76
    1    4336       Data/single  4651488378880 1073741824  4652562120704    3819  4822204940288  89.90
    1    4337       Data/single  4652562120704 1073741824  4653635862528    3820  4823278682112  99.90
    1    4338       Data/single  4653635862528 1073741824  4654709604352    3821  4824352423936  88.02
    1    4339       Data/single  4654709604352 1073741824  4655783346176    3822  4825426165760  99.78
    1    4340       Data/single  4655783346176 1073741824  4656857088000    3823  4826499907584  96.25
    1    4341       Data/single  4656857088000 1073741824  4657930829824    3824  4827573649408  99.73
    1    4342       Data/single  4657930829824 1073741824  4659004571648    3825  4828647391232  89.12
    1    4343       Data/single  4659004571648 1073741824  4660078313472    3826  4829721133056  99.98
    1    4344       Data/single  4660078313472 1073741824  4661152055296    3827  4830794874880  89.49
    1    4345       Data/single  4661152055296 1073741824  4662225797120    3828  4831868616704  99.96
    1    4346       Data/single  4662225797120 1073741824  4663299538944    3829  4832942358528  91.58
    1    4347       Data/single  4663299538944 1073741824  4664373280768    3830  4834016100352  99.91
    1    4348       Data/single  4664373280768 1073741824  4665447022592    3831  4835089842176  89.76
    1    4349       Data/single  4665447022592 1073741824  4666520764416    3832  4836163584000  99.90
    1    4350       Data/single  4666520764416 1073741824  4667594506240    3833  4837237325824  50.79
    1    4351       Data/single  4667594506240 1073741824  4668668248064    3834  4838311067648  99.96
    1    4352       Data/single  4668668248064 1073741824  4669741989888    3835  4839384809472  89.38
    1    4353       Data/single  4669741989888 1073741824  4670815731712    3836  4840458551296  99.89
    1    4354       Data/single  4670815731712 1073741824  4671889473536    3837  4841532293120  88.49
    1    4355       Data/single  4671889473536 1073741824  4672963215360    3838  4842606034944  99.84
    1    4356       Data/single  4672963215360 1073741824  4674036957184    3839  4843679776768  88.24
    1    4357       Data/single  4674036957184 1073741824  4675110699008    3840  4844753518592  99.84
    1    4358       Data/single  4675110699008 1073741824  4676184440832    3841  4845827260416  88.34
    1    4359       Data/single  4676184440832 1073741824  4677258182656    3842  4846901002240  99.91
    1    4360       Data/single  4677258182656 1073741824  4678331924480    3843  4847974744064  88.15
    1    4361       Data/single  4678331924480 1073741824  4679405666304    3844  4849048485888  99.96
    1    4362       Data/single  4679405666304 1073741824  4680479408128    3845  4850122227712  91.68
    1    4363       Data/single  4680479408128 1073741824  4681553149952    3846  4851195969536  99.64
    1    4364       Data/single  4681553149952 1073741824  4682626891776    3847  4852269711360  90.14
    1    4365       Data/single  4682626891776 1073741824  4683700633600    3848  4853343453184  99.96
    1    4366       Data/single  4683700633600 1073741824  4684774375424    3849  4854417195008  92.90
    1    4367       Data/single  4684774375424 1073741824  4685848117248    3850  4855490936832  99.88
    1    4368       Data/single  4685848117248 1073741824  4686921859072    3851  4856564678656  88.50
    1    4369       Data/single  4686921859072 1073741824  4687995600896    3852  4857638420480  99.81
    1    4370       Data/single  4687995600896 1073741824  4689069342720    3853  4858712162304  92.72
    1    4371       Data/single  4689069342720 1073741824  4690143084544    3854  4859785904128  99.80
    1    4372       Data/single  4690143084544 1073741824  4691216826368    3855  4860859645952  88.79
    1    4373       Data/single  4691216826368 1073741824  4692290568192    3856  4861933387776  99.99
    1    4374       Data/single  4692290568192 1073741824  4693364310016    3857  4863007129600  88.68
    1    4375       Data/single  4693364310016 1073741824  4694438051840    3858  4864080871424  99.95
    1    4376       Data/single  4694438051840 1073741824  4695511793664    3859  4865154613248  88.90
    1    4377       Data/single  4695511793664 1073741824  4696585535488    3860  4866228355072  99.96
    1    4378       Data/single  4696585535488 1073741824  4697659277312    3861  4867302096896  88.82
    1    4379       Data/single  4697659277312 1073741824  4698733019136    3862  4868375838720  99.79
    1    4380       Data/single  4698733019136 1073741824  4699806760960    3863  4869449580544  89.86
    1    4381       Data/single  4699806760960 1073741824  4700880502784    3864  4870523322368  99.81
    1    4382       Data/single  4700880502784 1073741824  4701954244608    3865  4871597064192  88.11
    1    4383       Data/single  4701954244608 1073741824  4703027986432    3866  4872670806016  99.83
    1    4384       Data/single  4703027986432 1073741824  4704101728256    3867  4873744547840  90.77
    1    4385       Data/single  4704101728256 1073741824  4705175470080    3868  4874818289664  99.89
    1    4386       Data/single  4705175470080 1073741824  4706249211904    3869  4875892031488  90.84
    1    4387       Data/single  4706249211904 1073741824  4707322953728    3870  4876965773312  99.84
    1    4388       Data/single  4707322953728 1073741824  4708396695552    3871  4878039515136  88.61
    1    4389       Data/single  4708396695552 1073741824  4709470437376    3872  4879113256960  99.93
    1    4390       Data/single  4709470437376 1073741824  4710544179200    3873  4880186998784  88.15
    1    4391       Data/single  4710544179200 1073741824  4711617921024    3874  4881260740608  99.91
    1    4392       Data/single  4711617921024 1073741824  4712691662848    3875  4882334482432  88.13
    1    4393       Data/single  4712691662848 1073741824  4713765404672    3876  4883408224256  99.89
    1    4394       Data/single  4713765404672 1073741824  4714839146496    3877  4884481966080  77.20
    1    4395       Data/single  4714839146496 1073741824  4715912888320    3878  4885555707904  99.98
    1    4397       Data/single  4716986630144 1073741824  4718060371968    3879  4887703191552  99.96
    1    4401       Data/single  4721281597440 1073741824  4722355339264    3880  4891998158848  99.79
    1    4403       Data/single  4723429081088 1073741824  4724502822912    3881  4894145642496  99.97
    1    4405       Data/single  4725576564736 1073741824  4726650306560    3882  4896293126144  99.94
    1    4407       Data/single  4727724048384 1073741824  4728797790208    3883  4898440609792  99.83
    1    4409       Data/single  4729871532032 1073741824  4730945273856    3884  4900588093440  99.92
    1    4411       Data/single  4732019015680 1073741824  4733092757504    3885  4902735577088  99.74
    1    4413       Data/single  4734166499328 1073741824  4735240241152    3886  4904883060736  99.82
    1    4415       Data/single  4736313982976 1073741824  4737387724800    3887  4907030544384  99.85
    1    4417       Data/single  4738461466624 1073741824  4739535208448    3888  4909178028032  99.95
    1    4419       Data/single  4740608950272 1073741824  4741682692096    3889  4911325511680  99.88
    1    4421       Data/single  4742756433920 1073741824  4743830175744    3890  4913472995328  99.96
    1    4423       Data/single  4744903917568 1073741824  4745977659392    3891  4915620478976  99.80
    1    4425       Data/single  4747051401216 1073741824  4748125143040    3892  4917767962624  97.75
    1    4427       Data/single  4749198884864 1073741824  4750272626688    3893  4919915446272  76.23
    1    4431       Data/single  4753493852160 1073741824  4754567593984    3894  4924210413568  99.90
    1    4433       Data/single  4755641335808 1073741824  4756715077632    3895  4926357897216  99.76
    1    4435       Data/single  4757788819456 1073741824  4758862561280    3896  4928505380864  99.84
    1    4437       Data/single  4759936303104 1073741824  4761010044928    3897  4930652864512  99.97
    1    4439       Data/single  4762083786752 1073741824  4763157528576    3898  4932800348160  52.60
    1    4440       Data/single  4763157528576 1073741824  4764231270400    3899  4933874089984 100.00
    1    4442       Data/single  4765305012224 1073741824  4766378754048    3900  4936021573632  66.13
    1    4444       Data/single  4767452495872 1073741824  4768526237696    3901  4938169057280  60.22
    1    4446       Data/single  4769599979520 1073741824  4770673721344    3902  4940316540928  99.97
    1    4450       Data/single  4773894946816 1073741824  4774968688640    3903  4944611508224  99.89
    1    4467       Data/single  4792148557824 1073741824  4793222299648    3904  4962865119232  99.71
    1    4517       Data/single  4845835649024 1073741824  4846909390848    3905  5016552210432  99.11
    1    4628       Data/single  4965020991488 1073741824  4966094733312    3906  5135737552896 100.00
    1    4629       Data/single  4966094733312 1073741824  4967168475136    3907  5136811294720 100.00
    1    4630       Data/single  4967168475136 1073741824  4968242216960    3908  5137885036544  99.28
    1    4631       Data/single  4968242216960 1073741824  4969315958784    3909  5138958778368  99.27
    1    4632       Data/single  4969315958784 1073741824  4970389700608    3910  5140032520192 100.00
    1    4633       Data/single  4970389700608 1073741824  4971463442432    3911  5141106262016  99.87
    1    4634       Data/single  4971463442432 1073741824  4972537184256    3912  5142180003840  99.32
    1    4635       Data/single  4972537184256 1073741824  4973610926080    3913  5143253745664  99.05
    1    4637       Data/single  4974684667904 1073741824  4975758409728    3914  5145401229312  99.78
    1    4639       Data/single  4976832151552 1073741824  4977905893376    3915  5147548712960  99.56
    1    4641       Data/single  4978979635200 1073741824  4980053377024    3916  5149696196608  99.69
    1    4644       Data/single  4982200860672 1073741824  4983274602496    3917  5152917422080  99.55
    1    4646       Data/single  4984348344320 1073741824  4985422086144    3918  5155064905728  99.77
    1    4648       Data/single  4986495827968 1073741824  4987569569792    3919  5157212389376  99.78
    1    4650       Data/single  4988643311616 1073741824  4989717053440    3920  5159359873024  99.05
    1    4652       Data/single  4990790795264 1073741824  4991864537088    3921  5161507356672  99.10
    1    4675       Data/single  5015486857216 1073741824  5016560599040    3922  5186203418624  98.31
    1    4677       Data/single  5017634340864 1073741824  5018708082688    3923  5188350902272  99.76
    1    4679       Data/single  5019781824512 1073741824  5020855566336    3924  5190498385920  98.76
    1    4680       Data/single  5020855566336 1073741824  5021929308160    3925  5191572127744  99.57
    1    4681       Data/single  5021929308160 1073741824  5023003049984    3926  5192645869568  99.61
    1    4682       Data/single  5023003049984 1073741824  5024076791808    3927  5193719611392  99.55
    1    4683       Data/single  5024076791808 1073741824  5025150533632    3928  5194793353216  99.71
    1    4684       Data/single  5025150533632 1073741824  5026224275456    3929  5195867095040  99.74
    1    4685       Data/single  5026224275456 1073741824  5027298017280    3930  5196940836864  99.68
    1    4686       Data/single  5027298017280 1073741824  5028371759104    3931  5198014578688  99.75
    1    4687       Data/single  5028371759104 1073741824  5029445500928    3932  5199088320512  99.71
    1    4688       Data/single  5029445500928 1073741824  5030519242752    3933  5200162062336  99.70
    1    4689       Data/single  5030519242752 1073741824  5031592984576    3934  5201235804160  99.74
    1    4693       Data/single  5034814210048 1073741824  5035887951872    3935  5205530771456  99.74
    1    4694       Data/single  5035887951872 1073741824  5036961693696    3936  5206604513280  99.65
    1    4695       Data/single  5036961693696 1073741824  5038035435520    3937  5207678255104  99.80
    1    4697       Data/single  5039109177344 1073741824  5040182919168    3938  5209825738752  99.93
    1    4698       Data/single  5040182919168 1073741824  5041256660992    3939  5210899480576  99.20
    1    4703       Data/single  5045551628288 1073741824  5046625370112    3940  5216268189696  99.69
    1    4704       Data/single  5046625370112 1073741824  5047699111936    3941  5217341931520  99.28
    1    4705       Data/single  5047699111936 1073741824  5048772853760    3942  5218415673344  99.65
    1    4707       Data/single  5049846595584 1073741824  5050920337408    3943  5220563156992  99.63
    1    4708       Data/single  5050920337408 1073741824  5051994079232    3944  5221636898816  99.47
    1    4710       Data/single  5053067821056 1073741824  5054141562880    3945  5223784382464  99.17
    1    4711       Data/single  5054141562880 1073741824  5055215304704    3946  5224858124288  99.21
    1    4712       Data/single  5055215304704 1073741824  5056289046528    3947  5225931866112  99.47
    1    4713       Data/single  5056289046528 1073741824  5057362788352    3948  5227005607936  99.46
    1    4715       Data/single  5058436530176 1073741824  5059510272000    3949  5229153091584  99.39
    1    4716       Data/single  5059510272000 1073741824  5060584013824    3950  5230226833408  99.43
    1    4717       Data/single  5060584013824 1073741824  5061657755648    3951  5231300575232  99.29
    1    4718       Data/single  5061657755648 1073741824  5062731497472    3952  5232374317056  99.61
    1    4719       Data/single  5062731497472 1073741824  5063805239296    3953  5233448058880  99.45
    1    4721       Data/single  5064878981120 1073741824  5065952722944    3954  5235595542528 100.00
    1    4722       Data/single  5065952722944 1073741824  5067026464768    3955  5236669284352  99.51
    1    4723       Data/single  5067026464768 1073741824  5068100206592    3956  5237743026176  99.71
    1    4724       Data/single  5068100206592 1073741824  5069173948416    3957  5238816768000  99.49
    1    4725       Data/single  5069173948416 1073741824  5070247690240    3958  5239890509824  99.56
    1    4726       Data/single  5070247690240 1073741824  5071321432064    3959  5240964251648  99.49
    1    4727       Data/single  5071321432064 1073741824  5072395173888    3960  5242037993472  99.77
    1    4728       Data/single  5072395173888 1073741824  5073468915712    3961  5243111735296  99.67
    1    4729       Data/single  5073468915712 1073741824  5074542657536    3962  5244185477120  99.25
    1    4730       Data/single  5074542657536 1073741824  5075616399360    3963  5245259218944  99.65
    1    4733       Data/single  5077763883008 1073741824  5078837624832    3964  5248480444416  99.80
    1    4734       Data/single  5078837624832 1073741824  5079911366656    3965  5249554186240  99.25
    1    4735       Data/single  5079911366656 1073741824  5080985108480    3966  5250627928064  99.74
    1    4739       Data/single  5084206333952 1073741824  5085280075776    3967  5254922895360  99.76
    1    4740       Data/single  5085280075776 1073741824  5086353817600    3968  5255996637184  99.50
    1    4741       Data/single  5086353817600 1073741824  5087427559424    3969  5257070379008  99.63
    1    4742       Data/single  5087427559424 1073741824  5088501301248    3970  5258144120832  99.11
    1    4743       Data/single  5088501301248 1073741824  5089575043072    3971  5259217862656  99.59
    1    4744       Data/single  5089575043072 1073741824  5090648784896    3972  5260291604480  99.02
    1    4745       Data/single  5090648784896 1073741824  5091722526720    3973  5261365346304  99.79
    1    4748       Data/single  5093870010368 1073741824  5094943752192    3974  5264586571776  99.37
    1    4749       Data/single  5094943752192 1073741824  5096017494016    3975  5265660313600  99.77
    1    4750       Data/single  5096017494016 1073741824  5097091235840    3976  5266734055424  99.48
    1    4751       Data/single  5097091235840 1073741824  5098164977664    3977  5267807797248  99.04
    1    4752       Data/single  5098164977664 1073741824  5099238719488    3978  5268881539072  99.04
    1    4753       Data/single  5099238719488 1073741824  5100312461312    3979  5269955280896  99.54
    1    4754       Data/single  5100312461312 1073741824  5101386203136    3980  5271029022720  99.26
    1    4759       Data/single  5105681170432 1073741824  5106754912256    3981  5276397731840  99.18
    1    4760       Data/single  5106754912256 1073741824  5107828654080    3982  5277471473664  99.81
    1    4761       Data/single  5107828654080 1073741824  5108902395904    3983  5278545215488  99.73
    1    4763       Data/single  5109976137728 1073741824  5111049879552    3984  5280692699136  99.41
    1    4764       Data/single  5111049879552 1073741824  5112123621376    3985  5281766440960  99.55
    1    4765       Data/single  5112123621376 1073741824  5113197363200    3986  5282840182784  99.55
    1    4766       Data/single  5113197363200 1073741824  5114271105024    3987  5283913924608  99.16
    1    4768       Data/single  5115344846848 1073741824  5116418588672    3988  5286061408256  97.53
    1    4770       Data/single  5117492330496 1073741824  5118566072320    3989  5288208891904  98.00
    1    4772       Data/single  5119639814144 1073741824  5120713555968    3990  5290356375552  97.69
    1    4774       Data/single  5121787297792 1073741824  5122861039616    3991  5292503859200  55.83
    1    4775       Data/single  5122861039616 1073741824  5123934781440    3992  5293577601024  99.09
    1    4777       Data/single  5125008523264 1073741824  5126082265088    3993  5295725084672  99.38
    1    4778       Data/single  5126082265088 1073741824  5127156006912    3994  5296798826496 100.00
    1    4779       Data/single  5127156006912 1073741824  5128229748736    3995  5297872568320  99.64
    1    4780       Data/single  5128229748736 1073741824  5129303490560    3996  5298946310144  97.88
    1    4782       Data/single  5130377232384 1073741824  5131450974208    3997  5301093793792  99.74
    1    4784       Data/single  5132524716032 1073741824  5133598457856    3998  5303241277440  99.98
    1    4785       Data/single  5133598457856 1073741824  5134672199680    3999  5304315019264  99.27
    1    4786       Data/single  5134672199680 1073741824  5135745941504    4000  5305388761088  99.72
    1    4787       Data/single  5135745941504 1073741824  5136819683328    4001  5306462502912 100.00
    1    4788       Data/single  5136819683328 1073741824  5137893425152    4002  5307536244736  99.76
    1    4789       Data/single  5137893425152 1073741824  5138967166976    4003  5308609986560  99.85
    1    4790       Data/single  5138967166976 1073741824  5140040908800    4004  5309683728384  99.69
    1    4791       Data/single  5140040908800 1073741824  5141114650624    4005  5310757470208  99.76
    1    4792       Data/single  5141114650624 1073741824  5142188392448    4006  5311831212032  99.90
    1    4793       Data/single  5142188392448 1073741824  5143262134272    4007  5312904953856  99.57
    1    4795       Data/single  5144335876096 1073741824  5145409617920    4008  5315052437504  99.19
    1    4797       Data/single  5146483359744 1073741824  5147557101568    4009  5317199921152  99.77
    1    4798       Data/single  5147557101568 1073741824  5148630843392    4010  5318273662976  99.13
    1    4799       Data/single  5148630843392 1073741824  5149704585216    4011  5319347404800  99.08
    1    4800       Data/single  5149704585216 1073741824  5150778327040    4012  5320421146624  99.70
    1    4801       Data/single  5150778327040 1073741824  5151852068864    4013  5321494888448  99.67
    1    4802       Data/single  5151852068864 1073741824  5152925810688    4014  5322568630272  97.69
    1    4803       Data/single  5152925810688 1073741824  5153999552512    4015  5323642372096 100.00
    1    4804       Data/single  5153999552512 1073741824  5155073294336    4016  5324716113920  79.46
    1    4805       Data/single  5155073294336 1073741824  5156147036160    4017  5325789855744  99.96
    1    4809       Data/single  5159368261632 1073741824  5160442003456    4018  5330084823040  99.74
    1    4811       Data/single  5161515745280 1073741824  5162589487104    4019  5332232306688  99.30
    1    4812       Data/single  5162589487104 1073741824  5163663228928    4020  5333306048512  99.81
    1    4813       Data/single  5163663228928 1073741824  5164736970752    4021  5334379790336  99.47
    1    4814       Data/single  5164736970752 1073741824  5165810712576    4022  5335453532160  95.38
    1    4815       Data/single  5165810712576 1073741824  5166884454400    4023  5336527273984 100.00
    1    4816       Data/single  5166884454400 1073741824  5167958196224    4024  5337601015808  99.75
    1    4817       Data/single  5167958196224 1073741824  5169031938048    4025  5338674757632  99.69
    1    4818       Data/single  5169031938048 1073741824  5170105679872    4026  5339748499456  99.32
    1    4819       Data/single  5170105679872 1073741824  5171179421696    4027  5340822241280 100.00
    1    4820       Data/single  5171179421696 1073741824  5172253163520    4028  5341895983104  74.12
    1    4821       Data/single  5172253163520 1073741824  5173326905344    4029  5342969724928  99.79
    1    4822       Data/single  5173326905344 1073741824  5174400647168    4030  5344043466752  99.52
    1    4823       Data/single  5174400647168 1073741824  5175474388992    4031  5345117208576  99.72
    1    4824       Data/single  5175474388992 1073741824  5176548130816    4032  5346190950400  99.30
    1    4825       Data/single  5176548130816 1073741824  5177621872640    4033  5347264692224 100.00
    1    4826       Data/single  5177621872640 1073741824  5178695614464    4034  5348338434048  98.88
    1    4827       Data/single  5178695614464 1073741824  5179769356288    4035  5349412175872  99.96
    1    4828       Data/single  5179769356288 1073741824  5180843098112    4036  5350485917696  99.71
    1    4829       Data/single  5180843098112 1073741824  5181916839936    4037  5351559659520  99.74
    1    4830       Data/single  5181916839936 1073741824  5182990581760    4038  5352633401344  99.80
    1    4831       Data/single  5182990581760 1073741824  5184064323584    4039  5353707143168  99.56
    1    4832       Data/single  5184064323584 1073741824  5185138065408    4040  5354780884992  99.33
    1    4833       Data/single  5185138065408 1073741824  5186211807232    4041  5355854626816  99.00
    1    4834       Data/single  5186211807232 1073741824  5187285549056    4042  5356928368640  99.74
    1    4835       Data/single  5187285549056 1073741824  5188359290880    4043  5358002110464  99.46
    1    4837       Data/single  5189433032704 1073741824  5190506774528    4044  5360149594112  99.37
    1    4838       Data/single  5190506774528 1073741824  5191580516352    4045  5361223335936  99.68
    1    4839       Data/single  5191580516352 1073741824  5192654258176    4046  5362297077760  99.08
    1    4841       Data/single  5193728000000 1073741824  5194801741824    4047  5364444561408  99.23
    1    4842       Data/single  5194801741824 1073741824  5195875483648    4048  5365518303232  99.56
    1    4843       Data/single  5195875483648 1073741824  5196949225472    4049  5366592045056  99.67
    1    4844       Data/single  5196949225472 1073741824  5198022967296    4050  5367665786880  99.61
    1    4845       Data/single  5198022967296 1073741824  5199096709120    4051  5368739528704  99.67
    1    4846       Data/single  5199096709120 1073741824  5200170450944    4052  5369813270528  99.46
    1    4847       Data/single  5200170450944 1073741824  5201244192768    4053  5370887012352  99.78
    1    4848       Data/single  5201244192768 1073741824  5202317934592    4054  5371960754176  99.41
    1    4849       Data/single  5202317934592 1073741824  5203391676416    4055  5373034496000  99.67
    1    4850       Data/single  5203391676416 1073741824  5204465418240    4056  5374108237824 100.00
    1    4852       Data/single  5205539160064 1073741824  5206612901888    4057  5376255721472  99.69
    1    4853       Data/single  5206612901888 1073741824  5207686643712    4058  5377329463296  99.26
    1    4854       Data/single  5207686643712 1073741824  5208760385536    4059  5378403205120  99.68
    1    4855       Data/single  5208760385536 1073741824  5209834127360    4060  5379476946944  99.52
    1    4856       Data/single  5209834127360 1073741824  5210907869184    4061  5380550688768  99.72
    1    4857       Data/single  5210907869184 1073741824  5211981611008    4062  5381624430592 100.00
    1    4859       Data/single  5213055352832 1073741824  5214129094656    4063  5383771914240  99.12
    1    4860       Data/single  5214129094656 1073741824  5215202836480    4064  5384845656064  97.01
    1    4861       Data/single  5215202836480 1073741824  5216276578304    4065  5385919397888  97.35
    1    4862       Data/single  5216276578304 1073741824  5217350320128    4066  5386993139712  99.70
    1    4864       Data/single  5218424061952 1073741824  5219497803776    4067  5389140623360  99.79
    1    4866       Data/single  5220571545600 1073741824  5221645287424    4068  5391288107008  99.48
    1    4867       Data/single  5221645287424 1073741824  5222719029248    4069  5392361848832  99.83
    1    4868       Data/single  5222719029248 1073741824  5223792771072    4070  5393435590656  99.74
    1    4869       Data/single  5223792771072 1073741824  5224866512896    4071  5394509332480  99.13
    1    4870       Data/single  5224866512896 1073741824  5225940254720    4072  5395583074304  99.78
    1    4872       Data/single  5227013996544 1073741824  5228087738368    4073  5397730557952 100.00
    1    4873       Data/single  5228087738368 1073741824  5229161480192    4074  5398804299776  99.79
    1    4874       Data/single  5229161480192 1073741824  5230235222016    4075  5399878041600  99.72
    1    4875       Data/single  5230235222016 1073741824  5231308963840    4076  5400951783424  99.03
    1    4876       Data/single  5231308963840 1073741824  5232382705664    4077  5402025525248 100.00
    1    4878       Data/single  5233456447488 1073741824  5234530189312    4078  5404173008896  99.80
    1    4879       Data/single  5234530189312 1073741824  5235603931136    4079  5405246750720  99.63
    1    4880       Data/single  5235603931136 1073741824  5236677672960    4080  5406320492544  99.72
    1    4881       Data/single  5236677672960 1073741824  5237751414784    4081  5407394234368  99.62
    1    4882       Data/single  5237751414784 1073741824  5238825156608    4082  5408467976192  99.05
    1    4883       Data/single  5238825156608 1073741824  5239898898432    4083  5409541718016  99.32
    1    4884       Data/single  5239898898432 1073741824  5240972640256    4084  5410615459840  99.47
    1    4885       Data/single  5240972640256 1073741824  5242046382080    4085  5411689201664 100.00
    1    4886       Data/single  5242046382080 1073741824  5243120123904    4086  5412762943488 100.00
    1    4888       Data/single  5244193865728 1073741824  5245267607552    4087  5414910427136  99.69
    1    4890       Data/single  5246341349376 1073741824  5247415091200    4088  5417057910784  99.66
    1    4892       Data/single  5248488833024 1073741824  5249562574848    4089  5419205394432  99.52
    1    4894       Data/single  5250636316672 1073741824  5251710058496    4090  5421352878080  73.21
    1    4896       Data/single  5252783800320 1073741824  5253857542144    4091  5423500361728  70.79
    1    4898       Data/single  5254931283968 1073741824  5256005025792    4092  5425647845376  99.15
    1    4899       Data/single  5256005025792 1073741824  5257078767616    4093  5426721587200  99.80
    1    4900       Data/single  5257078767616 1073741824  5258152509440    4094  5427795329024  99.54
    1    4902       Data/single  5259226251264 1073741824  5260299993088    4095  5429942812672  98.76
    1    4903       Data/single  5260299993088 1073741824  5261373734912    4096  5431016554496  99.80
    1    4905       Data/single  5262447476736 1073741824  5263521218560    4097  5433164038144  75.17
    1    4907       Data/single  5264594960384 1073741824  5265668702208    4098  5435311521792  99.93
    1    4908       Data/single  5265668702208 1073741824  5266742444032    4099  5436385263616  99.80
    1    4909       Data/single  5266742444032 1073741824  5267816185856    4100  5437459005440  99.60
    1    4910       Data/single  5267816185856 1073741824  5268889927680    4101  5438532747264  99.70
    1    4911       Data/single  5268889927680 1073741824  5269963669504    4102  5439606489088  98.88
    1    4912       Data/single  5269963669504 1073741824  5271037411328    4103  5440680230912  91.96
    1    4913       Data/single  5271037411328 1073741824  5272111153152    4104  5441753972736  98.77
    1    4914       Data/single  5272111153152 1073741824  5273184894976    4105  5442827714560  99.18
    1    4916       Data/single  5274258636800 1073741824  5275332378624    4106  5444975198208  99.74
    1    4917       Data/single  5275332378624 1073741824  5276406120448    4107  5446048940032  99.92
    1    4918       Data/single  5276406120448 1073741824  5277479862272    4108  5447122681856 100.00
    1    4919       Data/single  5277479862272 1073741824  5278553604096    4109  5448196423680  99.73
    1    4922       Data/single  5280701087744 1073741824  5281774829568    4110  5451417649152 100.00
    1    4923       Data/single  5281774829568 1073741824  5282848571392    4111  5452491390976  99.49
    1    4924       Data/single  5282848571392 1073741824  5283922313216    4112  5453565132800  99.22
    1    4925       Data/single  5283922313216 1073741824  5284996055040    4113  5454638874624 100.00
    1    4926       Data/single  5284996055040 1073741824  5286069796864    4114  5455712616448 100.00
    1    4928       Data/single  5287143538688 1073741824  5288217280512    4115  5457860100096  99.05
    1    4930       Data/single  5289291022336 1073741824  5290364764160    4116  5460007583744  99.47
    1    4932       Data/single  5291438505984 1073741824  5292512247808    4117  5462155067392  99.18
    1    4933       Data/single  5292512247808 1073741824  5293585989632    4118  5463228809216  99.31
    1    4934       Data/single  5293585989632 1073741824  5294659731456    4119  5464302551040 100.00
    1    4935       Data/single  5294659731456 1073741824  5295733473280    4120  5465376292864 100.00
    1    4936       Data/single  5295733473280 1073741824  5296807215104    4121  5466450034688  99.70
    1    4937       Data/single  5296807215104 1073741824  5297880956928    4122  5467523776512  99.21
    1    4938       Data/single  5297880956928 1073741824  5298954698752    4123  5468597518336 100.00
    1    4939       Data/single  5298954698752 1073741824  5300028440576    4124  5469671260160 100.00
    1    4940       Data/single  5300028440576 1073741824  5301102182400    4125  5470745001984  99.76
    1    4941       Data/single  5301102182400 1073741824  5302175924224    4126  5471818743808  98.19
    1    4942       Data/single  5302175924224 1073741824  5303249666048    4127  5472892485632  99.66
    1    4943       Data/single  5303249666048 1073741824  5304323407872    4128  5473966227456  99.77
    1    4944       Data/single  5304323407872 1073741824  5305397149696    4129  5475039969280  99.33
    1    4945       Data/single  5305397149696 1073741824  5306470891520    4130  5476113711104  99.50
    1    4946       Data/single  5306470891520 1073741824  5307544633344    4131  5477187452928  99.23
    1    4947       Data/single  5307544633344 1073741824  5308618375168    4132  5478261194752  99.44
    1    4948       Data/single  5308618375168 1073741824  5309692116992    4133  5479334936576  95.89
    1    4950       Data/single  5310765858816 1073741824  5311839600640    4134  5481482420224  99.42
    1    4951       Data/single  5311839600640 1073741824  5312913342464    4135  5482556162048  99.74
    1    4952       Data/single  5312913342464 1073741824  5313987084288    4136  5483629903872  99.78
    1    4954       Data/single  5315060826112 1073741824  5316134567936    4137  5485777387520  99.15
    1    4955       Data/single  5316134567936 1073741824  5317208309760    4138  5486851129344  99.85
    1    4956       Data/single  5317208309760 1073741824  5318282051584    4139  5487924871168  99.96
    1    4958       Data/single  5319355793408 1073741824  5320429535232    4140  5490072354816  99.79
    1    4959       Data/single  5320429535232 1073741824  5321503277056    4141  5491146096640  99.72
    1    4960       Data/single  5321503277056 1073741824  5322577018880    4142  5492219838464  99.74
    1    4961       Data/single  5322577018880 1073741824  5323650760704    4143  5493293580288  99.03
    1    4962       Data/single  5323650760704 1073741824  5324724502528    4144  5494367322112  99.43
    1    4963       Data/single  5324724502528 1073741824  5325798244352    4145  5495441063936  99.48
    1    4964       Data/single  5325798244352 1073741824  5326871986176    4146  5496514805760  99.79
    1    4965       Data/single  5326871986176 1073741824  5327945728000    4147  5497588547584  99.77
    1    4966       Data/single  5327945728000 1073741824  5329019469824    4148  5498662289408  99.90
    1    4967       Data/single  5329019469824 1073741824  5330093211648    4149  5499736031232  99.73
    1    4968       Data/single  5330093211648 1073741824  5331166953472    4150  5500809773056  99.35
    1    4969       Data/single  5331166953472 1073741824  5332240695296    4151  5501883514880  99.17
    1    4970       Data/single  5332240695296 1073741824  5333314437120    4152  5502957256704  99.37
    1    4971       Data/single  5333314437120 1073741824  5334388178944    4153  5504030998528  99.61
    1    4972       Data/single  5334388178944 1073741824  5335461920768    4154  5505104740352  99.71
    1    4973       Data/single  5335461920768 1073741824  5336535662592    4155  5506178482176 100.00
    1    4974       Data/single  5336535662592 1073741824  5337609404416    4156  5507252224000  99.98
    1    4975       Data/single  5337609404416 1073741824  5338683146240    4157  5508325965824  99.36
    1    4976       Data/single  5338683146240 1073741824  5339756888064    4158  5509399707648  99.05
    1    4977       Data/single  5339756888064 1073741824  5340830629888    4159  5510473449472  99.30
    1    4978       Data/single  5340830629888 1073741824  5341904371712    4160  5511547191296  99.07
    1    4979       Data/single  5341904371712 1073741824  5342978113536    4161  5512620933120  99.64
    1    4980       Data/single  5342978113536 1073741824  5344051855360    4162  5513694674944  99.75
    1    4981       Data/single  5344051855360 1073741824  5345125597184    4163  5514768416768  99.71
    1    4982       Data/single  5345125597184 1073741824  5346199339008    4164  5515842158592  99.57
    1    4984       Data/single  5347273080832 1073741824  5348346822656    4165  5517989642240  99.72
    1    4986       Data/single  5349420564480 1073741824  5350494306304    4166  5520137125888  99.12
    1    4987       Data/single  5350494306304 1073741824  5351568048128    4167  5521210867712 100.00
    1    4988       Data/single  5351568048128 1073741824  5352641789952    4168  5522284609536 100.00
    1    4989       Data/single  5352641789952 1073741824  5353715531776    4169  5523358351360  99.59
    1    4990       Data/single  5353715531776 1073741824  5354789273600    4170  5524432093184  99.70
    1    4992       Data/single  5355863015424 1073741824  5356936757248    4171  5526579576832  99.82
    1    4993       Data/single  5356936757248 1073741824  5358010499072    4172  5527653318656  99.40
    1    4995       Data/single  5359084240896 1073741824  5360157982720    4173  5529800802304 100.00
    1    4997       Data/single  5361231724544 1073741824  5362305466368    4174  5531948285952  99.67
    1    4998       Data/single  5362305466368 1073741824  5363379208192    4175  5533022027776  99.53
    1    4999       Data/single  5363379208192 1073741824  5364452950016    4176  5534095769600  99.80
    1    5000       Data/single  5364452950016 1073741824  5365526691840    4177  5535169511424  99.03
    1    5001       Data/single  5365526691840 1073741824  5366600433664    4178  5536243253248  99.52
    1    5002       Data/single  5366600433664 1073741824  5367674175488    4179  5537316995072  95.36
    1    5003       Data/single  5367674175488 1073741824  5368747917312    4180  5538390736896  99.00
    1    5004       Data/single  5368747917312 1073741824  5369821659136    4181  5539464478720  99.08
    1    5006       Data/single  5370895400960 1073741824  5371969142784    4182  5541611962368  99.13
    1    5007       Data/single  5371969142784 1073741824  5373042884608    4183  5542685704192  99.73
    1    5008       Data/single  5373042884608 1073741824  5374116626432    4184  5543759446016  99.70
    1    5009       Data/single  5374116626432 1073741824  5375190368256    4185  5544833187840  99.05
    1    5010       Data/single  5375190368256 1073741824  5376264110080    4186  5545906929664  99.79
    1    5013       Data/single  5378411593728 1073741824  5379485335552    4187  5549128155136  99.70
    1    5014       Data/single  5379485335552 1073741824  5380559077376    4188  5550201896960 100.00
    1    5015       Data/single  5380559077376 1073741824  5381632819200    4189  5551275638784  99.55
    1    5016       Data/single  5381632819200 1073741824  5382706561024    4190  5552349380608  98.85
    1    5017       Data/single  5382706561024 1073741824  5383780302848    4191  5553423122432  99.61
    1    5018       Data/single  5383780302848 1073741824  5384854044672    4192  5554496864256  99.56
    1    5020       Data/single  5385927786496 1073741824  5387001528320    4193  5556644347904  99.15
    1    5021       Data/single  5387001528320 1073741824  5388075270144    4194  5557718089728  99.80
    1    5023       Data/single  5389149011968 1073741824  5390222753792    4195  5559865573376  99.56
    1    5024       Data/single  5390222753792 1073741824  5391296495616    4196  5560939315200  99.80
    1    5025       Data/single  5391296495616 1073741824  5392370237440    4197  5562013057024 100.00
    1    5026       Data/single  5392370237440 1073741824  5393443979264    4198  5563086798848  98.98
    1    5027       Data/single  5393443979264 1073741824  5394517721088    4199  5564160540672  99.16
    1    5028       Data/single  5394517721088 1073741824  5395591462912    4200  5565234282496  99.71
    1    5029       Data/single  5395591462912 1073741824  5396665204736    4201  5566308024320  99.04
    1    5030       Data/single  5396665204736 1073741824  5397738946560    4202  5567381766144  99.57
    1    5031       Data/single  5397738946560 1073741824  5398812688384    4203  5568455507968  99.22
    1    5036       Data/single  5403107655680 1073741824  5404181397504    4204  5573824217088  96.58
    1    5037       Data/single  5404181397504 1073741824  5405255139328    4205  5574897958912  99.80
    1    5038       Data/single  5405255139328 1073741824  5406328881152    4206  5575971700736  99.45
    1    5039       Data/single  5406328881152 1073741824  5407402622976    4207  5577045442560  99.32
    1    5045       Data/single  5412771332096 1073741824  5413845073920    4208  5583487893504  99.20
    1    5046       Data/single  5413845073920 1073741824  5414918815744    4209  5584561635328  99.69
    1    5047       Data/single  5414918815744 1073741824  5415992557568    4210  5585635377152  96.31
    1    5048       Data/single  5415992557568 1073741824  5417066299392    4211  5586709118976 100.00
    1    5049       Data/single  5417066299392 1073741824  5418140041216    4212  5587782860800  99.46
    1    5050       Data/single  5418140041216 1073741824  5419213783040    4213  5588856602624  99.73
    1    5052       Data/single  5420287524864 1073741824  5421361266688    4214  5591004086272  99.14
    1    5053       Data/single  5421361266688 1073741824  5422435008512    4215  5592077828096  99.27
    1    5054       Data/single  5422435008512 1073741824  5423508750336    4216  5593151569920  99.57
    1    5055       Data/single  5423508750336 1073741824  5424582492160    4217  5594225311744  99.25
    1    5056       Data/single  5424582492160 1073741824  5425656233984    4218  5595299053568  99.75
    1    5057       Data/single  5425656233984 1073741824  5426729975808    4219  5596372795392  99.72
    1    5059       Data/single  5427803717632 1073741824  5428877459456    4220  5598520279040  99.35
    1    5060       Data/single  5428877459456 1073741824  5429951201280    4221  5599594020864  99.85
    1    5062       Data/single  5431024943104 1073741824  5432098684928    4222  5601741504512  99.79
    1    5063       Data/single  5432098684928 1073741824  5433172426752    4223  5602815246336  99.70
    1    5064       Data/single  5433172426752 1073741824  5434246168576    4224  5603888988160  99.58
    1    5065       Data/single  5434246168576 1073741824  5435319910400    4225  5604962729984  99.52
    1    5066       Data/single  5435319910400 1073741824  5436393652224    4226  5606036471808  99.70
    1    5067       Data/single  5436393652224 1073741824  5437467394048    4227  5607110213632  99.76
    1    5068       Data/single  5437467394048 1073741824  5438541135872    4228  5608183955456  99.62
    1    5069       Data/single  5438541135872 1073741824  5439614877696    4229  5609257697280  99.43
    1    5070       Data/single  5439614877696 1073741824  5440688619520    4230  5610331439104  99.78
    1    5071       Data/single  5440688619520 1073741824  5441762361344    4231  5611405180928  99.60
    1    5072       Data/single  5441762361344 1073741824  5442836103168    4232  5612478922752  99.76
    1    5073       Data/single  5442836103168 1073741824  5443909844992    4233  5613552664576  99.32
    1    5074       Data/single  5443909844992 1073741824  5444983586816    4234  5614626406400 100.00
    1    5076       Data/single  5446057328640 1073741824  5447131070464    4235  5616773890048  99.78
    1    5077       Data/single  5447131070464 1073741824  5448204812288    4236  5617847631872  99.37
    1    5078       Data/single  5448204812288 1073741824  5449278554112    4237  5618921373696 100.00
    1    5079       Data/single  5449278554112 1073741824  5450352295936    4238  5619995115520  99.79
    1    5080       Data/single  5450352295936 1073741824  5451426037760    4239  5621068857344  99.75
    1    5081       Data/single  5451426037760 1073741824  5452499779584    4240  5622142599168 100.00
    1    5083       Data/single  5453573521408 1073741824  5454647263232    4241  5624290082816  99.71
    1    5084       Data/single  5454647263232 1073741824  5455721005056    4242  5625363824640  99.83
    1    5085       Data/single  5455721005056 1073741824  5456794746880    4243  5626437566464  99.41
    1    5086       Data/single  5456794746880 1073741824  5457868488704    4244  5627511308288  99.47
    1    5087       Data/single  5457868488704 1073741824  5458942230528    4245  5628585050112  99.36
    1    5089       Data/single  5460015972352 1073741824  5461089714176    4246  5630732533760  99.87
    1    5090       Data/single  5461089714176 1073741824  5462163456000    4247  5631806275584  99.33
    1    5091       Data/single  5462163456000 1073741824  5463237197824    4248  5632880017408  99.62
    1    5094       Data/single  5465384681472 1073741824  5466458423296    4249  5636101242880  99.73
    1    5096       Data/single  5467532165120 1073741824  5468605906944    4250  5638248726528  99.61
    1    5098       Data/single  5469679648768 1073741824  5470753390592    4251  5640396210176  99.86
    1    5099       Data/single  5470753390592 1073741824  5471827132416    4252  5641469952000  99.12
    1    5100       Data/single  5471827132416 1073741824  5472900874240    4253  5642543693824  99.78
    1    5101       Data/single  5472900874240 1073741824  5473974616064    4254  5643617435648  99.10
    1    5102       Data/single  5473974616064 1073741824  5475048357888    4255  5644691177472  99.72
    1    5105       Data/single  5477195841536 1073741824  5478269583360    4256  5647912402944  98.78
    1    5106       Data/single  5478269583360 1073741824  5479343325184    4257  5648986144768  99.21
    1    5107       Data/single  5479343325184 1073741824  5480417067008    4258  5650059886592  99.73
    1    5108       Data/single  5480417067008 1073741824  5481490808832    4259  5651133628416  99.58
    1    5109       Data/single  5481490808832 1073741824  5482564550656    4260  5652207370240  99.70
    1    5111       Data/single  5483638292480 1073741824  5484712034304    4261  5654354853888  99.24
    1    5114       Data/single  5486859517952 1073741824  5487933259776    4262  5657576079360  99.21
    1    5119       Data/single  5492228227072 1073741824  5493301968896    4263  5662944788480  99.21
    1    5121       Data/single  5494375710720 1073741824  5495449452544    4264  5665092272128  99.48
    1    5126       Data/single  5499744419840 1073741824  5500818161664    4265  5670460981248  98.05
    1    5127       Data/single  5500818161664 1073741824  5501891903488    4266  5671534723072  98.88
    1    5128       Data/single  5501891903488 1073741824  5502965645312    4267  5672608464896  98.64
    1    5133       Data/single  5507260612608 1073741824  5508334354432    4268  5677977174016  97.71
    1    5187       Data/single  5565242671104 1073741824  5566316412928    4269  5735959232512  99.36
    1    5194       Data/single  5572758863872 1073741824  5573832605696    4270  5743475425280  99.19
    1    5195       Data/single  5573832605696 1073741824  5574906347520    4271  5744549167104  98.73
    1    5208       Data/single  5587791249408 1073741824  5588864991232    4272  5758507810816  98.98
    1    5211       Data/single  5591012474880 1073741824  5592086216704    4273  5761729036288  95.40
    1    5212       Data/single  5592086216704 1073741824  5593159958528    4274  5762802778112 100.00
    1    5218       Data/single  5598528667648 1073741824  5599602409472    4275  5769245229056  99.20
    1    5219       Data/single  5599602409472 1073741824  5600676151296    4276  5770318970880  97.27
    1    5220       Data/single  5600676151296 1073741824  5601749893120    4277  5771392712704  99.80
    1    5223       Data/single  5603897376768 1073741824  5604971118592    4278  5774613938176  99.39
    1    5224       Data/single  5604971118592 1073741824  5606044860416    4279  5775687680000 100.00
    1    5225       Data/single  5606044860416 1073741824  5607118602240    4280  5776761421824  99.06
    1    5232       Data/single  5613561053184 1073741824  5614634795008    4281  5784277614592  96.43
    1    5234       Data/single  5615708536832 1073741824  5616782278656    4282  5786425098240  99.05
    1    5241       Data/single  5623224729600 1073741824  5624298471424    4283  5793941291008  99.80
    1    5243       Data/single  5625372213248 1073741824  5626445955072    4284  5796088774656  97.62
    1    5250       Data/single  5632888406016 1073741824  5633962147840    4285  5803604967424  97.81
    1    5257       Data/single  5640404598784 1073741824  5641478340608    4286  5811121160192  79.97
    1    5524       Data/single  6026951655424 1073741824  6028025397248    4287  6197668216832  99.76
    1    5525       Data/single  6040910299136 1073741824  6041984040960    4288  6211626860544  97.06
    1    5526       Data/single  6069901328384 1073741824  6070975070208    4289  6240617889792  49.05
    1    5527       Data/single  6078491262976 1073741824  6079565004800    4290  6249207824384  96.57
    1    5528       Data/single  6088154939392 1073741824  6089228681216    4291  6258871500800  99.23
    1    5529       Data/single  6097818615808 1073741824  6098892357632    4292  6268535177216  98.40
    1    5530       Data/single  6122514677760 1073741824  6123588419584    4293  6293231239168  99.32
    1    5531   Metadata/DUP     6148284481536 1073741824  6149358223360    4294  6319001042944  80.03
    1    5532   Metadata/DUP     6149358223360 1073741824  6150431965184    4295  6319001042944  80.03
    1    5244       Data/single  5626445955072 1073741824  5627519696896    4296  6320074784768  98.53
    1    5533       Data/single  6150431965184 1073741824  6151505707008    4297  6325443493888  99.38
    1    5534       Data/single  6153653190656 1073741824  6154726932480    4298  6328664719360  99.95
    1    5535       Data/single  6154726932480 1073741824  6155800674304    4299  6329738461184  96.69
    1    5536       Data/single  6155800674304 1073741824  6156874416128    4300  6330812203008  97.25
    1    5537       Data/single  6162243125248 1073741824  6163316867072    4301  6337254653952  96.97
    1    5539       Data/single  6165464350720 1073741824  6166538092544    4302  6340475879424 100.00
    1    5540       Data/single  6166538092544 1073741824  6167611834368    4303  6341549621248  99.62
    1    5541       Data/single  6167611834368 1073741824  6168685576192    4304  6342623363072  99.97
    1    5542       Data/single  6168685576192 1073741824  6169759318016    4305  6343697104896  99.10
    1    5543       Data/single  6170833059840 1073741824  6171906801664    4306  6345844588544  99.59
    1    5544       Data/single  6172980543488 1073741824  6174054285312    4307  6347992072192  98.58
    1    5545       Data/single  6175128027136 1073741824  6176201768960    4308  6350139555840  99.23
    1    5546       Data/single  6176201768960 1073741824  6177275510784    4309  6351213297664  99.16
    1    5547       Data/single  6177275510784 1073741824  6178349252608    4310  6352287039488  99.17
    1    5548       Data/single  6179422994432 1073741824  6180496736256    4311  6354434523136  99.46
    1    5549       Data/single  6181570478080 1073741824  6182644219904    4312  6356582006784  99.10
    1    5550       Data/single  6183717961728 1073741824  6184791703552    4313  6358729490432  99.67
    1    5552       Data/single  6185865445376 1073741824  6186939187200    4314  6361950715904  97.71
    1    5553       Data/single  6189086670848 1073741824  6190160412672    4315  6365171941376  98.90
    1    5554       Data/single  6191234154496 1073741824  6192307896320    4316  6367319425024  99.98
    1    5555       Data/single  6194455379968 1073741824  6195529121792    4317  6370540650496  98.97
    1    5556       Data/single  6198750347264 1073741824  6199824089088    4318  6374835617792  99.70
    1    5557       Data/single  6205192798208 1073741824  6206266540032    4319  6381278068736  95.77
    1    5558       Data/single  6211635249152 1073741824  6212708990976    4320  6387720519680  96.57
    1    5559       Data/single  6213782732800 1073741824  6214856474624    4321  6389868003328  99.08
    1    5560       Data/single  6215930216448 1073741824  6217003958272    4322  6392015486976  99.77
    1    5561       Data/single  6218077700096 1073741824  6219151441920    4323  6394162970624  99.76
    1    5562       Data/single  6220225183744 1073741824  6221298925568    4324  6396310454272  99.29
    1    5563       Data/single  6222372667392 1073741824  6223446409216    4325  6398457937920  99.80
    1    5564       Data/single  6224520151040 1073741824  6225593892864    4326  6400605421568  94.29
    1    5565       Data/single  6227741376512 1073741824  6228815118336    4327  6403826647040  99.70
    1    5566       Data/single  6229888860160 1073741824  6230962601984    4328  6405974130688  99.22
    1    5567       Data/single  6232036343808 1073741824  6233110085632    4329  6408121614336  99.88
    1    5568       Data/single  6234183827456 1073741824  6235257569280    4330  6410269097984  99.36
    1    5569       Data/single  6236331311104 1073741824  6237405052928    4331  6412416581632  99.35
    1    5570       Data/single  6239552536576 1073741824  6240626278400    4332  6415637807104  99.66
    1    5571       Data/single  6241700020224 1073741824  6242773762048    4333  6417785290752  99.60
    1    5572       Data/single  6243847503872 1073741824  6244921245696    4334  6419932774400  99.78
    1    5573       Data/single  6247068729344 1073741824  6248142471168    4335  6423153999872  99.11
    1    5574       Data/single  6251363696640 1073741824  6252437438464    4336  6427448967168  99.95
    1    5575       Data/single  6253511180288 1073741824  6254584922112    4337  6429596450816  99.59
    1    5576       Data/single  6257806147584 1073741824  6258879889408    4338  6433891418112  98.69
    1    5577       Data/single  6259953631232 1073741824  6261027373056    4339  6436038901760  99.08
    1    5578       Data/single  6262101114880 1073741824  6263174856704    4340  6438186385408  98.29
    1    5551       Data/single  6184791703552 1073741824  6185865445376    4341  6440333869056  97.97
    1    5579       Data/single  6264248598528 1073741824  6265322340352    4342  6444628836352  51.56
    1    5580       Data/single  6265322340352 1073741824  6266396082176    4343  6445702578176  97.75
    1    5581       Data/single  6267469824000 1073741824  6268543565824    4344  6447850061824  96.54
    1    5582       Data/single  6269617307648 1073741824  6270691049472    4345  6449997545472  96.03
    1    5584       Data/single  6274986016768 1073741824  6276059758592    4346  6455366254592  99.14
    1    5585       Data/single  6283575951360 1073741824  6284649693184    4347  6463956189184  94.20
    1    5586       Data/single  6285723435008 1073741824  6286797176832    4348  6466103672832  99.33
    1    5587       Data/single  6287870918656 1073741824  6288944660480    4349  6468251156480  99.59
    1    5588       Data/single  6290018402304 1073741824  6291092144128    4350  6470398640128  99.63
    1    5589       Data/single  6292165885952 1073741824  6293239627776    4351  6472546123776  99.06
    1    5590       Data/single  6294313369600 1073741824  6295387111424    4352  6474693607424  99.07
    1    5591       Data/single  6295387111424 1073741824  6296460853248    4353  6475767349248 100.00
    1    5592       Data/single  6296460853248 1073741824  6297534595072    4354  6476841091072  99.07
    1    5593       Data/single  6298608336896 1073741824  6299682078720    4355  6478988574720  99.86
    1    5594       Data/single  6300755820544 1073741824  6301829562368    4356  6481136058368  99.71
    1    5595       Data/single  6302903304192 1073741824  6303977046016    4357  6483283542016  99.61
    1    5605       Data/single  6352295428096 1073741824  6353369169920    4358  6532675665920  65.01
    1    5596       Data/single  6308272013312 1073741824  6309345755136    4359  6536970633216  99.99
    1    5597       Data/single  6322230657024 1073741824  6323304398848    4360  6550929276928  99.26
    1    5598       Data/single  6324378140672 1073741824  6325451882496    4361  6553076760576  59.23
    1    5599       Data/single  6326525624320 1073741824  6327599366144    4362  6555224244224  80.34
    1    5601       Data/single  6334041817088 1073741824  6335115558912    4363  6562740436992  99.98
    1    5602       Data/single  6337263042560 1073741824  6338336784384    4364  6565961662464  99.04
    1    5603       Data/single  6338336784384 1073741824  6339410526208    4365  6567035404288 100.00
    1    5604       Data/single  6339410526208 1073741824  6340484268032    4366  6568109146112  99.45
    1    5608       Data/single  6361959104512 1073741824  6363032846336    4367  6587436498944  99.62
    1    5609       Data/single  6363032846336 1073741824  6364106588160    4368  6588510240768 100.00
    1    5610       Data/single  6365180329984 1073741824  6366254071808    4369  6590657724416  99.50
    1    5611       Data/single  6367327813632 1073741824  6368401555456    4370  6592805208064  99.48
    1    5614       Data/single  6370549039104 1073741824  6371622780928    4371  6596026433536  99.34
    1    5615       Data/single  6372696522752 1073741824  6373770264576    4372  6598173917184  99.72
    1    5616       Data/single  6374844006400 1073741824  6375917748224    4373  6600321400832  99.48
    1    5617       Data/single  6376991490048 1073741824  6378065231872    4374  6602468884480  99.40
    1    5618       Data/single  6379138973696 1073741824  6380212715520    4375  6604616368128  99.63
    1    5619       Data/single  6381286457344 1073741824  6382360199168    4376  6606763851776  99.79
    1    5620       Data/single  6383433940992 1073741824  6384507682816    4377  6608911335424  99.80
    1    5621       Data/single  6385581424640 1073741824  6386655166464    4378  6611058819072  99.40
    1    5639       Data/single  6436047290368 1073741824  6437121032192    4379  6661524684800  99.46
    1    5690       Data/single  6579928694784 1073741824  6581002436608    4380  6805406089216  97.57
    1    5697       Data/single  6660459331584 1073741824  6661533073408    4381  6885936726016  99.61
    1    5700       Data/single  6689450360832 1073741824  6690524102656    4382  6914927755264  99.50
    1    5702       Data/single  6706630230016 1073741824  6707703971840    4383  6935328849920  99.53
    1    5703       Data/single  6728105066496 1073741824  6729178808320    4384  6956803686400  99.59
    1    5705       Data/single  6754948612096 1073741824  6756022353920    4385  6983647232000  99.15
    1    5706       Data/single  6780718415872 1073741824  6781792157696    4386  7009417035776  99.33
    1    5716       Data/single  6807561961472 1073741824  6808635703296    4387  7036260581376  99.52
    1    5721       Data/single  6844069183488 1073741824  6845142925312    4388  7103906316288  99.95
    1    5723       Data/single  6913862402048 1073741824  6914936143872    4389  7173699534848  98.74
    1    5724       Data/single  6941779689472 1073741824  6942853431296    4390  7203764305920  99.49
    1    5725       Data/single  7007277940736 1073741824  7008351682560    4391  7269262557184  99.62
    1    5804       Data/single  7158675537920 1073741824  7159749279744    4392  7422807638016  99.69
    1    5818       Data/single  7179076632576 1073741824  7180150374400    4393  7443208732672  99.41
    1    5873       Data/single  7251017334784 1073741824  7252091076608    4394  7515149434880  99.72
    1    5884       Data/single  7270344687616 1073741824  7271418429440    4395  7534476787712  99.45
    1    5898       Data/single  7289672040448 1073741824  7290745782272    4396  7553804140544  99.22
    1    5906       Data/single  7303630684160 1073741824  7304704425984    4397  7582795169792  99.51
    1    5926       Data/single  7332621713408 1073741824  7333695455232    4398  7611786199040  98.61
    1    5942       Data/single  7368055193600 1073741824  7369128935424    4399  7647219679232  99.33
    1    5981       Data/single  7457175764992 1073741824  7458249506816    4400  7739561476096  99.78
    1    5997       Data/single  7487240536064 1073741824  7488314277888    4401  7769626247168  99.40
    1    5998       Data/single  7489388019712 1073741824  7490461761536    4402  7793248567296  99.57
    1    6013       Data/single  7517305307136 1073741824  7518379048960    4403  7821165854720  99.10
    1    6035       Data/single  7557033754624 1073741824  7558107496448    4404  7860894302208  99.41
    1    6052       Data/single  7587098525696 1073741824  7588172267520    4405  7890959073280  98.91
    1    6069       Data/single  7615015813120 1073741824  7616089554944    4406  7918876360704  99.68
    1    6085       Data/single  7642933100544 1073741824  7644006842368    4407  7946793648128  99.62
    1    6100       Data/single  7663334195200 1073741824  7664407937024    4408  7967194742784  98.83
    1    6121       Data/single  7690177740800 1073741824  7691251482624    4409  7994038288384  99.45
    1    6133       Data/single  7705210126336 1073741824  7706283868160    4410  8013365641216  99.75
    1    6150       Data/single  7727758704640 1073741824  7728832446464    4411  8035914219520  99.17
    1    6170       Data/single  7752454766592 1073741824  7753528508416    4412  8060610281472  99.59
    1    6191       Data/single  7781445795840 1073741824  7782519537664    4413  8089601310720  99.49
    1    6205       Data/single  7802920632320 1073741824  7803994374144    4414  8111076147200  98.47
    1    6219       Data/single  7835132887040 1073741824  7836206628864    4415  8143288401920  99.21
    1    6230       Data/single  7850165272576 1073741824  7851239014400    4416  8158320787456  98.96
    1    6243       Data/single  7870566367232 1073741824  7871640109056    4417  8178721882112  98.68
    1    6249       Data/single  7895262429184 1073741824  7896336171008    4418  8203417944064  99.23
    1    6250       Data/single  7915663523840 1073741824  7916737265664    4419  8227040264192  99.75
    1    6251       Data/single  7963981905920 1073741824  7965055647744    4420  8275358646272  98.56
    1    6252       Data/single  7986530484224 1073741824  7987604226048    4421  8297907224576  99.38
    1    6253       Data/single  8010152804352 1073741824  8011226546176    4422  8321529544704  99.50
    1    5103       Data/single  5475048357888 1073741824  5476122099712    4423  8322603286528 100.00
    1    5117       Data/single  5490080743424 1073741824  5491154485248    4424  8324750770176  99.99
    1    5120       Data/single  5493301968896 1073741824  5494375710720    4425  8326898253824  99.27
    1    5129       Data/single  5502965645312 1073741824  5504039387136    4426  8327971995648  99.99
    1    5130       Data/single  5504039387136 1073741824  5505113128960    4427  8329045737472  99.60
    1    5134       Data/single  5508334354432 1073741824  5509408096256    4428  8330119479296  99.99
    1    5135       Data/single  5509408096256 1073741824  5510481838080    4429  8331193221120  99.47
    1    5136       Data/single  5510481838080 1073741824  5511555579904    4430  8332266962944  99.99
    1    5138       Data/single  5512629321728 1073741824  5513703063552    4431  8334414446592  99.22
    1    5139       Data/single  5513703063552 1073741824  5514776805376    4432  8335488188416 100.00
    1    5140       Data/single  5514776805376 1073741824  5515850547200    4433  8336561930240  99.61
    1    5141       Data/single  5515850547200 1073741824  5516924289024    4434  8337635672064  99.99
    1    5142       Data/single  5516924289024 1073741824  5517998030848    4435  8338709413888  99.02
    1    5143       Data/single  5517998030848 1073741824  5519071772672    4436  8339783155712 100.00
    1    5144       Data/single  5519071772672 1073741824  5520145514496    4437  8340856897536  99.79
    1    5146       Data/single  5521219256320 1073741824  5522292998144    4438  8343004381184  99.26
    1    5148       Data/single  5523366739968 1073741824  5524440481792    4439  8345151864832  99.61
    1    5150       Data/single  5525514223616 1073741824  5526587965440    4440  8347299348480  99.83
    1    5151       Data/single  5526587965440 1073741824  5527661707264    4441  8348373090304  99.74
    1    5152       Data/single  5527661707264 1073741824  5528735449088    4442  8349446832128  99.99
    1    5153       Data/single  5528735449088 1073741824  5529809190912    4443  8350520573952  99.56
    1    5154       Data/single  5529809190912 1073741824  5530882932736    4444  8351594315776  92.19
    1    5155       Data/single  5530882932736 1073741824  5531956674560    4445  8352668057600  99.57
    1    5156       Data/single  5531956674560 1073741824  5533030416384    4446  8353741799424  99.92
    1    5157       Data/single  5533030416384 1073741824  5534104158208    4447  8354815541248  83.85
    1    5158       Data/single  5534104158208 1073741824  5535177900032    4448  8355889283072  99.44
    1    5162       Data/single  5538399125504 1073741824  5539472867328    4449  8360184250368  99.23
    1    5167       Data/single  5543767834624 1073741824  5544841576448    4450  8365552959488  99.35
    1    5168       Data/single  5544841576448 1073741824  5545915318272    4451  8366626701312  98.34
    1    5170       Data/single  5546989060096 1073741824  5548062801920    4452  8368774184960  99.73
    1    5171       Data/single  5548062801920 1073741824  5549136543744    4453  8369847926784 100.00
    1    5172       Data/single  5549136543744 1073741824  5550210285568    4454  8370921668608  99.64
    1    5174       Data/single  5551284027392 1073741824  5552357769216    4455  8373069152256  99.35
    1    5177       Data/single  5554505252864 1073741824  5555578994688    4456  8376290377728  99.63
    1    5182       Data/single  5559873961984 1073741824  5560947703808    4457  8381659086848  99.50
    1    5186       Data/single  5564168929280 1073741824  5565242671104    4458  8384880312320  99.75
    1    5188       Data/single  5566316412928 1073741824  5567390154752    4459  8385954054144  98.26
    1    5189       Data/single  5567390154752 1073741824  5568463896576    4460  8387027795968  98.67
    1    5192       Data/single  5570611380224 1073741824  5571685122048    4461  8390249021440  96.79
    1    5199       Data/single  5578127572992 1073741824  5579201314816    4462  8395617730560  98.12
    1    5204       Data/single  5583496282112 1073741824  5584570023936    4463  8400986439680  99.70
    1    5210       Data/single  5589938733056 1073741824  5591012474880    4464  8406355148800  99.22
    1    5214       Data/single  5594233700352 1073741824  5595307442176    4465  8408502632448  99.23
    1    5221       Data/single  5601749893120 1073741824  5602823634944    4466  8410650116096  99.36
    1    5622       Data/single  6392023875584 1073741824  6393097617408    4467  8417092567040  99.35
    1    5623       Data/single  6395245101056 1073741824  6396318842880    4468  8420313792512  99.59
    1    5624       Data/single  6398466326528 1073741824  6399540068352    4469  8423535017984  99.61
    1    5625       Data/single  6402761293824 1073741824  6403835035648    4470  8427829985280  99.80
    1    5626       Data/single  6404908777472 1073741824  6405982519296    4471  8429977468928  99.23
    1    5627       Data/single  6407056261120 1073741824  6408130002944    4472  8432124952576  99.39
    1    5628       Data/single  6409203744768 1073741824  6410277486592    4473  8434272436224  99.59
    1    5629       Data/single  6412424970240 1073741824  6413498712064    4474  8437493661696  99.17
    1    5630       Data/single  6414572453888 1073741824  6415646195712    4475  8439641145344  99.51
    1    5631       Data/single  6416719937536 1073741824  6417793679360    4476  8441788628992  99.52
    1    5632       Data/single  6418867421184 1073741824  6419941163008    4477  8443936112640  99.72
    1    5633       Data/single  6422088646656 1073741824  6423162388480    4478  8447157338112  99.67
    1    5634       Data/single  6424236130304 1073741824  6425309872128    4479  8449304821760  99.67
    1    5635       Data/single  6426383613952 1073741824  6427457355776    4480  8451452305408  99.80
    1    5636       Data/single  6428531097600 1073741824  6429604839424    4481  8453599789056  99.55
    1    5637       Data/single  6430678581248 1073741824  6431752323072    4482  8455747272704  99.54
    1    5638       Data/single  6432826064896 1073741824  6433899806720    4483  8457894756352  99.27
    1    5640       Data/single  6437121032192 1073741824  6438194774016    4484  8461115981824  99.48
    1    5641       Data/single  6439268515840 1073741824  6440342257664    4485  8463263465472  99.36
    1    5642       Data/single  6443563483136 1073741824  6444637224960    4486  8467558432768  99.66
    1    5643       Data/single  6445710966784 1073741824  6446784708608    4487  8469705916416  99.57
    1    5644       Data/single  6448932192256 1073741824  6450005934080    4488  8472927141888  99.37
    1    5645       Data/single  6451079675904 1073741824  6452153417728    4489  8475074625536  99.45
    1    5646       Data/single  6453227159552 1073741824  6454300901376    4490  8477222109184  99.73
    1    5647       Data/single  6458595868672 1073741824  6459669610496    4491  8482590818304  99.04
    1    5648       Data/single  6460743352320 1073741824  6461817094144    4492  8484738301952  99.27
    1    5649       Data/single  6463964577792 1073741824  6465038319616    4493  8487959527424  99.85
    1    5650       Data/single  6473628254208 1073741824  6474701996032    4494  8497623203840  99.65
    1    5651       Data/single  6476849479680 1073741824  6477923221504    4495  8500844429312  99.49
    1    5652       Data/single  6480070705152 1073741824  6481144446976    4496  8504065654784  99.86
    1    5653       Data/single  6485439414272 1073741824  6486513156096    4497  8509434363904  99.69
    1    5654       Data/single  6488660639744 1073741824  6489734381568    4498  8512655589376  99.69
    1    5655       Data/single  6490808123392 1073741824  6491881865216    4499  8514803073024  99.31
    1    5656       Data/single  6496176832512 1073741824  6497250574336    4500  8520171782144  99.66
    1    5657       Data/single  6504766767104 1073741824  6505840508928    4501  8527687974912  68.86
    1    5658       Data/single  6505840508928 1073741824  6506914250752    4502  8528761716736  99.73
    1    5659       Data/single  6507987992576 1073741824  6509061734400    4503  8530909200384  99.72
    1    5660       Data/single  6516577927168 1073741824  6517651668992    4504  8539499134976  99.40
    1    5661       Data/single  6519799152640 1073741824  6520872894464    4505  8542720360448  99.76
    1    5662       Data/single  6521946636288 1073741824  6523020378112    4506  8544867844096  99.66
    1    5663       Data/single  6524094119936 1073741824  6525167861760    4507  8547015327744  99.20
    1    5664       Data/single  6527315345408 1073741824  6528389087232    4508  8550236553216  99.69
    1    5665       Data/single  6529462829056 1073741824  6530536570880    4509  8552384036864  99.41
    1    5666       Data/single  6531610312704 1073741824  6532684054528    4510  8554531520512  99.61
    1    5667       Data/single  6533757796352 1073741824  6534831538176    4511  8556679004160  99.13
    1    5668       Data/single  6536979021824 1073741824  6538052763648    4512  8559900229632  99.07
    1    5669       Data/single  6540200247296 1073741824  6541273989120    4513  8563121455104  99.06
    1    5670       Data/single  6542347730944 1073741824  6543421472768    4514  8565268938752  99.73
    1    5671       Data/single  6544495214592 1073741824  6545568956416    4515  8567416422400  99.29
    1    5672       Data/single  6546642698240 1073741824  6547716440064    4516  8569563906048  99.34
    1    5673       Data/single  6548790181888 1073741824  6549863923712    4517  8571711389696  99.16
    1    5674       Data/single  6552011407360 1073741824  6553085149184    4518  8574932615168  99.79
    1    5675       Data/single  6554158891008 1073741824  6555232632832    4519  8577080098816  99.53
    1    5676       Data/single  6556306374656 1073741824  6557380116480    4520  8579227582464  99.60
    1    5677       Data/single  6558453858304 1073741824  6559527600128    4521  8581375066112  99.61
    1    5678       Data/single  6560601341952 1073741824  6561675083776    4522  8583522549760  99.20
    1    5679       Data/single  6562748825600 1073741824  6563822567424    4523  8585670033408  99.91
    1    5680       Data/single  6563822567424 1073741824  6564896309248    4524  8586743775232  99.78
    1    5681       Data/single  6564896309248 1073741824  6565970051072    4525  8587817517056  99.98
    1    5682       Data/single  6565970051072 1073741824  6567043792896    4526  8588891258880  99.39
    1    5683       Data/single  6568117534720 1073741824  6569191276544    4527  8591038742528  99.63
    1    5684       Data/single  6571338760192 1073741824  6572412502016    4528  8594259968000  99.14
    1    5685       Data/single  6572412502016 1073741824  6573486243840    4529  8595333709824  61.21
    1    5686       Data/single  6574559985664 1073741824  6575633727488    4530  8597481193472  99.48
    1    5688       Data/single  6576707469312 1073741824  6577781211136    4531  8599628677120  99.71
    1    5689       Data/single  6578854952960 1073741824  6579928694784    4532  8601776160768  99.11
    1    5691       Data/single  6582076178432 1073741824  6583149920256    4533  8603923644416  99.18
    1    5692       Data/single  6584223662080 1073741824  6585297403904    4534  8606071128064  99.48
    1    5693       Data/single  6586371145728 1073741824  6587444887552    4535  8608218611712  99.34
    1    5694       Data/single  6587444887552 1073741824  6588518629376    4536  8609292353536  99.85
    1    5695       Data/single  6589592371200 1073741824  6590666113024    4537  8611439837184  99.95
    1    5696       Data/single  6651869396992 1073741824  6652943138816    4538  8673716862976  99.99
    1    5699       Data/single  6686229135360 1073741824  6687302877184    4539  8705929117696  99.99
    1    5701       Data/single  6691597844480 1073741824  6692671586304    4540  8710224084992  99.99
    1    5704       Data/single  6744211193856 1073741824  6745284935680    4541  8760689950720  99.93
    1    5707       Data/single  6782865899520 1073741824  6783939641344    4542  8797197172736  56.70
    1    5708       Data/single  6783939641344 1073741824  6785013383168    4543  8798270914560 100.00
    1    5709       Data/single  6786087124992 1073741824  6787160866816    4544  8800418398208  99.51
    1    5710       Data/single  6788234608640 1073741824  6789308350464    4545  8802565881856 100.00
    1    5711       Data/single  6790382092288 1073741824  6791455834112    4546  8804713365504  99.61
    1    5712       Data/single  6792529575936 1073741824  6793603317760    4547  8806860849152 100.00
    1    5713       Data/single  6794677059584 1073741824  6795750801408    4548  8809008332800 100.00
    1    5714       Data/single  6796824543232 1073741824  6797898285056    4549  8811155816448  99.49
    1    5717       Data/single  6816151896064 1073741824  6817225637888    4550  8829409427456  98.37
    1    5720       Data/single  6837626732544 1073741824  6838700474368    4551  8850884263936  99.99
    1    5722       Data/single  6858027827200 1073741824  6859101569024    4552  8870211616768  99.55
    1    5726       Data/single  7040563937280 1073741824  7041637679104    4553  9049526501376  99.27
    1    5727       Data/single  7055596322816 1073741824  7056670064640    4554  9064558886912  99.67
    1    5728       Data/single  7058817548288 1073741824  7059891290112    4555  9067780112384  99.54
    1    5729       Data/single  7060965031936 1073741824  7062038773760    4556  9069927596032  99.55
    1    5730       Data/single  7062038773760 1073741824  7063112515584    4557  9071001337856 100.00
    1    5731       Data/single  7063112515584 1073741824  7064186257408    4558  9072075079680 100.00
    1    5732       Data/single  7065259999232 1073741824  7066333741056    4559  9074222563328 100.00
    1    5733       Data/single  7066333741056 1073741824  7067407482880    4560  9075296305152  99.12
    1    5734       Data/single  7069554966528 1073741824  7070628708352    4561  9077443788800 100.00
    1    5735       Data/single  7070628708352 1073741824  7071702450176    4562  9078517530624  99.60
    1    5736       Data/single  7071702450176 1073741824  7072776192000    4563  9079591272448 100.00
    1    5737       Data/single  7072776192000 1073741824  7073849933824    4564  9080665014272  99.79
    1    5738       Data/single  7073849933824 1073741824  7074923675648    4565  9081738756096  99.75
    1    5739       Data/single  7075997417472 1073741824  7077071159296    4566  9083886239744 100.00
    1    5740       Data/single  7077071159296 1073741824  7078144901120    4567  9084959981568 100.00
    1    5741       Data/single  7078144901120 1073741824  7079218642944    4568  9086033723392  99.13
    1    5742       Data/single  7079218642944 1073741824  7080292384768    4569  9087107465216 100.00
    1    5743       Data/single  7080292384768 1073741824  7081366126592    4570  9088181207040 100.00
    1    5744       Data/single  7081366126592 1073741824  7082439868416    4571  9089254948864  99.22
    1    5745       Data/single  7083513610240 1073741824  7084587352064    4572  9091402432512 100.00
    1    5746       Data/single  7084587352064 1073741824  7085661093888    4573  9092476174336 100.00
    1    5747       Data/single  7085661093888 1073741824  7086734835712    4574  9093549916160 100.00
    1    5748       Data/single  7086734835712 1073741824  7087808577536    4575  9094623657984 100.00
    1    5749       Data/single  7087808577536 1073741824  7088882319360    4576  9095697399808  99.68
    1    5750       Data/single  7089956061184 1073741824  7091029803008    4577  9097844883456 100.00
    1    5751       Data/single  7091029803008 1073741824  7092103544832    4578  9098918625280  99.61
    1    5752       Data/single  7093177286656 1073741824  7094251028480    4579  9101066108928 100.00
    1    5753       Data/single  7094251028480 1073741824  7095324770304    4580  9102139850752  99.55
    1    5754       Data/single  7095324770304 1073741824  7096398512128    4581  9103213592576 100.00
    1    5755       Data/single  7096398512128 1073741824  7097472253952    4582  9104287334400  99.70
    1    5756       Data/single  7097472253952 1073741824  7098545995776    4583  9105361076224 100.00
    1    5757       Data/single  7098545995776 1073741824  7099619737600    4584  9106434818048 100.00
    1    5758       Data/single  7099619737600 1073741824  7100693479424    4585  9107508559872 100.00
    1    5759       Data/single  7100693479424 1073741824  7101767221248    4586  9108582301696 100.00
    1    5760       Data/single  7101767221248 1073741824  7102840963072    4587  9109656043520  99.56
    1    5761       Data/single  7102840963072 1073741824  7103914704896    4588  9110729785344 100.00
    1    5762       Data/single  7103914704896 1073741824  7104988446720    4589  9111803527168 100.00
    1    5763       Data/single  7104988446720 1073741824  7106062188544    4590  9112877268992 100.00
    1    5764       Data/single  7106062188544 1073741824  7107135930368    4591  9113951010816  99.05
    1    5765       Data/single  7107135930368 1073741824  7108209672192    4592  9115024752640 100.00
    1    5766       Data/single  7108209672192 1073741824  7109283414016    4593  9116098494464  99.48
    1    5767       Data/single  7110357155840 1073741824  7111430897664    4594  9118245978112 100.00
    1    5768       Data/single  7111430897664 1073741824  7112504639488    4595  9119319719936  99.05
    1    5769       Data/single  7113578381312 1073741824  7114652123136    4596  9121467203584 100.00
    1    5770       Data/single  7114652123136 1073741824  7115725864960    4597  9122540945408  99.55
    1    5771       Data/single  7115725864960 1073741824  7116799606784    4598  9123614687232 100.00
    1    5772       Data/single  7116799606784 1073741824  7117873348608    4599  9124688429056  99.77
    1    5773       Data/single  7118947090432 1073741824  7120020832256    4600  9126835912704 100.00
    1    5774       Data/single  7121094574080 1073741824  7122168315904    4601  9128983396352  99.55
    1    5775       Data/single  7123242057728 1073741824  7124315799552    4602  9131130880000  99.77
    1    5776       Data/single  7124315799552 1073741824  7125389541376    4603  9132204621824 100.00
    1    5777       Data/single  7125389541376 1073741824  7126463283200    4604  9133278363648 100.00
    1    5778       Data/single  7126463283200 1073741824  7127537025024    4605  9134352105472  99.65
    1    5779       Data/single  7127537025024 1073741824  7128610766848    4606  9135425847296 100.00
    1    5780       Data/single  7128610766848 1073741824  7129684508672    4607  9136499589120  99.59
    1    5781       Data/single  7130758250496 1073741824  7131831992320    4608  9138647072768  99.85
    1    5782       Data/single  7131831992320 1073741824  7132905734144    4609  9139720814592  99.99
    1    5783       Data/single  7132905734144 1073741824  7133979475968    4610  9140794556416 100.00
    1    5784       Data/single  7133979475968 1073741824  7135053217792    4611  9141868298240  99.44
    1    5785       Data/single  7135053217792 1073741824  7136126959616    4612  9142942040064 100.00
    1    5786       Data/single  7136126959616 1073741824  7137200701440    4613  9144015781888  99.36
    1    5787       Data/single  7137200701440 1073741824  7138274443264    4614  9145089523712  99.34
    1    5788       Data/single  7138274443264 1073741824  7139348185088    4615  9146163265536  99.64
    1    5789       Data/single  7139348185088 1073741824  7140421926912    4616  9147237007360 100.00
    1    5790       Data/single  7140421926912 1073741824  7141495668736    4617  9148310749184  99.50
    1    5791       Data/single  7142569410560 1073741824  7143643152384    4618  9150458232832 100.00
    1    5792       Data/single  7144716894208 1073741824  7145790636032    4619  9152605716480  99.72
    1    5793       Data/single  7145790636032 1073741824  7146864377856    4620  9153679458304  99.62
    1    5794       Data/single  7146864377856 1073741824  7147938119680    4621  9154753200128 100.00
    1    5795       Data/single  7147938119680 1073741824  7149011861504    4622  9155826941952 100.00
    1    5796       Data/single  7149011861504 1073741824  7150085603328    4623  9156900683776  99.22
    1    5797       Data/single  7150085603328 1073741824  7151159345152    4624  9157974425600  99.53
    1    5798       Data/single  7151159345152 1073741824  7152233086976    4625  9159048167424  99.21
    1    5799       Data/single  7152233086976 1073741824  7153306828800    4626  9160121909248  99.14
    1    5800       Data/single  7153306828800 1073741824  7154380570624    4627  9161195651072  99.48
    1    5801       Data/single  7154380570624 1073741824  7155454312448    4628  9162269392896  99.65
    1    5802       Data/single  7156528054272 1073741824  7157601796096    4629  9164416876544 100.00
    1    5803       Data/single  7157601796096 1073741824  7158675537920    4630  9165490618368  99.67
    1    5805       Data/single  7160823021568 1073741824  7161896763392    4631  9167638102016  99.13
    1    5806       Data/single  7161896763392 1073741824  7162970505216    4632  9168711843840  99.61
    1    5807       Data/single  7162970505216 1073741824  7164044247040    4633  9169785585664  99.50
    1    5808       Data/single  7165117988864 1073741824  7166191730688    4634  9171933069312  99.31
    1    5809       Data/single  7166191730688 1073741824  7167265472512    4635  9173006811136 100.00
    1    5810       Data/single  7167265472512 1073741824  7168339214336    4636  9174080552960  99.50
    1    5811       Data/single  7168339214336 1073741824  7169412956160    4637  9175154294784  99.74
    1    5812       Data/single  7169412956160 1073741824  7170486697984    4638  9176228036608  99.56
    1    5813       Data/single  7171560439808 1073741824  7172634181632    4639  9178375520256  99.53
    1    5814       Data/single  7172634181632 1073741824  7173707923456    4640  9179449262080  99.56
    1    5815       Data/single  7174781665280 1073741824  7175855407104    4641  9181596745728  99.52
    1    5816       Data/single  7175855407104 1073741824  7176929148928    4642  9182670487552 100.00
    1    5817       Data/single  7176929148928 1073741824  7178002890752    4643  9183744229376  99.69
    1    5819       Data/single  7180150374400 1073741824  7181224116224    4644  9184817971200  99.68
    1    5820       Data/single  7182297858048 1073741824  7183371599872    4645  9185891713024  99.50
    1    5821       Data/single  7183371599872 1073741824  7184445341696    4646  9186965454848  99.43
    1    5822       Data/single  7184445341696 1073741824  7185519083520    4647  9188039196672 100.00
    1    5823       Data/single  7185519083520 1073741824  7186592825344    4648  9189112938496  99.12
    1    5824       Data/single  7186592825344 1073741824  7187666567168    4649  9190186680320  99.10
    1    5825       Data/single  7188740308992 1073741824  7189814050816    4650  9192334163968  99.18
    1    5826       Data/single  7189814050816 1073741824  7190887792640    4651  9193407905792  99.77
    1    5827       Data/single  7191961534464 1073741824  7193035276288    4652  9195555389440 100.00
    1    5828       Data/single  7193035276288 1073741824  7194109018112    4653  9196629131264  99.30
    1    5829       Data/single  7194109018112 1073741824  7195182759936    4654  9197702873088  99.32
    1    5830       Data/single  7196256501760 1073741824  7197330243584    4655  9199850356736  99.46
    1    5831       Data/single  7197330243584 1073741824  7198403985408    4656  9200924098560  99.02
    1    5832       Data/single  7198403985408 1073741824  7199477727232    4657  9201997840384  99.45
    1    5833       Data/single  7199477727232 1073741824  7200551469056    4658  9203071582208  99.56
    1    5834       Data/single  7201625210880 1073741824  7202698952704    4659  9205219065856  99.79
    1    5835       Data/single  7202698952704 1073741824  7203772694528    4660  9206292807680  99.75
    1    5836       Data/single  7203772694528 1073741824  7204846436352    4661  9207366549504  99.79
    1    5837       Data/single  7204846436352 1073741824  7205920178176    4662  9208440291328 100.00
    1    5838       Data/single  7205920178176 1073741824  7206993920000    4663  9209514033152  99.76
    1    5839       Data/single  7208067661824 1073741824  7209141403648    4664  9211661516800  99.30
    1    5840       Data/single  7209141403648 1073741824  7210215145472    4665  9212735258624  99.71
    1    5841       Data/single  7210215145472 1073741824  7211288887296    4666  9213809000448  99.93
    1    5842       Data/single  7211288887296 1073741824  7212362629120    4667  9214882742272  99.58
    1    5843       Data/single  7213436370944 1073741824  7214510112768    4668  9217030225920  99.15
    1    5844       Data/single  7214510112768 1073741824  7215583854592    4669  9218103967744 100.00
    1    5845       Data/single  7215583854592 1073741824  7216657596416    4670  9219177709568  99.61
    1    5846       Data/single  7216657596416 1073741824  7217731338240    4671  9220251451392  99.39
    1    5847       Data/single  7217731338240 1073741824  7218805080064    4672  9221325193216 100.00
    1    5848       Data/single  7218805080064 1073741824  7219878821888    4673  9222398935040 100.00
    1    5849       Data/single  7220952563712 1073741824  7222026305536    4674  9224546418688  99.33
    1    5850       Data/single  7222026305536 1073741824  7223100047360    4675  9225620160512  99.61
    1    5851       Data/single  7223100047360 1073741824  7224173789184    4676  9226693902336  99.54
    1    5852       Data/single  7224173789184 1073741824  7225247531008    4677  9227767644160  99.38
    1    5853       Data/single  7225247531008 1073741824  7226321272832    4678  9228841385984 100.00
    1    5854       Data/single  7226321272832 1073741824  7227395014656    4679  9229915127808  99.05
    1    5855       Data/single  7227395014656 1073741824  7228468756480    4680  9230988869632  99.15
    1    5856       Data/single  7228468756480 1073741824  7229542498304    4681  9232062611456  99.15
    1    5857       Data/single  7229542498304 1073741824  7230616240128    4682  9233136353280  99.75
    1    5858       Data/single  7230616240128 1073741824  7231689981952    4683  9234210095104  99.15
    1    5859       Data/single  7231689981952 1073741824  7232763723776    4684  9235283836928  99.46
    1    5860       Data/single  7233837465600 1073741824  7234911207424    4685  9237431320576 100.00
    1    5861       Data/single  7234911207424 1073741824  7235984949248    4686  9238505062400  99.78
    1    5862       Data/single  7235984949248 1073741824  7237058691072    4687  9239578804224  99.65
    1    5863       Data/single  7237058691072 1073741824  7238132432896    4688  9240652546048  99.83
    1    5864       Data/single  7238132432896 1073741824  7239206174720    4689  9241726287872  99.52
    1    5865       Data/single  7239206174720 1073741824  7240279916544    4690  9242800029696 100.00
    1    5866       Data/single  7240279916544 1073741824  7241353658368    4691  9243873771520  99.74
    1    5867       Data/single  7242427400192 1073741824  7243501142016    4692  9246021255168  99.21
    1    5868       Data/single  7243501142016 1073741824  7244574883840    4693  9247094996992  99.75
    1    5869       Data/single  7245648625664 1073741824  7246722367488    4694  9249242480640 100.00
    1    5870       Data/single  7246722367488 1073741824  7247796109312    4695  9250316222464  99.54
    1    5871       Data/single  7247796109312 1073741824  7248869851136    4696  9251389964288  99.47
    1    5872       Data/single  7249943592960 1073741824  7251017334784    4697  9253537447936  99.79
    1    5874       Data/single  7253164818432 1073741824  7254238560256    4698  9255684931584  99.96
    1    5875       Data/single  7255312302080 1073741824  7256386043904    4699  9257832415232  99.48
    1    5876       Data/single  7257459785728 1073741824  7258533527552    4700  9259979898880  99.69
    1    5877       Data/single  7258533527552 1073741824  7259607269376    4701  9261053640704  99.97
    1    5878       Data/single  7259607269376 1073741824  7260681011200    4702  9262127382528  99.78
    1    5879       Data/single  7261754753024 1073741824  7262828494848    4703  9264274866176  99.24
    1    5880       Data/single  7262828494848 1073741824  7263902236672    4704  9265348608000  99.74
    1    5881       Data/single  7264975978496 1073741824  7266049720320    4705  9267496091648 100.00
    1    5882       Data/single  7266049720320 1073741824  7267123462144    4706  9268569833472  99.62
    1    5883       Data/single  7268197203968 1073741824  7269270945792    4707  9270717317120  99.65
    1    5885       Data/single  7271418429440 1073741824  7272492171264    4708  9272864800768  99.72
    1    5886       Data/single  7273565913088 1073741824  7274639654912    4709  9275012284416  99.73
    1    5887       Data/single  7275713396736 1073741824  7276787138560    4710  9277159768064  99.33
    1    5888       Data/single  7276787138560 1073741824  7277860880384    4711  9278233509888  99.74
    1    5889       Data/single  7277860880384 1073741824  7278934622208    4712  9279307251712  99.23
    1    5890       Data/single  7280008364032 1073741824  7281082105856    4713  9281454735360  99.53
    1    5891       Data/single  7281082105856 1073741824  7282155847680    4714  9282528477184  99.56
    1    5892       Data/single  7282155847680 1073741824  7283229589504    4715  9283602219008  99.10
    1    5893       Data/single  7283229589504 1073741824  7284303331328    4716  9284675960832  99.78
    1    5894       Data/single  7285377073152 1073741824  7286450814976    4717  9286823444480  99.67
    1    5895       Data/single  7286450814976 1073741824  7287524556800    4718  9287897186304  99.25
    1    5896       Data/single  7287524556800 1073741824  7288598298624    4719  9288970928128  99.97
    1    5897       Data/single  7288598298624 1073741824  7289672040448    4720  9290044669952  99.18
    1    5899       Data/single  7291819524096 1073741824  7292893265920    4721  9292192153600  99.25
    1    5900       Data/single  7292893265920 1073741824  7293967007744    4722  9293265895424 100.00
    1    5901       Data/single  7293967007744 1073741824  7295040749568    4723  9294339637248  99.19
    1    5902       Data/single  7296114491392 1073741824  7297188233216    4724  9296487120896  99.74
    1    5903       Data/single  7298261975040 1073741824  7299335716864    4725  9298634604544  99.96
    1    5904       Data/single  7300409458688 1073741824  7301483200512    4726  9300782088192  99.80
    1    5905       Data/single  7302556942336 1073741824  7303630684160    4727  9302929571840  99.51
    1    5907       Data/single  7305778167808 1073741824  7306851909632    4728  9305077055488  99.46
    1    5908       Data/single  7307925651456 1073741824  7308999393280    4729  9307224539136 100.00
    1    5909       Data/single  7308999393280 1073741824  7310073135104    4730  9308298280960  99.68
    1    5910       Data/single  7310073135104 1073741824  7311146876928    4731  9309372022784  99.61
    1    5911       Data/single  7311146876928 1073741824  7312220618752    4732  9310445764608  99.67
    1    5912       Data/single  7313294360576 1073741824  7314368102400    4733  9312593248256  99.60
    1    5913       Data/single  7314368102400 1073741824  7315441844224    4734  9313666990080 100.00
    1    5914       Data/single  7315441844224 1073741824  7316515586048    4735  9314740731904  99.66
    1    5915       Data/single  7317589327872 1073741824  7318663069696    4736  9316888215552 100.00
    1    5916       Data/single  7318663069696 1073741824  7319736811520    4737  9317961957376  99.69
    1    5917       Data/single  7320810553344 1073741824  7321884295168    4738  9320109441024  99.99
    1    5918       Data/single  7321884295168 1073741824  7322958036992    4739  9321183182848 100.00
    1    5919       Data/single  7322958036992 1073741824  7324031778816    4740  9322256924672  99.04
    1    5920       Data/single  7325105520640 1073741824  7326179262464    4741  9324404408320  99.38
    1    5921       Data/single  7326179262464 1073741824  7327253004288    4742  9325478150144 100.00
    1    5922       Data/single  7327253004288 1073741824  7328326746112    4743  9326551891968  99.67
    1    5923       Data/single  7328326746112 1073741824  7329400487936    4744  9327625633792  65.34
    1    5924       Data/single  7329400487936 1073741824  7330474229760    4745  9328699375616  99.68
    1    5925       Data/single  7331547971584 1073741824  7332621713408    4746  9330846859264  99.70
    1    5927       Data/single  7334769197056 1073741824  7335842938880    4747  9332994342912 100.00
    1    5928       Data/single  7337990422528 1073741824  7339064164352    4748  9336215568384  99.47
    1    5929       Data/single  7340137906176 1073741824  7341211648000    4749  9338363052032  99.67
    1    5930       Data/single  7341211648000 1073741824  7342285389824    4750  9339436793856  99.74
    1    5931       Data/single  7343359131648 1073741824  7344432873472    4751  9341584277504  99.16
    1    5932       Data/single  7345506615296 1073741824  7346580357120    4752  9343731761152  99.51
    1    5933       Data/single  7347654098944 1073741824  7348727840768    4753  9345879244800  99.67
    1    5934       Data/single  7349801582592 1073741824  7350875324416    4754  9348026728448  99.70
    1    5935       Data/single  7351949066240 1073741824  7353022808064    4755  9350174212096  99.76
    1    5936       Data/single  7354096549888 1073741824  7355170291712    4756  9352321695744  99.75
    1    5937       Data/single  7357317775360 1073741824  7358391517184    4757  9355542921216  99.20
    1    5938       Data/single  7360539000832 1073741824  7361612742656    4758  9358764146688  99.23
    1    5939       Data/single  7361612742656 1073741824  7362686484480    4759  9359837888512  99.80
    1    5940       Data/single  7363760226304 1073741824  7364833968128    4760  9361985372160  99.49
    1    5941       Data/single  7365907709952 1073741824  7366981451776    4761  9364132855808  99.61
    1    5943       Data/single  7369128935424 1073741824  7370202677248    4762  9366280339456  99.77
    1    5944       Data/single  7371276419072 1073741824  7372350160896    4763  9368427823104  99.29
    1    5945       Data/single  7373423902720 1073741824  7374497644544    4764  9370575306752  99.15
    1    5946       Data/single  7375571386368 1073741824  7376645128192    4765  9372722790400  99.48
    1    5947       Data/single  7378792611840 1073741824  7379866353664    4766  9375944015872  99.76
    1    5948       Data/single  7380940095488 1073741824  7382013837312    4767  9378091499520  99.60
    1    5949       Data/single  7383087579136 1073741824  7384161320960    4768  9380238983168  99.79
    1    5950       Data/single  7386308804608 1073741824  7387382546432    4769  9383460208640  99.48
    1    5951       Data/single  7388456288256 1073741824  7389530030080    4770  9385607692288  99.31
    1    5952       Data/single  7390603771904 1073741824  7391677513728    4771  9387755175936  99.78
    1    5953       Data/single  7392751255552 1073741824  7393824997376    4772  9389902659584  99.05
    1    5954       Data/single  7397046222848 1073741824  7398119964672    4773  9394197626880  99.42
    1    5955       Data/single  7399193706496 1073741824  7400267448320    4774  9396345110528  99.64
    1    5956       Data/single  7401341190144 1073741824  7402414931968    4775  9398492594176  99.04
    1    5957       Data/single  7402414931968 1073741824  7403488673792    4776  9399566336000  99.38
    1    5958       Data/single  7404562415616 1073741824  7405636157440    4777  9401713819648  99.76
    1    5959       Data/single  7406709899264 1073741824  7407783641088    4778  9403861303296  99.64
    1    5960       Data/single  7408857382912 1073741824  7409931124736    4779  9406008786944  99.44
    1    5961       Data/single  7411004866560 1073741824  7412078608384    4780  9408156270592  99.53
    1    5962       Data/single  7413152350208 1073741824  7414226092032    4781  9410303754240  99.60
    1    5963       Data/single  7415299833856 1073741824  7416373575680    4782  9412451237888  99.22
    1    5964       Data/single  7416373575680 1073741824  7417447317504    4783  9413524979712  99.51
    1    5965       Data/single  7418521059328 1073741824  7419594801152    4784  9415672463360  99.81
    1    5966       Data/single  7420668542976 1073741824  7421742284800    4785  9417819947008  99.58
    1    5967       Data/single  7422816026624 1073741824  7423889768448    4786  9419967430656  99.51
    1    5968       Data/single  7424963510272 1073741824  7426037252096    4787  9422114914304  99.77
    1    5969       Data/single  7428184735744 1073741824  7429258477568    4788  9425336139776  99.45
    1    5970       Data/single  7430332219392 1073741824  7431405961216    4789  9427483623424  99.35
    1    5971       Data/single  7432479703040 1073741824  7433553444864    4790  9429631107072  99.68
    1    5972       Data/single  7435700928512 1073741824  7436774670336    4791  9432852332544  99.75
    1    5973       Data/single  7437848412160 1073741824  7438922153984    4792  9434999816192  99.22
    1    5974       Data/single  7439995895808 1073741824  7441069637632    4793  9437147299840  99.68
    1    5975       Data/single  7442143379456 1073741824  7443217121280    4794  9439294783488  99.49
    1    5976       Data/single  7444290863104 1073741824  7445364604928    4795  9441442267136  99.66
    1    5977       Data/single  7447512088576 1073741824  7448585830400    4796  9444663492608  99.50
    1    5978       Data/single  7450733314048 1073741824  7451807055872    4797  9447884718080  99.76
    1    5979       Data/single  7452880797696 1073741824  7453954539520    4798  9450032201728  99.48
    1    5980       Data/single  7456102023168 1073741824  7457175764992    4799  9453253427200  99.78
    1    5982       Data/single  7459323248640 1073741824  7460396990464    4800  9455400910848 100.00
    1    5983       Data/single  7460396990464 1073741824  7461470732288    4801  9456474652672 100.00
    1    5984       Data/single  7461470732288 1073741824  7462544474112    4802  9457548394496 100.00
    1    5985       Data/single  7462544474112 1073741824  7463618215936    4803  9458622136320  99.64
    1    5986       Data/single  7464691957760 1073741824  7465765699584    4804  9460769619968  99.67
    1    5987       Data/single  7466839441408 1073741824  7467913183232    4805  9462917103616  99.09
    1    5988       Data/single  7468986925056 1073741824  7470060666880    4806  9465064587264  99.48
    1    5989       Data/single  7471134408704 1073741824  7472208150528    4807  9467212070912  99.32
    1    5990       Data/single  7474355634176 1073741824  7475429376000    4808  9470433296384  99.21
    1    5991       Data/single  7476503117824 1073741824  7477576859648    4809  9472580780032  99.25
    1    5993       Data/single  7479724343296 1073741824  7480798085120    4810  9475802005504  99.79
    1    5994       Data/single  7481871826944 1073741824  7482945568768    4811  9477949489152  99.46
    1    5995       Data/single  7484019310592 1073741824  7485093052416    4812  9480096972800  99.92
    1    5996       Data/single  7486166794240 1073741824  7487240536064    4813  9482244456448  98.22
    1    5999       Data/single  7490461761536 1073741824  7491535503360    4814  9484391940096  99.47
    1    6000       Data/single  7492609245184 1073741824  7493682987008    4815  9486539423744 100.00
    1    6001       Data/single  7493682987008 1073741824  7494756728832    4816  9487613165568  99.38
    1    6002       Data/single  7495830470656 1073741824  7496904212480    4817  9489760649216  99.78
    1    6003       Data/single  7497977954304 1073741824  7499051696128    4818  9491908132864  99.91
    1    6004       Data/single  7499051696128 1073741824  7500125437952    4819  9492981874688 100.00
    1    6005       Data/single  7500125437952 1073741824  7501199179776    4820  9494055616512  99.12
    1    6006       Data/single  7503346663424 1073741824  7504420405248    4821  9497276841984  99.19
    1    6007       Data/single  7505494147072 1073741824  7506567888896    4822  9499424325632  99.05
    1    6008       Data/single  7507641630720 1073741824  7508715372544    4823  9501571809280  99.36
    1    6009       Data/single  7509789114368 1073741824  7510862856192    4824  9503719292928  99.53
    1    6010       Data/single  7511936598016 1073741824  7513010339840    4825  9505866776576  99.61
    1    6011       Data/single  7515157823488 1073741824  7516231565312    4826  9509088002048 100.00
    1    6012       Data/single  7516231565312 1073741824  7517305307136    4827  9510161743872 100.00
    1    6014       Data/single  7518379048960 1073741824  7519452790784    4828  9511235485696  99.80
    1    6015       Data/single  7520526532608 1073741824  7521600274432    4829  9513382969344 100.00
    1    6016       Data/single  7522674016256 1073741824  7523747758080    4830  9515530452992  99.66
    1    6017       Data/single  7524821499904 1073741824  7525895241728    4831  9517677936640  99.48
    1    6018       Data/single  7525895241728 1073741824  7526968983552    4832  9518751678464  99.27
    1    6019       Data/single  7528042725376 1073741824  7529116467200    4833  9520899162112  99.77
    1    6020       Data/single  7529116467200 1073741824  7530190209024    4834  9521972903936  99.50
    1    6021       Data/single  7531263950848 1073741824  7532337692672    4835  9524120387584  98.94
    1    6022       Data/single  7533411434496 1073741824  7534485176320    4836  9526267871232  99.71
    1    6023       Data/single  7536632659968 1073741824  7537706401792    4837  9529489096704 100.00
    1    6024       Data/single  7538780143616 1073741824  7539853885440    4838  9531636580352  99.96
    1    6025       Data/single  7539853885440 1073741824  7540927627264    4839  9532710322176 100.00
    1    6026       Data/single  7540927627264 1073741824  7542001369088    4840  9533784064000  99.16
    1    6027       Data/single  7542001369088 1073741824  7543075110912    4841  9534857805824  99.66
    1    6028       Data/single  7544148852736 1073741824  7545222594560    4842  9537005289472  99.37
    1    6029       Data/single  7546296336384 1073741824  7547370078208    4843  9539152773120 100.00
    1    6030       Data/single  7548443820032 1073741824  7549517561856    4844  9541300256768  99.76
    1    6031       Data/single  7550591303680 1073741824  7551665045504    4845  9543447740416  97.92
    1    6032       Data/single  7552738787328 1073741824  7553812529152    4846  9545595224064  99.45
    1    6033       Data/single  7553812529152 1073741824  7554886270976    4847  9546668965888  99.96
    1    6034       Data/single  7554886270976 1073741824  7555960012800    4848  9547742707712  99.20
    1    6036       Data/single  7558107496448 1073741824  7559181238272    4849  9549890191360  99.76
    1    6037       Data/single  7560254980096 1073741824  7561328721920    4850  9552037675008  98.77
    1    6038       Data/single  7562402463744 1073741824  7563476205568    4851  9554185158656  99.36
    1    6039       Data/single  7565623689216 1073741824  7566697431040    4852  9557406384128 100.00
    1    6040       Data/single  7566697431040 1073741824  7567771172864    4853  9558480125952  99.80
    1    6041       Data/single  7567771172864 1073741824  7568844914688    4854  9559553867776  99.45
    1    6042       Data/single  7569918656512 1073741824  7570992398336    4855  9561701351424  99.39
    1    6043       Data/single  7570992398336 1073741824  7572066140160    4856  9562775093248  99.72
    1    6044       Data/single  7572066140160 1073741824  7573139881984    4857  9563848835072  99.28
    1    6045       Data/single  7574213623808 1073741824  7575287365632    4858  9565996318720  99.68
    1    6046       Data/single  7576361107456 1073741824  7577434849280    4859  9568143802368  98.94
    1    6047       Data/single  7577434849280 1073741824  7578508591104    4860  9569217544192 100.00
    1    6048       Data/single  7578508591104 1073741824  7579582332928    4861  9570291286016  99.22
    1    6049       Data/single  7580656074752 1073741824  7581729816576    4862  9572438769664  99.26
    1    6050       Data/single  7582803558400 1073741824  7583877300224    4863  9574586253312  99.80
    1    6051       Data/single  7584951042048 1073741824  7586024783872    4864  9576733736960  99.83
    1    6053       Data/single  7589246009344 1073741824  7590319751168    4865  9579954962432  98.48
    1    6054       Data/single  7591393492992 1073741824  7592467234816    4866  9582102446080 100.00
    1    6055       Data/single  7593540976640 1073741824  7594614718464    4867  9584249929728  99.42
    1    6056       Data/single  7594614718464 1073741824  7595688460288    4868  9585323671552 100.00
    1    6057       Data/single  7595688460288 1073741824  7596762202112    4869  9586397413376 100.00
    1    6058       Data/single  7596762202112 1073741824  7597835943936    4870  9587471155200  99.63
    1    6059       Data/single  7598909685760 1073741824  7599983427584    4871  9589618638848 100.00
    1    6060       Data/single  7599983427584 1073741824  7601057169408    4872  9590692380672  99.79
    1    6061       Data/single  7601057169408 1073741824  7602130911232    4873  9591766122496 100.00
    1    6062       Data/single  7602130911232 1073741824  7603204653056    4874  9592839864320  99.30
    1    6063       Data/single  7603204653056 1073741824  7604278394880    4875  9593913606144  99.70
    1    6064       Data/single  7606425878528 1073741824  7607499620352    4876  9597134831616  99.80
    1    6065       Data/single  7609647104000 1073741824  7610720845824    4877  9600356057088  99.75
    1    6066       Data/single  7610720845824 1073741824  7611794587648    4878  9601429798912 100.00
    1    6067       Data/single  7611794587648 1073741824  7612868329472    4879  9602503540736 100.00
    1    6068       Data/single  7612868329472 1073741824  7613942071296    4880  9603577282560  99.18
    1    6070       Data/single  7616089554944 1073741824  7617163296768    4881  9605724766208  99.47
    1    6071       Data/single  7617163296768 1073741824  7618237038592    4882  9606798508032 100.00
    1    6072       Data/single  7618237038592 1073741824  7619310780416    4883  9607872249856  99.71
    1    6073       Data/single  7620384522240 1073741824  7621458264064    4884  9610019733504  99.75
    1    6074       Data/single  7622532005888 1073741824  7623605747712    4885  9612167217152  99.64
    1    6075       Data/single  7624679489536 1073741824  7625753231360    4886  9614314700800 100.00
    1    6076       Data/single  7626826973184 1073741824  7627900715008    4887  9616462184448  98.82
    1    6077       Data/single  7628974456832 1073741824  7630048198656    4888  9618609668096  99.23
    1    6078       Data/single  7630048198656 1073741824  7631121940480    4889  9619683409920  99.73
    1    6079       Data/single  7632195682304 1073741824  7633269424128    4890  9621830893568  99.79
    1    6080       Data/single  7633269424128 1073741824  7634343165952    4891  9622904635392 100.00
    1    6081       Data/single  7634343165952 1073741824  7635416907776    4892  9623978377216  99.54
    1    6082       Data/single  7636490649600 1073741824  7637564391424    4893  9626125860864 100.00
    1    6083       Data/single  7638638133248 1073741824  7639711875072    4894  9628273344512 100.00
    1    6084       Data/single  7639711875072 1073741824  7640785616896    4895  9629347086336  99.98
    1    6086       Data/single  7644006842368 1073741824  7645080584192    4896  9632568311808  99.48
    1    6087       Data/single  7645080584192 1073741824  7646154326016    4897  9633642053632 100.00
    1    6088       Data/single  7646154326016 1073741824  7647228067840    4898  9634715795456 100.00
    1    6089       Data/single  7647228067840 1073741824  7648301809664    4899  9635789537280 100.00
    1    6090       Data/single  7648301809664 1073741824  7649375551488    4900  9636863279104  99.80
    1    6091       Data/single  7650449293312 1073741824  7651523035136    4901  9639010762752 100.00
    1    6092       Data/single  7651523035136 1073741824  7652596776960    4902  9640084504576 100.00
    1    6093       Data/single  7652596776960 1073741824  7653670518784    4903  9641158246400  99.35
    1    6094       Data/single  7654744260608 1073741824  7655818002432    4904  9643305730048  99.78
    1    6095       Data/single  7656891744256 1073741824  7657965486080    4905  9645453213696 100.00
    1    6096       Data/single  7657965486080 1073741824  7659039227904    4906  9646526955520 100.00
    1    6097       Data/single  7659039227904 1073741824  7660112969728    4907  9647600697344  99.39
    1    6098       Data/single  7660112969728 1073741824  7661186711552    4908  9648674439168  99.58
    1    6099       Data/single  7662260453376 1073741824  7663334195200    4909  9650821922816  98.92
    1    6101       Data/single  7664407937024 1073741824  7665481678848    4910  9651895664640 100.00
    1    6102       Data/single  7665481678848 1073741824  7666555420672    4911  9652969406464 100.00
    1    6103       Data/single  7666555420672 1073741824  7667629162496    4912  9654043148288 100.00
    1    6104       Data/single  7667629162496 1073741824  7668702904320    4913  9655116890112 100.00
    1    6105       Data/single  7668702904320 1073741824  7669776646144    4914  9656190631936  99.72
    1    6106       Data/single  7669776646144 1073741824  7670850387968    4915  9657264373760 100.00
    1    6107       Data/single  7670850387968 1073741824  7671924129792    4916  9658338115584 100.00
    1    6108       Data/single  7671924129792 1073741824  7672997871616    4917  9659411857408  99.66
    1    6109       Data/single  7674071613440 1073741824  7675145355264    4918  9661559341056  99.79
    1    6110       Data/single  7675145355264 1073741824  7676219097088    4919  9662633082880 100.00
    1    6111       Data/single  7677292838912 1073741824  7678366580736    4920  9664780566528 100.00
    1    6112       Data/single  7679440322560 1073741824  7680514064384    4921  9666928050176 100.00
    1    6113       Data/single  7680514064384 1073741824  7681587806208    4922  9668001792000 100.00
    1    6114       Data/single  7681587806208 1073741824  7682661548032    4923  9669075533824 100.00
    1    6115       Data/single  7682661548032 1073741824  7683735289856    4924  9670149275648 100.00
    1    6116       Data/single  7684809031680 1073741824  7685882773504    4925  9672296759296  99.46
    1    6117       Data/single  7685882773504 1073741824  7686956515328    4926  9673370501120  99.36
    1    6118       Data/single  7686956515328 1073741824  7688030257152    4927  9674444242944 100.00
    1    6119       Data/single  7688030257152 1073741824  7689103998976    4928  9675517984768 100.00
    1    6120       Data/single  7689103998976 1073741824  7690177740800    4929  9676591726592  99.50
    1    6122       Data/single  7691251482624 1073741824  7692325224448    4930  9677665468416  99.80
    1    6123       Data/single  7692325224448 1073741824  7693398966272    4931  9678739210240 100.00
    1    6124       Data/single  7693398966272 1073741824  7694472708096    4932  9679812952064 100.00
    1    6125       Data/single  7694472708096 1073741824  7695546449920    4933  9680886693888 100.00
    1    6126       Data/single  7695546449920 1073741824  7696620191744    4934  9681960435712 100.00
    1    6127       Data/single  7696620191744 1073741824  7697693933568    4935  9683034177536  99.61
    1    6128       Data/single  7698767675392 1073741824  7699841417216    4936  9685181661184 100.00
    1    6129       Data/single  7699841417216 1073741824  7700915159040    4937  9686255403008  99.69
    1    6130       Data/single  7701988900864 1073741824  7703062642688    4938  9688402886656 100.00
    1    6131       Data/single  7703062642688 1073741824  7704136384512    4939  9689476628480 100.00
    1    6132       Data/single  7704136384512 1073741824  7705210126336    4940  9690550370304 100.00
    1    6134       Data/single  7706283868160 1073741824  7707357609984    4941  9691624112128 100.00
    1    6135       Data/single  7707357609984 1073741824  7708431351808    4942  9692697853952 100.00
    1    6136       Data/single  7708431351808 1073741824  7709505093632    4943  9693771595776 100.00
    1    6137       Data/single  7709505093632 1073741824  7710578835456    4944  9694845337600  99.10
    1    6138       Data/single  7711652577280 1073741824  7712726319104    4945  9696992821248  99.23
    1    6139       Data/single  7713800060928 1073741824  7714873802752    4946  9699140304896 100.00
    1    6140       Data/single  7714873802752 1073741824  7715947544576    4947  9700214046720  99.73
    1    6141       Data/single  7717021286400 1073741824  7718095028224    4948  9702361530368 100.00
    1    6142       Data/single  7718095028224 1073741824  7719168770048    4949  9703435272192  99.61
    1    6143       Data/single  7719168770048 1073741824  7720242511872    4950  9704509014016 100.00
    1    6144       Data/single  7720242511872 1073741824  7721316253696    4951  9705582755840 100.00
    1    6145       Data/single  7721316253696 1073741824  7722389995520    4952  9706656497664 100.00
    1    6146       Data/single  7722389995520 1073741824  7723463737344    4953  9707730239488  99.80
    1    6147       Data/single  7724537479168 1073741824  7725611220992    4954  9709877723136 100.00
    1    6148       Data/single  7725611220992 1073741824  7726684962816    4955  9710951464960  99.80
    1    6149       Data/single  7726684962816 1073741824  7727758704640    4956  9712025206784 100.00
    1    6151       Data/single  7728832446464 1073741824  7729906188288    4957  9713098948608  99.08
    1    6152       Data/single  7729906188288 1073741824  7730979930112    4958  9714172690432  99.64
    1    6153       Data/single  7730979930112 1073741824  7732053671936    4959  9715246432256 100.00
    1    6154       Data/single  7732053671936 1073741824  7733127413760    4960  9716320174080 100.00
    1    6155       Data/single  7733127413760 1073741824  7734201155584    4961  9717393915904 100.00
    1    6156       Data/single  7734201155584 1073741824  7735274897408    4962  9718467657728 100.00
    1    6157       Data/single  7735274897408 1073741824  7736348639232    4963  9719541399552  99.47
    1    6158       Data/single  7737422381056 1073741824  7738496122880    4964  9721688883200 100.00
    1    6159       Data/single  7738496122880 1073741824  7739569864704    4965  9722762625024 100.00
    1    6160       Data/single  7739569864704 1073741824  7740643606528    4966  9723836366848  99.98
    1    6161       Data/single  7740643606528 1073741824  7741717348352    4967  9724910108672 100.00
    1    6162       Data/single  7741717348352 1073741824  7742791090176    4968  9725983850496  99.05
    1    6163       Data/single  7743864832000 1073741824  7744938573824    4969  9728131334144 100.00
    1    6164       Data/single  7744938573824 1073741824  7746012315648    4970  9729205075968  99.65
    1    6165       Data/single  7746012315648 1073741824  7747086057472    4971  9730278817792 100.00
    1    6166       Data/single  7747086057472 1073741824  7748159799296    4972  9731352559616 100.00
    1    6167       Data/single  7748159799296 1073741824  7749233541120    4973  9732426301440 100.00
    1    6168       Data/single  7749233541120 1073741824  7750307282944    4974  9733500043264  99.73
    1    6169       Data/single  7751381024768 1073741824  7752454766592    4975  9735647526912 100.00
    1    6171       Data/single  7753528508416 1073741824  7754602250240    4976  9736721268736  99.65
    1    6172       Data/single  7755675992064 1073741824  7756749733888    4977  9738868752384 100.00
    1    6173       Data/single  7756749733888 1073741824  7757823475712    4978  9739942494208  99.64
    1    6174       Data/single  7758897217536 1073741824  7759970959360    4979  9742089977856  99.17
    1    6175       Data/single  7759970959360 1073741824  7761044701184    4980  9743163719680 100.00
    1    6176       Data/single  7761044701184 1073741824  7762118443008    4981  9744237461504 100.00
    1    6177       Data/single  7762118443008 1073741824  7763192184832    4982  9745311203328  99.78
    1    6178       Data/single  7764265926656 1073741824  7765339668480    4983  9747458686976 100.00
    1    6179       Data/single  7765339668480 1073741824  7766413410304    4984  9748532428800  99.37
    1    6180       Data/single  7767487152128 1073741824  7768560893952    4985  9750679912448 100.00
    1    6181       Data/single  7768560893952 1073741824  7769634635776    4986  9751753654272 100.00
    1    6182       Data/single  7769634635776 1073741824  7770708377600    4987  9752827396096 100.00
    1    6183       Data/single  7770708377600 1073741824  7771782119424    4988  9753901137920  99.75
    1    6184       Data/single  7771782119424 1073741824  7772855861248    4989  9754974879744 100.00
    1    6185       Data/single  7772855861248 1073741824  7773929603072    4990  9756048621568 100.00
    1    6186       Data/single  7773929603072 1073741824  7775003344896    4991  9757122363392 100.00
    1    6187       Data/single  7775003344896 1073741824  7776077086720    4992  9758196105216  99.35
    1    6188       Data/single  7777150828544 1073741824  7778224570368    4993  9760343588864 100.00
    1    6189       Data/single  7778224570368 1073741824  7779298312192    4994  9761417330688  99.20
    1    6190       Data/single  7780372054016 1073741824  7781445795840    4995  9763564814336 100.00
    1    6192       Data/single  7782519537664 1073741824  7783593279488    4996  9764638556160  99.62
    1    6193       Data/single  7784667021312 1073741824  7785740763136    4997  9766786039808 100.00
    1    6194       Data/single  7786814504960 1073741824  7787888246784    4998  9768933523456 100.00
    1    6195       Data/single  7787888246784 1073741824  7788961988608    4999  9770007265280 100.00
    1    6196       Data/single  7788961988608 1073741824  7790035730432    5000  9771081007104 100.00
    1    6197       Data/single  7790035730432 1073741824  7791109472256    5001  9772154748928  99.15
    1    6198       Data/single  7791109472256 1073741824  7792183214080    5002  9773228490752 100.00
    1    6199       Data/single  7792183214080 1073741824  7793256955904    5003  9774302232576  99.74
    1    6200       Data/single  7794330697728 1073741824  7795404439552    5004  9776449716224 100.00
    1    6201       Data/single  7795404439552 1073741824  7796478181376    5005  9777523458048 100.00
    1    6202       Data/single  7796478181376 1073741824  7797551923200    5006  9778597199872  99.98
    1    6207       Data/single  7806141857792 1073741824  7807215599616    5007  9787187134464 100.00
    1    6208       Data/single  7807215599616 1073741824  7808289341440    5008  9788260876288  77.78
    1    6209       Data/single  7808289341440 1073741824  7809363083264    5009  9789334618112  99.76
    1    6210       Data/single  7809363083264 1073741824  7810436825088    5010  9790408359936  99.41
    1    6211       Data/single  7810436825088 1073741824  7811510566912    5011  9791482101760  96.90
    1    6203   Metadata/DUP     7797551923200 1073741824  7798625665024    5012  9792555843584  38.93
    1    6204   Metadata/DUP     7798625665024 1073741824  7799699406848    5013  9792555843584  38.93
    1    6206       Data/single  7803994374144 1073741824  7805068115968    5014  9796850810880  99.48
    1    6212       Data/single  7811510566912 1073741824  7812584308736    5015  9798998294528  98.48
    1    6213       Data/single  7812584308736 1073741824  7813658050560    5016  9800072036352 100.00
    1    6214       Data/single  7823321726976 1073741824  7824395468800    5017  9810809454592 100.00
    1    6215       Data/single  7830837919744 1073741824  7831911661568    5018  9818325647360  99.60
    1    6216       Data/single  7831911661568 1073741824  7832985403392    5019  9819399389184  98.42
    1    6217       Data/single  7832985403392 1073741824  7834059145216    5020  9820473131008  89.99
    1    6218       Data/single  7834059145216 1073741824  7835132887040    5021  9821546872832  92.59
    1    6220       Data/single  7836206628864 1073741824  7837280370688    5022  9822620614656  79.47
    1    6221       Data/single  7837280370688 1073741824  7838354112512    5023  9823694356480  97.12
    1    6222       Data/single  7838354112512 1073741824  7839427854336    5024  9824768098304  59.99
    1    6223       Data/single  7840501596160 1073741824  7841575337984    5025  9826915581952 100.00
    1    6224       Data/single  7842649079808 1073741824  7843722821632    5026  9829063065600 100.00
    1    6225       Data/single  7844796563456 1073741824  7845870305280    5027  9831210549248 100.00
    1    6226       Data/single  7845870305280 1073741824  7846944047104    5028  9832284291072  99.95
    1    6227       Data/single  7846944047104 1073741824  7848017788928    5029  9833358032896 100.00
    1    6228       Data/single  7848017788928 1073741824  7849091530752    5030  9834431774720  99.51
    1    6229       Data/single  7849091530752 1073741824  7850165272576    5031  9835505516544 100.00
    1    6231       Data/single  7851239014400 1073741824  7852312756224    5032  9836579258368  99.27
    1    6232       Data/single  7852312756224 1073741824  7853386498048    5033  9837653000192 100.00
    1    6233       Data/single  7853386498048 1073741824  7854460239872    5034  9838726742016  98.01
    1    6234       Data/single  7854460239872 1073741824  7855533981696    5035  9839800483840 100.00
    1    6235       Data/single  7855533981696 1073741824  7856607723520    5036  9840874225664  98.70
    1    6236       Data/single  7857681465344 1073741824  7858755207168    5037  9843021709312  99.66
    1    6237       Data/single  7859828948992 1073741824  7860902690816    5038  9845169192960  99.71
    1    6238       Data/single  7860902690816 1073741824  7861976432640    5039  9846242934784  70.68
    1    6239       Data/single  7861976432640 1073741824  7863050174464    5040  9847316676608  99.80
    1    6240       Data/single  7864123916288 1073741824  7865197658112    5041  9849464160256  98.47
    1    6241       Data/single  7866271399936 1073741824  7867345141760    5042  9851611643904  97.78
    1    6242       Data/single  7868418883584 1073741824  7869492625408    5043  9853759127552  99.79
    1    6244       Data/single  7871640109056 1073741824  7872713850880    5044  9855906611200  98.30
    1    6245       Data/single  7873787592704 1073741824  7874861334528    5045  9858054094848  99.54
    1    6246       Data/single  7874861334528 1073741824  7875935076352    5046  9859127836672  73.54
    1    6247       Data/single  7875935076352 1073741824  7877008818176    5047  9860201578496  99.34
    1    6248       Data/single  7877008818176 1073741824  7878082560000    5048  9861275320320 100.00
    1    6254       Data/single  8215237492736 1073741824  8216311234560    5049 10193061543936  98.02
    1    6255       Data/single  8223827427328 1073741824  8224901169152    5050 10201651478528  99.44
    1    6256       Data/single  8237786071040 1073741824  8238859812864    5051 10215610122240  92.71
    1    6259   Metadata/DUP     9757130752000 1073741824  9758204493824    5052 11736028545024  38.99
    1    6260   Metadata/DUP     9758204493824 1073741824  9759278235648    5053 11736028545024  38.99
    1    6264       Data/single 10262863151104 1073741824 10263936892928    5054 12241760944128  95.80
    1    6265       Data/single 10265010634752 1073741824 10266084376576    5055 12243908427776  99.78
    1    6266       Data/single 10267158118400 1073741824 10268231860224    5056 12246055911424  99.44
    1    6267       Data/single 10269305602048 1073741824 10270379343872    5057 12248203395072  98.91
    1    6268       Data/single 10271453085696 1073741824 10272526827520    5058 12250350878720  99.45
    1    6269       Data/single 10273600569344 1073741824 10274674311168    5059 12252498362368  99.61
    1    6270       Data/single 10275748052992 1073741824 10276821794816    5060 12254645846016  99.43
    1    6271       Data/single 10277895536640 1073741824 10278969278464    5061 12256793329664  99.64
    1    6272       Data/single 10280043020288 1073741824 10281116762112    5062 12258940813312  99.72
    1    6273       Data/single 10282190503936 1073741824 10283264245760    5063 12261088296960  99.37
    1    6274       Data/single 10284337987584 1073741824 10285411729408    5064 12263235780608  99.55
    1    6275       Data/single 10286485471232 1073741824 10287559213056    5065 12265383264256  99.58
    1    6276       Data/single 10288632954880 1073741824 10289706696704    5066 12267530747904  99.71
    1    6277       Data/single 10290780438528 1073741824 10291854180352    5067 12269678231552  99.53
    1    6278       Data/single 10292927922176 1073741824 10294001664000    5068 12271825715200  99.62
    1    6279       Data/single 10301517856768 1073741824 10302591598592    5069 12280415649792  99.66
    1    6280       Data/single 10303665340416 1073741824 10304739082240    5070 12282563133440  99.36
    1    6281       Data/single 10305812824064 1073741824 10306886565888    5071 12284710617088  99.69
    1    6282       Data/single 10363794882560 1073741824 10364868624384    5072 12342692675584  99.91
    1    6283       Data/single 10367016108032 1073741824 10368089849856    5073 12345913901056  99.23
    1    6284       Data/single 10370237333504 1073741824 10371311075328    5074 12349135126528  99.79
    1    6285       Data/single 10372384817152 1073741824 10373458558976    5075 12351282610176  99.29
    1    6286       Data/single 10375606042624 1073741824 10376679784448    5076 12354503835648  99.02
    1    6287       Data/single 10378827268096 1073741824 10379901009920    5077 12357725061120  99.22
    1    6288       Data/single 10382048493568 1073741824 10383122235392    5078 12360946286592  99.53
    1    6289       Data/single 10385269719040 1073741824 10386343460864    5079 12364167512064  99.68
    1    6290       Data/single 10396007137280 1073741824 10397080879104    5080 12374904930304  99.59
    1    6291       Data/single 10400302104576 1073741824 10401375846400    5081 12379199897600  99.24
    1    6292       Data/single 10428219392000 1073741824 10429293133824    5082 12407117185024  99.80
    1    6293       Data/single 10561363378176 1073741824 10562437120000    5083 12540261171200  99.34
    1    5992       Data/single  7478650601472 1073741824  7479724343296    5084 12542408654848  99.57
    1    6262       Data/single 10088916975616 1073741824 10089990717440    5085 12544556138496  99.09
    1    6294       Data/single 10563510861824 1073741824 10564584603648    5086 12548851105792  99.74
    1    6295       Data/single 10565658345472 1073741824 10566732087296    5087 12550998589440  99.76
    1    6296       Data/single 10569953312768 1073741824 10571027054592    5088 12555293556736  99.53
    1    6297       Data/single 10572100796416 1073741824 10573174538240    5089 12557441040384  99.72
    1    6298       Data/single 10576395763712 1073741824 10577469505536    5090 12561736007680  99.71
    1    6299       Data/single 10578543247360 1073741824 10579616989184    5091 12563883491328  99.64
    1    6300       Data/single 10580690731008 1073741824 10581764472832    5092 12566030974976  99.76
    1    6301       Data/single 10582838214656 1073741824 10583911956480    5093 12568178458624  98.88
    1    6302       Data/single 10584985698304 1073741824 10586059440128    5094 12570325942272  99.90
    1    6303       Data/single 10586059440128 1073741824 10587133181952    5095 12571399684096  99.65
    1    6304       Data/single 10588206923776 1073741824 10589280665600    5096 12573547167744  99.57
    1    6305       Data/single 10590354407424 1073741824 10591428149248    5097 12575694651392  99.76
    1    6306       Data/single 10592501891072 1073741824 10593575632896    5098 12577842135040  99.73
    1    6307       Data/single 10594649374720 1073741824 10595723116544    5099 12579989618688  99.79
    1    6308       Data/single 10598944342016 1073741824 10600018083840    5100 12584284585984  99.79
    1    6309       Data/single 10602165567488 1073741824 10603239309312    5101 12587505811456  99.23
    1    6310       Data/single 10606460534784 1073741824 10607534276608    5102 12591800778752  99.30
    1    6311       Data/single 10608608018432 1073741824 10609681760256    5103 12593948262400  99.61
    1    6312       Data/single 10610755502080 1073741824 10611829243904    5104 12596095746048  99.66
    1    6313       Data/single 10615050469376 1073741824 10616124211200    5105 12600390713344  99.35
    1    6334       Data/single 10669811302400 1073741824 10670885044224    5106 12655151546368  99.74
    1    6335       Data/single 10671958786048 1073741824 10673032527872    5107 12657299030016  98.91
    1    6336       Data/single 10674106269696 1073741824 10675180011520    5108 12659446513664  99.69
    1    6337       Data/single 10676253753344 1073741824 10677327495168    5109 12661593997312  99.64
    1    6338       Data/single 10678401236992 1073741824 10679474978816    5110 12663741480960  99.66
    1    6339       Data/single 10680548720640 1073741824 10681622462464    5111 12665888964608  99.65
    1    6340       Data/single 10682696204288 1073741824 10683769946112    5112 12668036448256  99.20
    1    6341       Data/single 10684843687936 1073741824 10685917429760    5113 12670183931904  99.70
    1    6342       Data/single 10686991171584 1073741824 10688064913408    5114 12672331415552 100.00
    1    6343       Data/single 10689138655232 1073741824 10690212397056    5115 12674478899200  99.65
    1    6344       Data/single 10691286138880 1073741824 10692359880704    5116 12676626382848  99.11
    1    6345       Data/single 10693433622528 1073741824 10694507364352    5117 12678773866496  99.48
    1    6346       Data/single 10695581106176 1073741824 10696654848000    5118 12680921350144  99.47
    1    6347       Data/single 10697728589824 1073741824 10698802331648    5119 12683068833792  99.92
    1    6348       Data/single 10699876073472 1073741824 10700949815296    5120 12685216317440 100.00
    1    6349       Data/single 10702023557120 1073741824 10703097298944    5121 12687363801088  99.64
    1    6350       Data/single 10704171040768 1073741824 10705244782592    5122 12689511284736  99.79
    1    6351       Data/single 10706318524416 1073741824 10707392266240    5123 12691658768384  99.73
    1    6352       Data/single 10708466008064 1073741824 10709539749888    5124 12693806252032  99.70
    1    6353       Data/single 10710613491712 1073741824 10711687233536    5125 12695953735680  99.75
    1    6354       Data/single 10712760975360 1073741824 10713834717184    5126 12698101219328  99.35
    1    6355       Data/single 10714908459008 1073741824 10715982200832    5127 12700248702976  99.51
    1    6356       Data/single 10717055942656 1073741824 10718129684480    5128 12702396186624  99.69
    1    6357       Data/single 10719203426304 1073741824 10720277168128    5129 12704543670272 100.00
    1    6358       Data/single 10721350909952 1073741824 10722424651776    5130 12706691153920 100.00
    1    6359       Data/single 10723498393600 1073741824 10724572135424    5131 12708838637568 100.00
    1    6360       Data/single 10725645877248 1073741824 10726719619072    5132 12710986121216 100.00
    1    6361       Data/single 10727793360896 1073741824 10728867102720    5133 12713133604864 100.00
    1    6362       Data/single 10729940844544 1073741824 10731014586368    5134 12715281088512 100.00
    1    6363       Data/single 10732088328192 1073741824 10733162070016    5135 12717428572160 100.00
    1    6364       Data/single 10734235811840 1073741824 10735309553664    5136 12719576055808 100.00
    1    6365       Data/single 10736383295488 1073741824 10737457037312    5137 12721723539456  99.65
    1    6366       Data/single 10737457037312 1073741824 10738530779136    5138 12722797281280 100.00
    1    6367       Data/single 10739604520960 1073741824 10740678262784    5139 12724944764928  99.80
    1    6368       Data/single 10740678262784 1073741824 10741752004608    5140 12726018506752  93.58
    1    6369       Data/single 10742825746432 1073741824 10743899488256    5141 12728165990400  99.45
    1    6370       Data/single 10743899488256 1073741824 10744973230080    5142 12729239732224  80.43
    1    6371       Data/single 10746046971904 1073741824 10747120713728    5143 12731387215872  99.31
    1    6372       Data/single 10751415681024 1073741824 10752489422848    5144 12736755924992  99.26
    1    6373       Data/single 10761079357440 1073741824 10762153099264    5145 12746419601408  99.12
    1    6374       Data/single 10765374324736 1073741824 10766448066560    5146 12750714568704  99.59
    1    6375       Data/single 10767521808384 1073741824 10768595550208    5147 12752862052352  99.51
    1    6376       Data/single 10769669292032 1073741824 10770743033856    5148 12755009536000  99.68
    1    6377       Data/single 10775038001152 1073741824 10776111742976    5149 12760378245120  99.34
    1    6378       Data/single 10777185484800 1073741824 10778259226624    5150 12762525728768  99.66
    1    6379       Data/single 10782554193920 1073741824 10783627935744    5151 12767894437888  99.63
    1    6380       Data/single 10784701677568 1073741824 10785775419392    5152 12770041921536  99.31
    1    6381       Data/single 10793291612160 1073741824 10794365353984    5153 12778631856128  99.43
    1    6382       Data/single 10795439095808 1073741824 10796512837632    5154 12780779339776  99.43
    1    6383       Data/single 10797586579456 1073741824 10798660321280    5155 12782926823424  99.26
    1    6384       Data/single 10800807804928 1073741824 10801881546752    5156 12786148048896  99.21
    1    6385       Data/single 10804029030400 1073741824 10805102772224    5157 12789369274368  99.55
    1    6386       Data/single 10808323997696 1073741824 10809397739520    5158 12793664241664  99.36
    1    6387       Data/single 10810471481344 1073741824 10811545223168    5159 12795811725312  99.80
    1    6388       Data/single 10812618964992 1073741824 10813692706816    5160 12797959208960  99.74
    1    6389       Data/single 10814766448640 1073741824 10815840190464    5161 12800106692608  99.28
    1    6390       Data/single 10815840190464 1073741824 10816913932288    5162 12801180434432  99.80
    1    6391       Data/single 10816913932288 1073741824 10817987674112    5163 12802254176256 100.00
    1    6392       Data/single 10817987674112 1073741824 10819061415936    5164 12803327918080  99.80
    1    6393       Data/single 10819061415936 1073741824 10820135157760    5165 12804401659904 100.00
    1    6394       Data/single 10820135157760 1073741824 10821208899584    5166 12805475401728  99.78
    1    6395       Data/single 10822282641408 1073741824 10823356383232    5167 12807622885376  99.85
    1    6396       Data/single 10823356383232 1073741824 10824430125056    5168 12808696627200  99.67
    1    6397       Data/single 10824430125056 1073741824 10825503866880    5169 12809770369024 100.00
    1    6398       Data/single 10825503866880 1073741824 10826577608704    5170 12810844110848  99.52
    1    6399       Data/single 10826577608704 1073741824 10827651350528    5171 12811917852672 100.00
    1    6400       Data/single 10827651350528 1073741824 10828725092352    5172 12812991594496  99.58
    1    6401       Data/single 10828725092352 1073741824 10829798834176    5173 12814065336320 100.00
    1    6402       Data/single 10829798834176 1073741824 10830872576000    5174 12815139078144  99.75
    1    6403       Data/single 10830872576000 1073741824 10831946317824    5175 12816212819968 100.00
    1    6404       Data/single 10831946317824 1073741824 10833020059648    5176 12817286561792  99.26
    1    6405       Data/single 10833020059648 1073741824 10834093801472    5177 12818360303616 100.00
    1    6406       Data/single 10834093801472 1073741824 10835167543296    5178 12819434045440  99.42
    1    6407       Data/single 10835167543296 1073741824 10836241285120    5179 12820507787264 100.00
    1    6408       Data/single 10836241285120 1073741824 10837315026944    5180 12821581529088  99.59
    1    6409       Data/single 10837315026944 1073741824 10838388768768    5181 12822655270912 100.00
    1    6410       Data/single 10839462510592 1073741824 10840536252416    5182 12824802754560 100.00
    1    6411       Data/single 10841609994240 1073741824 10842683736064    5183 12826950238208 100.00
    1    6412       Data/single 10843757477888 1073741824 10844831219712    5184 12829097721856 100.00
    1    6413       Data/single 10845904961536 1073741824 10846978703360    5185 12831245205504 100.00
    1    6414       Data/single 10848052445184 1073741824 10849126187008    5186 12833392689152 100.00
    1    6415       Data/single 10850199928832 1073741824 10851273670656    5187 12835540172800 100.00
    1    6416       Data/single 10852347412480 1073741824 10853421154304    5188 12837687656448 100.00
    1    6417       Data/single 10853421154304 1073741824 10854494896128    5189 12838761398272  99.65
    1    6418       Data/single 10854494896128 1073741824 10855568637952    5190 12839835140096 100.00
    1    6419       Data/single 10856642379776 1073741824 10857716121600    5191 12841982623744 100.00
    1    6420       Data/single 10858789863424 1073741824 10859863605248    5192 12844130107392  79.52
    1    6421       Data/single 10860937347072 1073741824 10862011088896    5193 12846277591040  80.82
    1    6422       Data/single 10863084830720 1073741824 10864158572544    5194 12848425074688 100.00
    1    6423       Data/single 10865232314368 1073741824 10866306056192    5195 12850572558336 100.00
    1    6424       Data/single 10867379798016 1073741824 10868453539840    5196 12852720041984  99.73
    1    6425       Data/single 10868453539840 1073741824 10869527281664    5197 12853793783808 100.00
    1    6426       Data/single 10870601023488 1073741824 10871674765312    5198 12855941267456 100.00
    1    6427       Data/single 10872748507136 1073741824 10873822248960    5199 12858088751104 100.00
    1    6428       Data/single 10874895990784 1073741824 10875969732608    5200 12860236234752 100.00
    1    6429       Data/single 10877043474432 1073741824 10878117216256    5201 12862383718400 100.00
    1    6430       Data/single 10878117216256 1073741824 10879190958080    5202 12863457460224  99.77
    1    6431       Data/single 10879190958080 1073741824 10880264699904    5203 12864531202048 100.00
    1    6432       Data/single 10880264699904 1073741824 10881338441728    5204 12865604943872  99.72
    1    6433       Data/single 10881338441728 1073741824 10882412183552    5205 12866678685696 100.00
    1    6434       Data/single 10882412183552 1073741824 10883485925376    5206 12867752427520  99.73
    1    6435       Data/single 10883485925376 1073741824 10884559667200    5207 12868826169344 100.00
    1    6436       Data/single 10884559667200 1073741824 10885633409024    5208 12869899911168  99.22
    1    6437       Data/single 10885633409024 1073741824 10886707150848    5209 12870973652992 100.00
    1    6438       Data/single 10886707150848 1073741824 10887780892672    5210 12872047394816  99.69
    1    6439       Data/single 10887780892672 1073741824 10888854634496    5211 12873121136640 100.00
    1    6440       Data/single 10888854634496 1073741824 10889928376320    5212 12874194878464  99.58
    1    6441       Data/single 10892075859968 1073741824 10893149601792    5213 12877416103936  99.72
    1    6442       Data/single 10894223343616 1073741824 10895297085440    5214 12879563587584  99.73
    1    6443       Data/single 10896370827264 1073741824 10897444569088    5215 12881711071232  99.10
    1    6444       Data/single 10898518310912 1073741824 10899592052736    5216 12883858554880  99.13
    1    6445       Data/single 10900665794560 1073741824 10901739536384    5217 12886006038528  99.05
    1    6446       Data/single 10902813278208 1073741824 10903887020032    5218 12888153522176  99.04
    1    6447       Data/single 10906034503680 1073741824 10907108245504    5219 12891374747648  99.76
    1    6448       Data/single 10909255729152 1073741824 10910329470976    5220 12894595973120  99.78
    1    6314       Data/single 10620419178496 1073741824 10621492920320    5221 12898890940416  99.11
    1    6316       Data/single 10623640403968 1073741824 10624714145792    5222 12902112165888  99.57
    1    6317       Data/single 10625787887616 1073741824 10626861629440    5223 12904259649536  99.43
    1    6318       Data/single 10627935371264 1073741824 10629009113088    5224 12906407133184  99.53
    1    6319       Data/single 10630082854912 1073741824 10631156596736    5225 12908554616832  99.38
    1    6320       Data/single 10632230338560 1073741824 10633304080384    5226 12910702100480  99.76
    1    6321       Data/single 10634377822208 1073741824 10635451564032    5227 12912849584128  99.57
    1    6322       Data/single 10637599047680 1073741824 10638672789504    5228 12916070809600  99.57
    1    6323       Data/single 10639746531328 1073741824 10640820273152    5229 12918218293248  99.77
    1    6324       Data/single 10641894014976 1073741824 10642967756800    5230 12920365776896  99.42
    1    6325       Data/single 10644041498624 1073741824 10645115240448    5231 12922513260544  99.66
    1    6326       Data/single 10646188982272 1073741824 10647262724096    5232 12924660744192  99.50
    1    6327       Data/single 10648336465920 1073741824 10649410207744    5233 12926808227840  99.81
    1    6328       Data/single 10653705175040 1073741824 10654778916864    5234 12932176936960  99.53
    1    6329       Data/single 10656926400512 1073741824 10658000142336    5235 12935398162432  99.07
    1    6330       Data/single 10659073884160 1073741824 10660147625984    5236 12937545646080  99.80
    1    6331       Data/single 10662295109632 1073741824 10663368851456    5237 12940766871552  99.79
    1    6332       Data/single 10665516335104 1073741824 10666590076928    5238 12943988097024  99.48
    1    6333       Data/single 10667663818752 1073741824 10668737560576    5239 12946135580672  99.39
    1    6449       Data/single 10912476954624 1073741824 10913550696448    5240 12948283064320  99.67
    1    6450       Data/single 10914624438272 1073741824 10915698180096    5241 12950430547968  99.69
    1    6451       Data/single 10916771921920 1073741824 10917845663744    5242 12952578031616  99.78
    1    6452       Data/single 10918919405568 1073741824 10919993147392    5243 12954725515264  99.75
    1    6453       Data/single 10921066889216 1073741824 10922140631040    5244 12956872998912  99.07
    1    6454       Data/single 10924288114688 1073741824 10925361856512    5245 12960094224384  99.73
    1    6455       Data/single 10926435598336 1073741824 10927509340160    5246 12962241708032  99.00
    1    6456       Data/single 10929656823808 1073741824 10930730565632    5247 12965462933504  99.14
    1    6457       Data/single 10931804307456 1073741824 10932878049280    5248 12967610417152  99.68
    1    6458       Data/single 10933951791104 1073741824 10935025532928    5249 12969757900800  99.47
    1    6459       Data/single 10936099274752 1073741824 10937173016576    5250 12971905384448  99.43
    1    6460       Data/single 10938246758400 1073741824 10939320500224    5251 12974052868096  99.53
    1    6461       Data/single 10940394242048 1073741824 10941467983872    5252 12976200351744  99.44
    1    6462       Data/single 10943615467520 1073741824 10944689209344    5253 12979421577216  99.82
    1    6463       Data/single 10945762951168 1073741824 10946836692992    5254 12981569060864  99.76
    1    6464       Data/single 10947910434816 1073741824 10948984176640    5255 12983716544512  99.77
    1    6465       Data/single 10950057918464 1073741824 10951131660288    5256 12985864028160  99.68
    1    6466       Data/single 10952205402112 1073741824 10953279143936    5257 12988011511808  99.70
    1    6467       Data/single 10954352885760 1073741824 10955426627584    5258 12990158995456  99.26
    1    6468       Data/single 10956500369408 1073741824 10957574111232    5259 12992306479104  99.78
    1    6469       Data/single 10958647853056 1073741824 10959721594880    5260 12994453962752  99.30
    1    6470       Data/single 10960795336704 1073741824 10961869078528    5261 12996601446400  99.80
    1    6471       Data/single 10962942820352 1073741824 10964016562176    5262 12998748930048  99.69
    1    6472       Data/single 10965090304000 1073741824 10966164045824    5263 13000896413696  99.79
    1    6473       Data/single 10967237787648 1073741824 10968311529472    5264 13003043897344  99.59
    1    6474       Data/single 10969385271296 1073741824 10970459013120    5265 13005191380992  99.26
    1    6475       Data/single 10971532754944 1073741824 10972606496768    5266 13007338864640  99.69
    1    6476       Data/single 10975827722240 1073741824 10976901464064    5267 13011633831936  99.07
    1     103       Data/single   106339237888 1073741824   107412979712    5268 13058878472192  99.44
    1     204       Data/single   214787162112 1073741824   215860903936    5269 13167326396416  99.76
    1     223       Data/single   235188256768 1073741824   236261998592    5270 13187727491072  99.79
    1     262       Data/single   277064187904 1073741824   278137929728    5271 13229603422208  99.68
    1     270       Data/single   285654122496 1073741824   286727864320    5272 13238193356800  99.96
    1     283       Data/single   299612766208 1073741824   300686508032    5273 13252152000512  99.77
    1     285       Data/single   301760249856 1073741824   302833991680    5274 13254299484160  99.66
    1     288       Data/single   304981475328 1073741824   306055217152    5275 13257520709632  99.80
    1     291       Data/single   308202700800 1073741824   309276442624    5276 13260741935104  99.04
    1     296       Data/single   313571409920 1073741824   314645151744    5277 13266110644224  99.80
    1     298       Data/single   315718893568 1073741824   316792635392    5278 13268258127872  99.79
    1     312       Data/single   330751279104 1073741824   331825020928    5279 13283290513408  99.80
    1     582       Data/single   620661571584 1073741824   621735313408    5280 13407844564992  99.12
    1     596       Data/single   635693957120 1073741824   636767698944    5281 13414287015936  99.89
    1     600       Data/single   639988924416 1073741824   641062666240    5282 13416434499584  99.88
    1     642       Data/single   685086081024 1073741824   686159822848    5283 13434688110592  99.73
    1     649       Data/single   692602273792 1073741824   693676015616    5284 13437909336064  99.51
    1     653       Data/single   696897241088 1073741824   697970982912    5285 13440056819712  99.33
    1     659       Data/single   703339692032 1073741824   704413433856    5286 13443278045184  99.92
    1     686       Data/single   732330721280 1073741824   733404463104    5287 13452941721600  99.76
    1     692       Data/single   738773172224 1073741824   739846914048    5288 13455089205248  99.49
    1    5116       Data/single  5489007001600 1073741824  5490080743424    5289 13551725969408  99.63
    1    6477       Data/single 11164806283264 1073741824 11165880025088    5290 13756810657792  99.59
    1    6478       Data/single 11174469959680 1073741824 11175543701504    5291 13766474334208 100.00
    1    6479       Data/single 11694161002496 1073741824 11695234744320    5292 14286165377024  99.89
    1    6480   Metadata/DUP    11695234744320 1073741824 11696308486144    5293 14287239118848  63.01
    1    6481   Metadata/DUP    11696308486144 1073741824 11697382227968    5294 14287239118848  63.01
    1    6482       Data/single 16628004683776 1073741824 16629078425600    5295 19218935316480 100.00
    1    6483       Data/single 16629078425600 1073741824 16630152167424    5296 19220009058304 100.00
    1    6484       Data/single 16630152167424 1073741824 16631225909248    5297 19221082800128 100.00
    1    6485       Data/single 16631225909248 1073741824 16632299651072    5298 19222156541952  99.78
    1    6486       Data/single 16632299651072 1073741824 16633373392896    5299 19223230283776  99.70
    1    6489       Data/single 16635520876544 1073741824 16636594618368    5300 19226451509248  99.23
    1    6487       Data/single 16633373392896 1073741824 16634447134720    5301 19228598992896  99.28
    1    6491       Data/single 16639815843840 1073741824 16640889585664    5302 19231820218368  84.26
    1    6492       Data/single 16645184552960 1073741824 16646258294784    5303 19237188927488  99.13
    1    6493       Data/single 16647332036608 1073741824 16648405778432    5304 19239336411136  99.23
    1    6494       Data/single 16648405778432 1073741824 16649479520256    5305 19240410152960  99.64
    1    6495       Data/single 16651627003904 1073741824 16652700745728    5306 19243631378432  99.75
    1    6496       Data/single 16656995713024 1073741824 16658069454848    5307 19249000087552 100.00
    1    6497       Data/single 16659143196672 1073741824 16660216938496    5308 19251147571200 100.00
    1    6498       Data/single 16660216938496 1073741824 16661290680320    5309 19252221313024 100.00
    1    6499       Data/single 16661290680320 1073741824 16662364422144    5310 19253295054848  99.76
    1    6500       Data/single 16662364422144 1073741824 16663438163968    5311 19254368796672 100.00
    1    6501       Data/single 16663438163968 1073741824 16664511905792    5312 19255442538496  99.73
    1    6502       Data/single 16668806873088 1073741824 16669880614912    5313 19260811247616  99.46
    1    6503       Data/single 16669880614912 1073741824 16670954356736    5314 19261884989440  99.80
    1    6504       Data/single 16675249324032 1073741824 16676323065856    5315 19267253698560  99.10
    1    6505       Data/single 16676323065856 1073741824 16677396807680    5316 19268327440384  99.74
    1    6506       Data/single 16678470549504 1073741824 16679544291328    5317 19270474924032  99.56
    1    6507       Data/single 16683839258624 1073741824 16684913000448    5318 19275843633152  99.13
    1    6508       Data/single 16688134225920 1073741824 16689207967744    5319 19280138600448 100.00
    1    6509       Data/single 16689207967744 1073741824 16690281709568    5320 19281212342272  99.10
    1    6510       Data/single 16690281709568 1073741824 16691355451392    5321 19282286084096 100.00
    1    6511       Data/single 16691355451392 1073741824 16692429193216    5322 19283359825920 100.00
    1    6512       Data/single 16692429193216 1073741824 16693502935040    5323 19284433567744  99.48
    1    6513       Data/single 16695650418688 1073741824 16696724160512    5324 19287654793216 100.00
    1    6514       Data/single 16696724160512 1073741824 16697797902336    5325 19288728535040 100.00
    1    6515       Data/single 16697797902336 1073741824 16698871644160    5326 19289802276864  99.69
    1    6516       Data/single 16699945385984 1073741824 16701019127808    5327 19291949760512 100.00
    1    6517       Data/single 16701019127808 1073741824 16702092869632    5328 19293023502336 100.00
    1    6518       Data/single 16702092869632 1073741824 16703166611456    5329 19294097244160  99.64
    1    6519       Data/single 16704240353280 1073741824 16705314095104    5330 19296244727808  99.77
    1    6520       Data/single 16707461578752 1073741824 16708535320576    5331 19299465953280 100.00
    1    6521       Data/single 16708535320576 1073741824 16709609062400    5332 19300539695104 100.00
    1    6522       Data/single 16709609062400 1073741824 16710682804224    5333 19301613436928  99.58
    1    6523       Data/single 16711756546048 1073741824 16712830287872    5334 19303760920576 100.00
    1    6524       Data/single 16712830287872 1073741824 16713904029696    5335 19304834662400  99.47
    1    6525       Data/single 16713904029696 1073741824 16714977771520    5336 19305908404224  99.59
    1    6526       Data/single 16717125255168 1073741824 16718198996992    5337 19309129629696 100.00
    1    6527       Data/single 16718198996992 1073741824 16719272738816    5338 19310203371520 100.00
    1    6528       Data/single 16719272738816 1073741824 16720346480640    5339 19311277113344  99.78
    1    6529       Data/single 16721420222464 1073741824 16722493964288    5340 19313424596992 100.00
    1    6530       Data/single 16722493964288 1073741824 16723567706112    5341 19314498338816 100.00
    1    6531       Data/single 16723567706112 1073741824 16724641447936    5342 19315572080640 100.00
    1    6532       Data/single 16724641447936 1073741824 16725715189760    5343 19316645822464 100.00
    1    6533       Data/single 16727862673408 1073741824 16728936415232    5344 19319867047936 100.00
    1    6534       Data/single 16728936415232 1073741824 16730010157056    5345 19320940789760 100.00
    1    6535       Data/single 16730010157056 1073741824 16731083898880    5346 19322014531584 100.00
    1    6536       Data/single 16731083898880 1073741824 16732157640704    5347 19323088273408 100.00
    1    6537       Data/single 16732157640704 1073741824 16733231382528    5348 19324162015232 100.00
    1    6538       Data/single 16733231382528 1073741824 16734305124352    5349 19325235757056  99.46
    1    6539       Data/single 16734305124352 1073741824 16735378866176    5350 19326309498880 100.00
    1    6540       Data/single 16735378866176 1073741824 16736452608000    5351 19327383240704 100.00
    1    6541       Data/single 16736452608000 1073741824 16737526349824    5352 19328456982528  99.32
    1    6542       Data/single 16741821317120 1073741824 16742895058944    5353 19333825691648 100.00
    1    6543       Data/single 16742895058944 1073741824 16743968800768    5354 19334899433472 100.00
    1    6544       Data/single 16745042542592 1073741824 16746116284416    5355 19337046917120 100.00
    1    6545       Data/single 16746116284416 1073741824 16747190026240    5356 19338120658944 100.00
    1    6546       Data/single 16747190026240 1073741824 16748263768064    5357 19339194400768  99.94
    1    6547       Data/single 16748263768064 1073741824 16749337509888    5358 19340268142592  99.75
    1    6548       Data/single 16751484993536 1073741824 16752558735360    5359 19343489368064 100.00
    1    6549       Data/single 16752558735360 1073741824 16753632477184    5360 19344563109888 100.00
    1    6550       Data/single 16753632477184 1073741824 16754706219008    5361 19345636851712 100.00
    1    6551       Data/single 16754706219008 1073741824 16755779960832    5362 19346710593536 100.00
    1    6552       Data/single 16755779960832 1073741824 16756853702656    5363 19347784335360  99.46
    1    6553       Data/single 16757927444480 1073741824 16759001186304    5364 19349931819008 100.00
    1    6554       Data/single 16767591120896 1073741824 16768664862720    5365 19359595495424 100.00
    1    6555       Data/single 16768664862720 1073741824 16769738604544    5366 19360669237248 100.00
    1    6556       Data/single 16769738604544 1073741824 16770812346368    5367 19361742979072  99.61
    1    6557       Data/single 16771886088192 1073741824 16772959830016    5368 19363890462720  99.07
    1    6558       Data/single 16792287182848 1073741824 16793360924672    5369 19384291557376 100.00
    1    6559       Data/single 16793360924672 1073741824 16794434666496    5370 19385365299200  99.17
    1    6560       Data/single 16794434666496 1073741824 16795508408320    5371 19386439041024  99.63
    1    6561       Data/single 16797655891968 1073741824 16798729633792    5372 19389660266496 100.00
    1    6562       Data/single 16798729633792 1073741824 16799803375616    5373 19390734008320 100.00
    1    6563       Data/single 16799803375616 1073741824 16800877117440    5374 19391807750144  99.39
    1    6564       Data/single 16801950859264 1073741824 16803024601088    5375 19393955233792 100.00
    1    6565       Data/single 16803024601088 1073741824 16804098342912    5376 19395028975616  99.74
    1    6566       Data/single 16805172084736 1073741824 16806245826560    5377 19397176459264  99.72
    1    6567       Data/single 16836310597632 1073741824 16837384339456    5378 19428314972160 100.00
    1    6568       Data/single 16837384339456 1073741824 16838458081280    5379 19429388713984  99.15
    1    6569       Data/single 16839531823104 1073741824 16840605564928    5380 19431536197632 100.00
    1    6570       Data/single 16840605564928 1073741824 16841679306752    5381 19432609939456 100.00
    1    6571       Data/single 16841679306752 1073741824 16842753048576    5382 19433683681280 100.00
    1    6572       Data/single 16842753048576 1073741824 16843826790400    5383 19434757423104  99.63
    1    6573       Data/single 16845974274048 1073741824 16847048015872    5384 19437978648576 100.00
    1    6574       Data/single 16847048015872 1073741824 16848121757696    5385 19439052390400 100.00
    1    6575       Data/single 16848121757696 1073741824 16849195499520    5386 19440126132224 100.00
    1    6576       Data/single 16849195499520 1073741824 16850269241344    5387 19441199874048 100.00
    1    6577       Data/single 16850269241344 1073741824 16851342983168    5388 19442273615872 100.00
    1    6578       Data/single 16851342983168 1073741824 16852416724992    5389 19443347357696 100.00
    1    6579       Data/single 16852416724992 1073741824 16853490466816    5390 19444421099520  99.76
    1    6580       Data/single 16855637950464 1073741824 16856711692288    5391 19447642324992 100.00
    1    6581       Data/single 16856711692288 1073741824 16857785434112    5392 19448716066816 100.00
    1    6582       Data/single 16857785434112 1073741824 16858859175936    5393 19449789808640 100.00
    1    6583       Data/single 16858859175936 1073741824 16859932917760    5394 19450863550464 100.00
    1    6584       Data/single 16859932917760 1073741824 16861006659584    5395 19451937292288  99.72
    1    6585       Data/single 16865301626880 1073741824 16866375368704    5396 19457306001408 100.00
    1    6586       Data/single 16867449110528 1073741824 16868522852352    5397 19459453485056 100.00
    1    6587       Data/single 16868522852352 1073741824 16869596594176    5398 19460527226880 100.00
    1    6588       Data/single 16869596594176 1073741824 16870670336000    5399 19461600968704 100.00
    1    6589       Data/single 16870670336000 1073741824 16871744077824    5400 19462674710528 100.00
    1    6590       Data/single 16871744077824 1073741824 16872817819648    5401 19463748452352 100.00
    1    6591       Data/single 16872817819648 1073741824 16873891561472    5402 19464822194176  99.07
    1    6592       Data/single 16927578652672 1073741824 16928652394496    5403 19519583027200  99.44
    1    6593       Data/single 16928652394496 1073741824 16929726136320    5404 19520656769024 100.00
    1    6594       Data/single 16929726136320 1073741824 16930799878144    5405 19521730510848 100.00
    1    6595       Data/single 16930799878144 1073741824 16931873619968    5406 19522804252672 100.00
    1    6596       Data/single 16931873619968 1073741824 16932947361792    5407 19523877994496 100.00
    1    6597       Data/single 16932947361792 1073741824 16934021103616    5408 19524951736320  99.76
    1    6598       Data/single 16935094845440 1073741824 16936168587264    5409 19527099219968 100.00
    1    6599       Data/single 16937242329088 1073741824 16938316070912    5410 19529246703616  99.33
    1    6600       Data/single 16939389812736 1073741824 16940463554560    5411 19531394187264 100.00
    1    6601       Data/single 16940463554560 1073741824 16941537296384    5412 19532467929088 100.00
    1    6602       Data/single 16941537296384 1073741824 16942611038208    5413 19533541670912  99.32
    1    6603       Data/single 16944758521856 1073741824 16945832263680    5414 19536762896384  99.28
    1    6604       Data/single 16947979747328 1073741824 16949053489152    5415 19539984121856  99.61
    1    6605       Data/single 16950127230976 1073741824 16951200972800    5416 19542131605504  99.78
    1    6606       Data/single 16951200972800 1073741824 16952274714624    5417 19543205347328 100.00
    1    6607       Data/single 16952274714624 1073741824 16953348456448    5418 19544279089152 100.00
    1    6608       Data/single 16953348456448 1073741824 16954422198272    5419 19545352830976 100.00
    1    6609       Data/single 16954422198272 1073741824 16955495940096    5420 19546426572800 100.00
    1    6610       Data/single 16955495940096 1073741824 16956569681920    5421 19547500314624  99.78
    1    6611       Data/single 16956569681920 1073741824 16957643423744    5422 19548574056448 100.00
    1    6612       Data/single 16957643423744 1073741824 16958717165568    5423 19549647798272 100.00
    1    6613       Data/single 16958717165568 1073741824 16959790907392    5424 19550721540096 100.00
    1    6614       Data/single 16959790907392 1073741824 16960864649216    5425 19551795281920 100.00
    1    6615       Data/single 16960864649216 1073741824 16961938391040    5426 19552869023744 100.00
    1    6616       Data/single 16961938391040 1073741824 16963012132864    5427 19553942765568 100.00
    1    6617       Data/single 16963012132864 1073741824 16964085874688    5428 19555016507392  99.63
    1    6618       Data/single 16964085874688 1073741824 16965159616512    5429 19556090249216 100.00
    1    6619       Data/single 16965159616512 1073741824 16966233358336    5430 19557163991040 100.00
    1    6620       Data/single 16966233358336 1073741824 16967307100160    5431 19558237732864  99.15
    1    6621       Data/single 16968380841984 1073741824 16969454583808    5432 19560385216512  99.70
    1    6622       Data/single 16971602067456 1073741824 16972675809280    5433 19563606441984 100.00
    1    6623       Data/single 16972675809280 1073741824 16973749551104    5434 19564680183808 100.00
    1    6624       Data/single 16973749551104 1073741824 16974823292928    5435 19565753925632 100.00
    1    6625       Data/single 16974823292928 1073741824 16975897034752    5436 19566827667456 100.00
    1    6626       Data/single 16975897034752 1073741824 16976970776576    5437 19567901409280 100.00
    1    6627       Data/single 16976970776576 1073741824 16978044518400    5438 19568975151104  99.55
    1    6628       Data/single 16980192002048 1073741824 16981265743872    5439 19572196376576 100.00
    1    6629       Data/single 16981265743872 1073741824 16982339485696    5440 19573270118400 100.00
    1    6630       Data/single 16982339485696 1073741824 16983413227520    5441 19574343860224 100.00
    1    6631       Data/single 16983413227520 1073741824 16984486969344    5442 19575417602048 100.00
    1    6632       Data/single 16986634452992 1073741824 16987708194816    5443 19578638827520 100.00
    1    6633       Data/single 16988781936640 1073741824 16989855678464    5444 19580786311168 100.00
    1    6634       Data/single 16989855678464 1073741824 16990929420288    5445 19581860052992 100.00
    1    6635       Data/single 16990929420288 1073741824 16992003162112    5446 19582933794816 100.00
    1    6636       Data/single 16992003162112 1073741824 16993076903936    5447 19584007536640 100.00
    1    6637       Data/single 16993076903936 1073741824 16994150645760    5448 19585081278464 100.00
    1    6638       Data/single 16994150645760 1073741824 16995224387584    5449 19586155020288 100.00
    1    6639       Data/single 16995224387584 1073741824 16996298129408    5450 19587228762112  99.51
    1    6640       Data/single 16998445613056 1073741824 16999519354880    5451 19590449987584 100.00
    1    6641       Data/single 16999519354880 1073741824 17000593096704    5452 19591523729408 100.00
    1    6642       Data/single 17000593096704 1073741824 17001666838528    5453 19592597471232 100.00
    1    6643       Data/single 17001666838528 1073741824 17002740580352    5454 19593671213056  99.56
    1    6644       Data/single 17004888064000 1073741824 17005961805824    5455 19596892438528 100.00
    1    6645       Data/single 17005961805824 1073741824 17007035547648    5456 19597966180352 100.00
    1    6646       Data/single 17009183031296 1073741824 17010256773120    5457 19601187405824 100.00
    1    6647       Data/single 17010256773120 1073741824 17011330514944    5458 19602261147648 100.00
    1    6648       Data/single 17011330514944 1073741824 17012404256768    5459 19603334889472 100.00
    1    6649       Data/single 17013477998592 1073741824 17014551740416    5460 19605482373120 100.00
    1    6650       Data/single 17015625482240 1073741824 17016699224064    5461 19607629856768 100.00
    1    6651       Data/single 17017772965888 1073741824 17018846707712    5462 19609777340416 100.00
    1    6652       Data/single 17019920449536 1073741824 17020994191360    5463 19611924824064 100.00
    1    6653       Data/single 17022067933184 1073741824 17023141675008    5464 19614072307712  99.44
    1    6654       Data/single 17024215416832 1073741824 17025289158656    5465 19616219791360 100.00
    1    6655       Data/single 17026362900480 1073741824 17027436642304    5466 19618367275008 100.00
    1    6656       Data/single 17028510384128 1073741824 17029584125952    5467 19620514758656 100.00
    1    6657       Data/single 17030657867776 1073741824 17031731609600    5468 19622662242304  99.51
    1    6658       Data/single 17032805351424 1073741824 17033879093248    5469 19624809725952  99.73
    1    6659       Data/single 17034952835072 1073741824 17036026576896    5470 19626957209600 100.00
    1    6660       Data/single 17037100318720 1073741824 17038174060544    5471 19629104693248 100.00
    1    6661       Data/single 17040321544192 1073741824 17041395286016    5472 19632325918720 100.00
    1    6662       Data/single 17042469027840 1073741824 17043542769664    5473 19634473402368 100.00
    1    6663       Data/single 17044616511488 1073741824 17045690253312    5474 19636620886016 100.00
    1    6664       Data/single 17046763995136 1073741824 17047837736960    5475 19638768369664 100.00
    1    6665       Data/single 17048911478784 1073741824 17049985220608    5476 19640915853312 100.00
    1    6666       Data/single 17051058962432 1073741824 17052132704256    5477 19643063336960  99.37
    1    6667       Data/single 17053206446080 1073741824 17054280187904    5478 19645210820608  99.11
    1    6668       Data/single 17054280187904 1073741824 17055353929728    5479 19646284562432 100.00
    1    6669       Data/single 17056427671552 1073741824 17057501413376    5480 19648432046080 100.00
    1    6676       Data/single 17099377344512 1073741824 17100451086336    5481 19691381719040  99.75
    1    6677       Data/single 17120852180992 1073741824 17121925922816    5482 19712856555520  99.09
    1    6678       Data/single 17132663341056 1073741824 17133737082880    5483 19724667715584  99.58
    1    6679       Data/single 17218562686976 1073741824 17219636428800    5484 19810567061504  99.26
    1    6680       Data/single 17220710170624 1073741824 17221783912448    5485 19812714545152  99.49
    1    6681       Data/single 17222857654272 1073741824 17223931396096    5486 19814862028800  99.66
    1    6682       Data/single 17225005137920 1073741824 17226078879744    5487 19817009512448  99.63
    1    6685       Data/single 17232521330688 1073741824 17233595072512    5488 19824525705216  99.70
    1    6693       Data/single 17244332490752 1073741824 17245406232576    5489 19836336865280  99.36
    1    6703       Data/single 17263659843584 1073741824 17264733585408    5490 19855664218112  99.40
    1    6777       Data/single 17381771444224 1073741824 17382845186048    5491 20057527681024  99.59
    1    6785       Data/single 17394656346112 1073741824 17395730087936    5492 20070412582912  99.68
    1    6819       Data/single 17449417179136 1073741824 17450490920960    5493 20125173415936  99.03
    1    6844       Data/single 17485924401152 1073741824 17486998142976    5494 20300193333248  99.35
    1    6866       Data/single 17525652848640 1073741824 17526726590464    5495 20310930751488  99.80
    1    6884       Data/single 17552496394240 1073741824 17553570136064    5496 20318446944256 100.00
    1    6670       Data/single 17067165089792 1073741824 17068238831616    5497 20319520686080 100.00
    1    6671       Data/single 17074681282560 1073741824 17075755024384    5498 20320594427904 100.00
    1    6672       Data/single 17076828766208 1073741824 17077902508032    5499 20321668169728 100.00
    1    6673       Data/single 17080049991680 1073741824 17081123733504    5500 20322741911552 100.00
    1    6674       Data/single 17081123733504 1073741824 17082197475328    5501 20323815653376 100.00
    1    6675       Data/single 17083271217152 1073741824 17084344958976    5502 20324889395200 100.00
    1    6700       Data/single 17259364876288 1073741824 17260438618112    5503 20325963137024 100.00
    1    6762       Data/single 17356001640448 1073741824 17357075382272    5504 20327036878848 100.00
    1    6764       Data/single 17358149124096 1073741824 17359222865920    5505 20328110620672  99.12
    1    6775       Data/single 17378550218752 1073741824 17379623960576    5506 20331331846144 100.00
    1    6838       Data/single 17479481950208 1073741824 17480555692032    5507 20332405587968 100.00
    1    6877       Data/single 17541758976000 1073741824 17542832717824    5508 20333479329792 100.00
    1    6885       Data/single 17553570136064 1073741824 17554643877888    5509 20334553071616 100.00
    1    6886       Data/single 17554643877888 1073741824 17555717619712    5510 20335626813440 100.00
    1    6888       Data/single 17556791361536 1073741824 17557865103360    5511 20336700555264 100.00
    1    6889       Data/single 17557865103360 1073741824 17558938845184    5512 20337774297088 100.00
    1    6890       Data/single 17558938845184 1073741824 17560012587008    5513 20338848038912 100.00
    1    6891       Data/single 17560012587008 1073741824 17561086328832    5514 20339921780736 100.00
    1    6892       Data/single 17561086328832 1073741824 17562160070656    5515 20340995522560  99.80
    1    6893       Data/single 17563233812480 1073741824 17564307554304    5516 20343143006208 100.00
    1    6894       Data/single 17564307554304 1073741824 17565381296128    5517 20344216748032 100.00
    1    6895       Data/single 17565381296128 1073741824 17566455037952    5518 20345290489856 100.00
    1    6896       Data/single 17566455037952 1073741824 17567528779776    5519 20346364231680  99.70
    1    6897       Data/single 17568602521600 1073741824 17569676263424    5520 20348511715328 100.00
    1    6898       Data/single 17569676263424 1073741824 17570750005248    5521 20349585457152 100.00
    1    6899       Data/single 17570750005248 1073741824 17571823747072    5522 20350659198976  99.79
    1    6900       Data/single 17575044972544 1073741824 17576118714368    5523 20352806682624 100.00
    1    6901       Data/single 17577192456192 1073741824 17578266198016    5524 20353880424448 100.00
    1    6902       Data/single 17578266198016 1073741824 17579339939840    5525 20354954166272 100.00
    1    6903       Data/single 17579339939840 1073741824 17580413681664    5526 20356027908096  99.61
    1    6904       Data/single 17581487423488 1073741824 17582561165312    5527 20358175391744  99.33
    1    6905       Data/single 17582561165312 1073741824 17583634907136    5528 20359249133568 100.00
    1    6906       Data/single 17583634907136 1073741824 17584708648960    5529 20360322875392 100.00
    1    6907       Data/single 17584708648960 1073741824 17585782390784    5530 20361396617216  99.47
    1    6908       Data/single 17587929874432 1073741824 17589003616256    5531 20364617842688 100.00
    1    6909       Data/single 17589003616256 1073741824 17590077358080    5532 20365691584512 100.00
    1    6910       Data/single 17590077358080 1073741824 17591151099904    5533 20366765326336 100.00
    1    6911       Data/single 17591151099904 1073741824 17592224841728    5534 20367839068160 100.00
    1    6912       Data/single 17592224841728 1073741824 17593298583552    5535 20368912809984  99.69
    1    6913       Data/single 17594372325376 1073741824 17595446067200    5536 20371060293632 100.00
    1    6914       Data/single 17595446067200 1073741824 17596519809024    5537 20372134035456 100.00
    1    6915       Data/single 17596519809024 1073741824 17597593550848    5538 20373207777280 100.00
    1    6916       Data/single 17597593550848 1073741824 17598667292672    5539 20374281519104  99.43
    1    6917       Data/single 17598667292672 1073741824 17599741034496    5540 20375355260928 100.00
    1    6918       Data/single 17599741034496 1073741824 17600814776320    5541 20376429002752 100.00
    1    6919       Data/single 17600814776320 1073741824 17601888518144    5542 20377502744576 100.00
    1    6920       Data/single 17601888518144 1073741824 17602962259968    5543 20378576486400  99.64
    1    6921       Data/single 17604036001792 1073741824 17605109743616    5544 20380723970048 100.00
    1    6922       Data/single 17605109743616 1073741824 17606183485440    5545 20381797711872 100.00
    1    6923       Data/single 17606183485440 1073741824 17607257227264    5546 20382871453696 100.00
    1    6924       Data/single 17607257227264 1073741824 17608330969088    5547 20383945195520  99.20
    1    6925       Data/single 17610478452736 1073741824 17611552194560    5548 20387166420992  99.80
    1    6926       Data/single 17613699678208 1073741824 17614773420032    5549 20390387646464 100.00
    1    6927       Data/single 17614773420032 1073741824 17615847161856    5550 20391461388288 100.00
    1    6928       Data/single 17615847161856 1073741824 17616920903680    5551 20392535130112 100.00
    1    6929       Data/single 17616920903680 1073741824 17617994645504    5552 20393608871936 100.00
    1    6930       Data/single 17617994645504 1073741824 17619068387328    5553 20394682613760 100.00
    1    6931       Data/single 17619068387328 1073741824 17620142129152    5554 20395756355584 100.00
    1    6932       Data/single 17620142129152 1073741824 17621215870976    5555 20396830097408 100.00
    1    6933       Data/single 17621215870976 1073741824 17622289612800    5556 20397903839232 100.00
    1    6934       Data/single 17622289612800 1073741824 17623363354624    5557 20398977581056 100.00
    1    6935       Data/single 17624437096448 1073741824 17625510838272    5558 20401125064704 100.00
    1    6936       Data/single 17625510838272 1073741824 17626584580096    5559 20402198806528 100.00
    1    6937       Data/single 17626584580096 1073741824 17627658321920    5560 20403272548352 100.00
    1    6938       Data/single 17627658321920 1073741824 17628732063744    5561 20404346290176 100.00
    1    6939       Data/single 17630879547392 1073741824 17631953289216    5562 20407567515648 100.00
    1    6940       Data/single 17631953289216 1073741824 17633027031040    5563 20408641257472 100.00
    1    6941       Data/single 17633027031040 1073741824 17634100772864    5564 20409714999296  99.79
    1    6942       Data/single 17635174514688 1073741824 17636248256512    5565 20411862482944 100.00
    1    6943       Data/single 17636248256512 1073741824 17637321998336    5566 20412936224768 100.00
    1    6944       Data/single 17637321998336 1073741824 17638395740160    5567 20414009966592  99.74
    1    6945       Data/single 17638395740160 1073741824 17639469481984    5568 20415083708416 100.00
    1    6946       Data/single 17639469481984 1073741824 17640543223808    5569 20416157450240 100.00
    1    6947       Data/single 17640543223808 1073741824 17641616965632    5570 20417231192064 100.00
    1    6948       Data/single 17641616965632 1073741824 17642690707456    5571 20418304933888 100.00
    1    6949       Data/single 17642690707456 1073741824 17643764449280    5572 20419378675712  99.88
    1    6950       Data/single 17644838191104 1073741824 17645911932928    5573 20421526159360 100.00
    1    6951       Data/single 17645911932928 1073741824 17646985674752    5574 20422599901184 100.00
    1    6952       Data/single 17646985674752 1073741824 17648059416576    5575 20423673643008 100.00
    1    6953       Data/single 17648059416576 1073741824 17649133158400    5576 20424747384832  99.48
    1    6954       Data/single 17650206900224 1073741824 17651280642048    5577 20426894868480 100.00
    1    6955       Data/single 17651280642048 1073741824 17652354383872    5578 20427968610304 100.00
    1    6956       Data/single 17652354383872 1073741824 17653428125696    5579 20429042352128 100.00
    1    6957       Data/single 17653428125696 1073741824 17654501867520    5580 20430116093952 100.00
    1    6958       Data/single 17655575609344 1073741824 17656649351168    5581 20432263577600 100.00
    1    6959       Data/single 17656649351168 1073741824 17657723092992    5582 20433337319424 100.00
    1    6960       Data/single 17657723092992 1073741824 17658796834816    5583 20434411061248 100.00
    1    6961       Data/single 17658796834816 1073741824 17659870576640    5584 20435484803072  99.66
    1    6962   Metadata/DUP    17659870576640 1073741824 17660944318464    5585 20436558544896  61.64
    1    6963   Metadata/DUP    17660944318464 1073741824 17662018060288    5586 20436558544896  61.64
    1    6964       Data/single 17662018060288 1073741824 17663091802112    5587 20437632286720 100.00
    1    6965       Data/single 17663091802112 1073741824 17664165543936    5588 20438706028544  99.46
    1    6966       Data/single 17665239285760 1073741824 17666313027584    5589 20440853512192  99.49
    1    6967       Data/single 17667386769408 1073741824 17668460511232    5590 20443000995840  99.80
    1    6968       Data/single 17669534253056 1073741824 17670607994880    5591 20445148479488  99.70
    1    6969       Data/single 17671681736704 1073741824 17672755478528    5592 20447295963136 100.00
    1    6970       Data/single 17673829220352 1073741824 17674902962176    5593 20449443446784  99.64
    1    6971       Data/single 17675976704000 1073741824 17677050445824    5594 20451590930432  99.71
    1    6972       Data/single 17678124187648 1073741824 17679197929472    5595 20453738414080  99.80
    1    6973       Data/single 17680271671296 1073741824 17681345413120    5596 20455885897728  99.79
    1    6974       Data/single 17682419154944 1073741824 17683492896768    5597 20458033381376  99.78
    1    6975       Data/single 17684566638592 1073741824 17685640380416    5598 20460180865024  99.19
    1    6976       Data/single 17686714122240 1073741824 17687787864064    5599 20462328348672 100.00
    1    6977       Data/single 17688861605888 1073741824 17689935347712    5600 20464475832320  99.16
    1    6978       Data/single 17691009089536 1073741824 17692082831360    5601 20466623315968  99.72
    1    6979       Data/single 17693156573184 1073741824 17694230315008    5602 20468770799616  99.16
    1    6980       Data/single 17695304056832 1073741824 17696377798656    5603 20470918283264  99.63
    1    6981       Data/single 17698525282304 1073741824 17699599024128    5604 20474139508736  99.58
    1    6982       Data/single 17699599024128 1073741824 17700672765952    5605 20475213250560  99.74
    1    6983       Data/single 17700672765952 1073741824 17701746507776    5606 20476286992384  99.23
    1    6984       Data/single 17701746507776 1073741824 17702820249600    5607 20477360734208  99.69
    1    6985       Data/single 17702820249600 1073741824 17703893991424    5608 20478434476032  99.35
    1    6986       Data/single 17703893991424 1073741824 17704967733248    5609 20479508217856  99.76
    1    6987       Data/single 17704967733248 1073741824 17706041475072    5610 20480581959680 100.00
    1    6988       Data/single 17706041475072 1073741824 17707115216896    5611 20481655701504  99.55
    1    6989       Data/single 17708188958720 1073741824 17709262700544    5612 20483803185152  99.56
    1    6990       Data/single 17710336442368 1073741824 17711410184192    5613 20485950668800  99.23
    1    6991       Data/single 17712483926016 1073741824 17713557667840    5614 20488098152448  99.71
    1    6992       Data/single 17714631409664 1073741824 17715705151488    5615 20490245636096  99.66
    1    6993       Data/single 17716778893312 1073741824 17717852635136    5616 20492393119744  99.11
    1    6994       Data/single 17718926376960 1073741824 17720000118784    5617 20494540603392  99.14
    1    6995       Data/single 17721073860608 1073741824 17722147602432    5618 20496688087040  98.89
    1    6996       Data/single 17723221344256 1073741824 17724295086080    5619 20498835570688  99.18
    1    6997       Data/single 17725368827904 1073741824 17726442569728    5620 20500983054336  99.14
    1    6998       Data/single 17727516311552 1073741824 17728590053376    5621 20503130537984  99.07
    1    6999       Data/single 17729663795200 1073741824 17730737537024    5622 20505278021632  99.72
    1    7000       Data/single 17731811278848 1073741824 17732885020672    5623 20507425505280  99.74
    1    7001       Data/single 17732885020672 1073741824 17733958762496    5624 20508499247104  99.63
    1    7002       Data/single 17733958762496 1073741824 17735032504320    5625 20509572988928  99.74
    1    7003       Data/single 17736106246144 1073741824 17737179987968    5626 20511720472576 100.00
    1    7004       Data/single 17737179987968 1073741824 17738253729792    5627 20512794214400  99.70
    1    7005       Data/single 17739327471616 1073741824 17740401213440    5628 20514941698048  99.40
    1    7006       Data/single 17741474955264 1073741824 17742548697088    5629 20517089181696  99.64
    1    7007       Data/single 17743622438912 1073741824 17744696180736    5630 20519236665344  99.59
    1    7008       Data/single 17745769922560 1073741824 17746843664384    5631 20521384148992  99.74
    1    7009       Data/single 17747917406208 1073741824 17748991148032    5632 20523531632640  99.63
    1    7010       Data/single 17750064889856 1073741824 17751138631680    5633 20525679116288  99.79
    1    7011       Data/single 17752212373504 1073741824 17753286115328    5634 20527826599936  99.80
    1    7012       Data/single 17754359857152 1073741824 17755433598976    5635 20529974083584  99.28
    1    7013       Data/single 17756507340800 1073741824 17757581082624    5636 20532121567232  99.80
    1    7014       Data/single 17758654824448 1073741824 17759728566272    5637 20534269050880  99.84
    1    7015       Data/single 17760802308096 1073741824 17761876049920    5638 20536416534528  99.63
    1    7016       Data/single 17762949791744 1073741824 17764023533568    5639 20538564018176  99.20
    1    7017       Data/single 17765097275392 1073741824 17766171017216    5640 20540711501824  99.72
    1    7018       Data/single 17767244759040 1073741824 17768318500864    5641 20542858985472  99.60
    1    7019       Data/single 17769392242688 1073741824 17770465984512    5642 20545006469120  99.60
    1    7020       Data/single 17771539726336 1073741824 17772613468160    5643 20547153952768  98.88
    1    7021       Data/single 17773687209984 1073741824 17774760951808    5644 20549301436416  99.72
    1    7022       Data/single 17775834693632 1073741824 17776908435456    5645 20551448920064  99.88
    1    7023       Data/single 17776908435456 1073741824 17777982177280    5646 20552522661888 100.00
    1    7024       Data/single 17777982177280 1073741824 17779055919104    5647 20553596403712  99.78
    1    7025       Data/single 17780129660928 1073741824 17781203402752    5648 20555743887360  99.37
    1    7026       Data/single 17783350886400 1073741824 17784424628224    5649 20558965112832 100.00
    1    7027       Data/single 17784424628224 1073741824 17785498370048    5650 20560038854656 100.00
    1    7028       Data/single 17785498370048 1073741824 17786572111872    5651 20561112596480  99.77
    1    7029       Data/single 17787645853696 1073741824 17788719595520    5652 20563260080128 100.00
    1    7030       Data/single 17788719595520 1073741824 17789793337344    5653 20564333821952  99.29
    1    7031       Data/single 17790867079168 1073741824 17791940820992    5654 20566481305600 100.00
    1    7032       Data/single 17791940820992 1073741824 17793014562816    5655 20567555047424  99.46
    1    7033       Data/single 17794088304640 1073741824 17795162046464    5656 20569702531072 100.00
    1    7034       Data/single 17795162046464 1073741824 17796235788288    5657 20570776272896  99.73
    1    7035       Data/single 17797309530112 1073741824 17798383271936    5658 20572923756544 100.00
    1    7036       Data/single 17798383271936 1073741824 17799457013760    5659 20573997498368 100.00
    1    7037       Data/single 17799457013760 1073741824 17800530755584    5660 20575071240192 100.00
    1    7038       Data/single 17800530755584 1073741824 17801604497408    5661 20576144982016 100.00
    1    7039       Data/single 17801604497408 1073741824 17802678239232    5662 20577218723840 100.00
    1    7040       Data/single 17802678239232 1073741824 17803751981056    5663 20578292465664  99.71
    1    7041       Data/single 17804825722880 1073741824 17805899464704    5664 20580439949312  99.68
    1    7042       Data/single 17806973206528 1073741824 17808046948352    5665 20582587432960  99.26
    1    7043       Data/single 17808046948352 1073741824 17809120690176    5666 20583661174784  99.73
    1    7044       Data/single 17810194432000 1073741824 17811268173824    5667 20585808658432 100.00
    1    7045       Data/single 17811268173824 1073741824 17812341915648    5668 20586882400256  99.26
    1    7046       Data/single 17813415657472 1073741824 17814489399296    5669 20589029883904 100.00
    1    7047       Data/single 17814489399296 1073741824 17815563141120    5670 20590103625728  99.56
    1    7048       Data/single 17816636882944 1073741824 17817710624768    5671 20592251109376 100.00
    1    7049       Data/single 17818784366592 1073741824 17819858108416    5672 20594398593024 100.00
    1    7050       Data/single 17820931850240 1073741824 17822005592064    5673 20596546076672  99.79
    1    7051       Data/single 17823079333888 1073741824 17824153075712    5674 20598693560320 100.00
    1    7052       Data/single 17825226817536 1073741824 17826300559360    5675 20600841043968  99.80
    1    7053       Data/single 17827374301184 1073741824 17828448043008    5676 20602988527616  99.18
    1    7054       Data/single 17828515151872 1073741824 17829588893696    5677 20604095823872  99.80
    1    7055       Data/single 17829588893696 1073741824 17830662635520    5678 20605169565696 100.00
    1    7056       Data/single 17830662635520 1073741824 17831736377344    5679 20606243307520  99.54
    1    7057       Data/single 17836031344640 1073741824 17837105086464    5680 20611612016640 100.00
    1    7058       Data/single 17837105086464 1073741824 17838178828288    5681 20612685758464 100.00
    1    7059       Data/single 17838178828288 1073741824 17839252570112    5682 20613759500288  99.76
    1    7078       Data/single 17903677079552 1073741824 17904750821376    5683 20696437620736  99.25
    1    7079       Data/single 17907972046848 1073741824 17909045788672    5684 20700732588032  99.35
    1    7080       Data/single 17910119530496 1073741824 17911193272320    5685 20702880071680  99.79
    1    7081       Data/single 17918709465088 1073741824 17919783206912    5686 20705027555328 100.00
    1    7082       Data/single 17929446883328 1073741824 17930520625152    5687 20714691231744 100.00
    1    7083       Data/single 17930520625152 1073741824 17931594366976    5688 20715764973568 100.00
    1    7084       Data/single 17931594366976 1073741824 17932668108800    5689 20716838715392 100.00
    1    7085       Data/single 17932668108800 1073741824 17933741850624    5690 20717912457216 100.00
    1    7086       Data/single 17933741850624 1073741824 17934815592448    5691 20718986199040 100.00
    1    7087       Data/single 17934815592448 1073741824 17935889334272    5692 20720059940864 100.00
    1    7088       Data/single 17935889334272 1073741824 17936963076096    5693 20721133682688 100.00
    1    7089       Data/single 17936963076096 1073741824 17938036817920    5694 20722207424512 100.00
    1    7090       Data/single 17938036817920 1073741824 17939110559744    5695 20723281166336 100.00
    1    7091       Data/single 17939110559744 1073741824 17940184301568    5696 20724354908160 100.00
    1    7092       Data/single 17940184301568 1073741824 17941258043392    5697 20725428649984 100.00
    1    7093       Data/single 17941258043392 1073741824 17942331785216    5698 20726502391808 100.00
    1    7094       Data/single 17942331785216 1073741824 17943405527040    5699 20727576133632 100.00
    1    7095       Data/single 17943405527040 1073741824 17944479268864    5700 20728649875456 100.00
    1    7096       Data/single 17944479268864 1073741824 17945553010688    5701 20729723617280 100.00
    1    7097       Data/single 17945553010688 1073741824 17946626752512    5702 20730797359104 100.00
    1    7098       Data/single 17946626752512 1073741824 17947700494336    5703 20731871100928 100.00
    1    7099       Data/single 17947700494336 1073741824 17948774236160    5704 20732944842752 100.00
    1    7100       Data/single 17948774236160 1073741824 17949847977984    5705 20734018584576  99.75
    1    7101       Data/single 17949847977984 1073741824 17950921719808    5706 20735092326400 100.00
    1    7102       Data/single 17950921719808 1073741824 17951995461632    5707 20736166068224 100.00
    1    7103       Data/single 17951995461632 1073741824 17953069203456    5708 20737239810048 100.00
    1    7104       Data/single 17953069203456 1073741824 17954142945280    5709 20738313551872 100.00
    1    7105       Data/single 17954142945280 1073741824 17955216687104    5710 20739387293696 100.00
    1    7060       Data/single 17870391083008 1073741824 17871464824832    5711 20740461035520  99.89
    1    7061       Data/single 17871464824832 1073741824 17872538566656    5712 20741534777344  99.76
    1    7062       Data/single 17872538566656 1073741824 17873612308480    5713 20742608519168 100.00
    1    7063       Data/single 17873612308480 1073741824 17874686050304    5714 20743682260992  99.57
    1    7068       Data/single 17882202243072 1073741824 17883275984896    5715 20752272195584  99.24
    1    7069   Metadata/DUP    17883275984896 1073741824 17884349726720    5716 20753345937408  52.73
    1    7070   Metadata/DUP    17884349726720 1073741824 17885423468544    5717 20753345937408  52.73
    1    6488       Data/single 16634447134720 1073741824 16635520876544    5718 20755493421056  99.18
    1    6490       Data/single 16636594618368 1073741824 16637668360192    5719 20756567162880  99.16
    1    7064       Data/single 17876833533952 1073741824 17877907275776    5720 20758714646528  99.25
    1    7065       Data/single 17878981017600 1073741824 17880054759424    5721 20760862130176  99.77
    1    7066       Data/single 17880054759424 1073741824 17881128501248    5722 20761935872000  99.74
    1    7067       Data/single 17881128501248 1073741824 17882202243072    5723 20763009613824  99.75
    1    7071       Data/single 17885423468544 1073741824 17886497210368    5724 20764083355648  99.52
    1    7072       Data/single 17887570952192 1073741824 17888644694016    5725 20766230839296  99.13
    1    7073       Data/single 17889718435840 1073741824 17890792177664    5726 20768378322944  99.11
    1    7074       Data/single 17891865919488 1073741824 17892939661312    5727 20770525806592  98.88
    1    7075       Data/single 17894013403136 1073741824 17895087144960    5728 20772673290240  98.59
    1    7076       Data/single 17897234628608 1073741824 17898308370432    5729 20775894515712  99.12
    1    7108       Data/single 17983133974528 1073741824 17984207716352    5730 20817770446848  98.72
    1    7111       Data/single 17996018876416 1073741824 17997092618240    5731 20830655348736  99.36
    1       1       Data/single        1048576   20971520       22020096    5732 20834893627392  67.34
    1    7077       Data/single 17899382112256 1073741824 17900455854080    5733 20834914598912  99.76
    1    7106       Data/single 17956290428928 1073741824 17957364170752    5734 20840283308032  99.65
    1    7107       Data/single 17968101588992 1073741824 17969175330816    5735 20845652017152  99.47
    1    7109       Data/single 17985281458176 1073741824 17986355200000    5736 20851020726272  99.77
    1    7110       Data/single 17988502683648 1073741824 17989576425472    5737 20852094468096  99.17
    1    7112       Data/single 17998166360064 1073741824 17999240101888    5738 20854241951744  60.62
    1    4901       Data/single  5258152509440 1073741824  5259226251264    5739 20855315693568  99.21
    1    6696       Data/single 17255069908992 1073741824 17256143650816    5740 20998123356160  99.85
    1    6701       Data/single 17260438618112 1073741824 17261512359936    5741 21002418323456  99.94
    1    6702       Data/single 17261512359936 1073741824 17262586101760    5742 21003492065280  99.82
    1    6705       Data/single 17265807327232 1073741824 17266881069056    5743 21006713290752  99.93
    1    6683       Data/single 17229300105216 1073741824 17230373847040    5744 21007787032576  98.97
    1    6684       Data/single 17231447588864 1073741824 17232521330688    5745 21009934516224  99.27
    1    6686       Data/single 17234668814336 1073741824 17235742556160    5746 21012081999872  99.54
    1    6687       Data/single 17236816297984 1073741824 17237890039808    5747 21014229483520  98.27
    1    6688       Data/single 17238963781632 1073741824 17240037523456    5748 21016376967168  98.63
    1    6689       Data/single 17240037523456 1073741824 17241111265280    5749 21017450708992  99.22
    1    6690       Data/single 17241111265280 1073741824 17242185007104    5750 21018524450816  99.41
    1    6691       Data/single 17242185007104 1073741824 17243258748928    5751 21019598192640 100.00
    1    6692       Data/single 17243258748928 1073741824 17244332490752    5752 21020671934464  99.22
    1    6694       Data/single 17252922425344 1073741824 17253996167168    5753 21029261869056  98.19
    1    6695       Data/single 17253996167168 1073741824 17255069908992    5754 21030335610880 100.00
    1    6697       Data/single 17256143650816 1073741824 17257217392640    5755 21031409352704  99.67
    1    6698       Data/single 17257217392640 1073741824 17258291134464    5756 21032483094528 100.00
    1    6699       Data/single 17258291134464 1073741824 17259364876288    5757 21033556836352  98.47
    1    6704       Data/single 17264733585408 1073741824 17265807327232    5758 21034630578176  99.14
    1    6706       Data/single 17266881069056 1073741824 17267954810880    5759 21035704320000 100.00
    1    6707       Data/single 17267954810880 1073741824 17269028552704    5760 21036778061824 100.00
    1    6708       Data/single 17269028552704 1073741824 17270102294528    5761 21037851803648 100.00
    1    6709       Data/single 17270102294528 1073741824 17271176036352    5762 21038925545472  97.63
    1    6710       Data/single 17273323520000 1073741824 17274397261824    5763 21042146770944 100.00
    1    6711       Data/single 17274397261824 1073741824 17275471003648    5764 21043220512768  99.67
    1    6712       Data/single 17275471003648 1073741824 17276544745472    5765 21044294254592 100.00
    1    6713       Data/single 17276544745472 1073741824 17277618487296    5766 21045367996416  99.40
    1    6714       Data/single 17279765970944 1073741824 17280839712768    5767 21048589221888  98.34
    1    6715       Data/single 17281913454592 1073741824 17282987196416    5768 21050736705536  97.75
    1    6716       Data/single 17284060938240 1073741824 17285134680064    5769 21052884189184 100.00
    1    6717       Data/single 17286208421888 1073741824 17287282163712    5770 21055031672832 100.00
    1    6718       Data/single 17287282163712 1073741824 17288355905536    5771 21056105414656  99.62
    1    6719       Data/single 17290503389184 1073741824 17291577131008    5772 21059326640128 100.00
    1    6720       Data/single 17291577131008 1073741824 17292650872832    5773 21060400381952  99.17
    1    6721       Data/single 17293724614656 1073741824 17294798356480    5774 21062547865600 100.00
    1    6722       Data/single 17294798356480 1073741824 17295872098304    5775 21063621607424 100.00
    1    6723       Data/single 17295872098304 1073741824 17296945840128    5776 21064695349248  98.91
    1    6724       Data/single 17298019581952 1073741824 17299093323776    5777 21066842832896  97.35
    1    6725       Data/single 17299093323776 1073741824 17300167065600    5778 21067916574720  99.21
    1    6726       Data/single 17301240807424 1073741824 17302314549248    5779 21070064058368  96.85
    1    6727       Data/single 17303388291072 1073741824 17304462032896    5780 21072211542016 100.00
    1    6728       Data/single 17305535774720 1073741824 17306609516544    5781 21074359025664 100.00
    1    6729       Data/single 17306609516544 1073741824 17307683258368    5782 21075432767488  99.00
    1    6730       Data/single 17307683258368 1073741824 17308757000192    5783 21076506509312  95.73
    1    6731       Data/single 17309830742016 1073741824 17310904483840    5784 21078653992960 100.00
    1    6732       Data/single 17310904483840 1073741824 17311978225664    5785 21079727734784 100.00
    1    6733       Data/single 17311978225664 1073741824 17313051967488    5786 21080801476608  97.12
    1    6734       Data/single 17314125709312 1073741824 17315199451136    5787 21082948960256 100.00
    1    6735       Data/single 17315199451136 1073741824 17316273192960    5788 21084022702080  94.53
    1    6736       Data/single 17317346934784 1073741824 17318420676608    5789 21086170185728 100.00
    1    6737       Data/single 17318420676608 1073741824 17319494418432    5790 21087243927552  98.29
    1    6738       Data/single 17320568160256 1073741824 17321641902080    5791 21089391411200 100.00
    1    6739       Data/single 17321641902080 1073741824 17322715643904    5792 21090465153024  94.87
    1    6740       Data/single 17322715643904 1073741824 17323789385728    5793 21091538894848  92.85
    1    6741       Data/single 17324863127552 1073741824 17325936869376    5794 21093686378496 100.00
    1    6742       Data/single 17325936869376 1073741824 17327010611200    5795 21094760120320 100.00
    1    6743       Data/single 17327010611200 1073741824 17328084353024    5796 21095833862144 100.00
    1    6744       Data/single 17328084353024 1073741824 17329158094848    5797 21096907603968  96.82
    1    6745       Data/single 17331305578496 1073741824 17332379320320    5798 21100128829440 100.00
    1    6746       Data/single 17332379320320 1073741824 17333453062144    5799 21101202571264  91.92
    1    6747       Data/single 17334526803968 1073741824 17335600545792    5800 21103350054912 100.00
    1    6748       Data/single 17335600545792 1073741824 17336674287616    5801 21104423796736 100.00
    1    6749       Data/single 17336674287616 1073741824 17337748029440    5802 21105497538560  96.33
    1    6750       Data/single 17338821771264 1073741824 17339895513088    5803 21107645022208 100.00
    1    6751       Data/single 17339895513088 1073741824 17340969254912    5804 21108718764032  91.72
    1    6752       Data/single 17342042996736 1073741824 17343116738560    5805 21110866247680  91.66
    1    6753       Data/single 17344190480384 1073741824 17345264222208    5806 21113013731328 100.00
    1    6754       Data/single 17345264222208 1073741824 17346337964032    5807 21114087473152 100.00
    1    6755       Data/single 17346337964032 1073741824 17347411705856    5808 21115161214976  95.94
    1    6756       Data/single 17348485447680 1073741824 17349559189504    5809 21117308698624 100.00
    1    6757       Data/single 17349559189504 1073741824 17350632931328    5810 21118382440448 100.00
    1    6758       Data/single 17350632931328 1073741824 17351706673152    5811 21119456182272  99.25
    1    6759       Data/single 17352780414976 1073741824 17353854156800    5812 21121603665920 100.00
    1    6760       Data/single 17353854156800 1073741824 17354927898624    5813 21122677407744  95.26
    1    6761       Data/single 17354927898624 1073741824 17356001640448    5814 21123751149568 100.00
    1    6763       Data/single 17357075382272 1073741824 17358149124096    5815 21124824891392  98.83
    1    6765       Data/single 17360296607744 1073741824 17361370349568    5816 21126972375040  93.20
    1    6766       Data/single 17362444091392 1073741824 17363517833216    5817 21129119858688 100.00
    1    6767       Data/single 17363517833216 1073741824 17364591575040    5818 21130193600512  99.04
    1    6768       Data/single 17365665316864 1073741824 17366739058688    5819 21132341084160 100.00
    1    6769       Data/single 17366739058688 1073741824 17367812800512    5820 21133414825984  98.74
    1    6770       Data/single 17368886542336 1073741824 17369960284160    5821 21135562309632 100.00
    1    6771       Data/single 17369960284160 1073741824 17371034025984    5822 21136636051456  99.46
    1    6772       Data/single 17373181509632 1073741824 17374255251456    5823 21138783535104 100.00
    1    6773       Data/single 17374255251456 1073741824 17375328993280    5824 21139857276928  95.33
    1    6774       Data/single 17377476476928 1073741824 17378550218752    5825 21143078502400 100.00
    1    6776       Data/single 17379623960576 1073741824 17380697702400    5826 21144152244224  92.83
    1    6778       Data/single 17382845186048 1073741824 17383918927872    5827 21146299727872 100.00
    1    6779       Data/single 17383918927872 1073741824 17384992669696    5828 21147373469696 100.00
    1    6780       Data/single 17384992669696 1073741824 17386066411520    5829 21148447211520  97.57
    1    6781       Data/single 17388213895168 1073741824 17389287636992    5830 21151668436992  98.78
    1    6782       Data/single 17389287636992 1073741824 17390361378816    5831 21152742178816  99.00
    1    6783       Data/single 17391435120640 1073741824 17392508862464    5832 21154889662464  98.64
    1    6784       Data/single 17393582604288 1073741824 17394656346112    5833 21157037146112  92.92
    1    6786       Data/single 17397877571584 1073741824 17398951313408    5834 21159184629760  94.14
    1    6787       Data/single 17400025055232 1073741824 17401098797056    5835 21161332113408 100.00
    1    6788       Data/single 17401098797056 1073741824 17402172538880    5836 21162405855232 100.00
    1    6789       Data/single 17402172538880 1073741824 17403246280704    5837 21163479597056  98.37
    1    6790       Data/single 17404320022528 1073741824 17405393764352    5838 21165627080704 100.00
    1    6791       Data/single 17405393764352 1073741824 17406467506176    5839 21166700822528  99.66
    1    6792       Data/single 17407541248000 1073741824 17408614989824    5840 21168848306176 100.00
    1    6793       Data/single 17408614989824 1073741824 17409688731648    5841 21169922048000 100.00
    1    6794       Data/single 17409688731648 1073741824 17410762473472    5842 21170995789824  90.18
    1    6795       Data/single 17410762473472 1073741824 17411836215296    5843 21172069531648 100.00
    1    6796       Data/single 17413983698944 1073741824 17415057440768    5844 21175290757120 100.00
    1    6797       Data/single 17415057440768 1073741824 17416131182592    5845 21176364498944 100.00
    1    6798       Data/single 17416131182592 1073741824 17417204924416    5846 21177438240768  91.18
    1    6799       Data/single 17418278666240 1073741824 17419352408064    5847 21179585724416  88.52
    1    6800       Data/single 17419352408064 1073741824 17420426149888    5848 21180659466240  97.44
    1    6801       Data/single 17421499891712 1073741824 17422573633536    5849 21182806949888 100.00
    1    6802       Data/single 17422573633536 1073741824 17423647375360    5850 21183880691712  97.63
    1    6803       Data/single 17424721117184 1073741824 17425794859008    5851 21186028175360 100.00
    1    6804       Data/single 17425794859008 1073741824 17426868600832    5852 21187101917184  95.87
    1    6805       Data/single 17426868600832 1073741824 17427942342656    5853 21188175659008 100.00
    1    6806       Data/single 17427942342656 1073741824 17429016084480    5854 21189249400832  90.89
    1    6807       Data/single 17430089826304 1073741824 17431163568128    5855 21191396884480 100.00
    1    6808       Data/single 17431163568128 1073741824 17432237309952    5856 21192470626304  96.86
    1    6809       Data/single 17433311051776 1073741824 17434384793600    5857 21194618109952  91.19
    1    6810       Data/single 17435458535424 1073741824 17436532277248    5858 21196765593600 100.00
    1    6811       Data/single 17436532277248 1073741824 17437606019072    5859 21197839335424  89.40
    1    6812       Data/single 17437606019072 1073741824 17438679760896    5860 21198913077248 100.00
    1    6813       Data/single 17438679760896 1073741824 17439753502720    5861 21199986819072 100.00
    1    6814       Data/single 17441900986368 1073741824 17442974728192    5862 21203208044544 100.00
    1    6815       Data/single 17442974728192 1073741824 17444048470016    5863 21204281786368  90.19
    1    6816       Data/single 17445122211840 1073741824 17446195953664    5864 21206429270016 100.00
    1    6817       Data/single 17446195953664 1073741824 17447269695488    5865 21207503011840 100.00
    1    6818       Data/single 17447269695488 1073741824 17448343437312    5866 21208576753664  89.18
    1    6820       Data/single 17452638404608 1073741824 17453712146432    5867 21210724237312  98.71
    1    6821       Data/single 17454785888256 1073741824 17455859630080    5868 21212871720960 100.00
    1    6822       Data/single 17455859630080 1073741824 17456933371904    5869 21213945462784 100.00
    1    6823       Data/single 17456933371904 1073741824 17458007113728    5870 21215019204608  96.04
    1    6824       Data/single 17458007113728 1073741824 17459080855552    5871 21216092946432 100.00
    1    6825       Data/single 17459080855552 1073741824 17460154597376    5872 21217166688256  99.02
    1    6826       Data/single 17461228339200 1073741824 17462302081024    5873 21219314171904  94.80
    1    6827       Data/single 17463375822848 1073741824 17464449564672    5874 21221461655552 100.00
    1    6828       Data/single 17464449564672 1073741824 17465523306496    5875 21222535397376  91.92
    1    6829       Data/single 17466597048320 1073741824 17467670790144    5876 21224682881024 100.00
    1    6830       Data/single 17467670790144 1073741824 17468744531968    5877 21225756622848  97.04
    1    6831       Data/single 17469818273792 1073741824 17470892015616    5878 21227904106496 100.00
    1    6832       Data/single 17470892015616 1073741824 17471965757440    5879 21228977848320 100.00
    1    6833       Data/single 17471965757440 1073741824 17473039499264    5880 21230051590144 100.00
    1    6834       Data/single 17473039499264 1073741824 17474113241088    5881 21231125331968 100.00
    1    6835       Data/single 17474113241088 1073741824 17475186982912    5882 21232199073792  94.01
    1    6836       Data/single 17476260724736 1073741824 17477334466560    5883 21234346557440 100.00
    1    6837       Data/single 17477334466560 1073741824 17478408208384    5884 21235420299264  92.51
    1    6839       Data/single 17480555692032 1073741824 17481629433856    5885 21237567782912 100.00
    1    6840       Data/single 17481629433856 1073741824 17482703175680    5886 21238641524736 100.00
    1    6841       Data/single 17482703175680 1073741824 17483776917504    5887 21239715266560 100.00
    1    6842       Data/single 17483776917504 1073741824 17484850659328    5888 21240789008384 100.00
    1    6843       Data/single 17484850659328 1073741824 17485924401152    5889 21241862750208  90.13
    1    6845       Data/single 17491293110272 1073741824 17492366852096    5890 21247231459328  98.54
    1    6846       Data/single 17493440593920 1073741824 17494514335744    5891 21249378942976 100.00
    1    6847       Data/single 17494514335744 1073741824 17495588077568    5892 21250452684800 100.00
    1    6848       Data/single 17495588077568 1073741824 17496661819392    5893 21251526426624  95.87
    1    6849       Data/single 17497735561216 1073741824 17498809303040    5894 21253673910272 100.00
    1    6850       Data/single 17498809303040 1073741824 17499883044864    5895 21254747652096  94.02
    1    6851       Data/single 17500956786688 1073741824 17502030528512    5896 21256895135744 100.00
    1    6852       Data/single 17502030528512 1073741824 17503104270336    5897 21257968877568  99.56
    1    6853       Data/single 17504178012160 1073741824 17505251753984    5898 21260116361216 100.00
    1    6854       Data/single 17505251753984 1073741824 17506325495808    5899 21261190103040  94.80
    1    6855       Data/single 17508472979456 1073741824 17509546721280    5900 21264411328512 100.00
    1    6856       Data/single 17509546721280 1073741824 17510620463104    5901 21265485070336  98.48
    1    6857       Data/single 17511694204928 1073741824 17512767946752    5902 21267632553984 100.00
    1    6858       Data/single 17512767946752 1073741824 17513841688576    5903 21268706295808  93.37
    1    6859       Data/single 17514915430400 1073741824 17515989172224    5904 21270853779456  91.36
    1    6860       Data/single 17517062914048 1073741824 17518136655872    5905 21273001263104 100.00
    1    6861       Data/single 17518136655872 1073741824 17519210397696    5906 21274075004928  90.18
    1    6862       Data/single 17519210397696 1073741824 17520284139520    5907 21275148746752  97.82
    1    6863       Data/single 17521357881344 1073741824 17522431623168    5908 21277296230400 100.00
    1    6864       Data/single 17522431623168 1073741824 17523505364992    5909 21278369972224  97.60
    1    6865       Data/single 17523505364992 1073741824 17524579106816    5910 21279443714048  98.49
    1    6867       Data/single 17526726590464 1073741824 17527800332288    5911 21281591197696 100.00
    1    6868       Data/single 17527800332288 1073741824 17528874074112    5912 21282664939520  94.35
    1    6869       Data/single 17529947815936 1073741824 17531021557760    5913 21284812423168  97.67
    1    6870       Data/single 17532095299584 1073741824 17533169041408    5914 21286959906816 100.00
    1    6871       Data/single 17533169041408 1073741824 17534242783232    5915 21288033648640  97.46
    1    6872       Data/single 17534242783232 1073741824 17535316525056    5916 21289107390464  90.73
    1    6873       Data/single 17536390266880 1073741824 17537464008704    5917 21291254874112 100.00
    1    6874       Data/single 17537464008704 1073741824 17538537750528    5918 21292328615936  89.00
    1    6875       Data/single 17539611492352 1073741824 17540685234176    5919 21294476099584 100.00
    1    6876       Data/single 17540685234176 1073741824 17541758976000    5920 21295549841408  89.78
    1    6878       Data/single 17543906459648 1073741824 17544980201472    5921 21297697325056 100.00
    1    6879       Data/single 17544980201472 1073741824 17546053943296    5922 21298771066880 100.00
    1    6880       Data/single 17546053943296 1073741824 17547127685120    5923 21299844808704  88.66
    1    6881       Data/single 17548201426944 1073741824 17549275168768    5924 21301992292352 100.00
    1    6882       Data/single 17549275168768 1073741824 17550348910592    5925 21303066034176 100.00
    1    6883       Data/single 17550348910592 1073741824 17551422652416    5926 21304139776000  91.96
    1    6887       Data/single 17555717619712 1073741824 17556791361536    5927 21306287259648 100.00
    1    7113       Data/single 17999240101888  949944320 18000190046208    5928 21493118337024  66.34
    1     668       Data/single   713003368448 1073741824   714077110272    5929 22947914711040  99.97
    1    6315       Data/single 10622566662144 1073741824 10623640403968    5930 22954357161984  99.90
    1    6263       Data/single 10241388314624 1073741824 10242462056448    5931 23221718876160  99.52
    1    6261       Data/single  9832292679680 1073741824  9833366421504    5932 23478343172096  97.09
    1    6258       Data/single  9728139722752 1073741824  9729213464576    5933 23493375557632  92.45
    1    6257       Data/single  9244955901952 1073741824  9246029643776    5934 23825161781248  90.99
    1     209       Data/single   220155871232 1073741824   221229613056    5935 23979780603904  99.87
    1     211       Data/single   222303354880 1073741824   223377096704    5936 23981928087552 100.00
    1     214       Data/single   225524580352 1073741824   226598322176    5937 23989444280320  91.66
    1     286       Data/single   302833991680 1073741824   303907733504    5938 24061384982528  90.00
    1     423       Data/single   449936621568 1073741824   451010363392    5939 24145136844800  89.18
    1     429       Data/single   456379072512 1073741824   457452814336    5940 24148358070272  99.98
    1     435       Data/single   462821523456 1073741824   463895265280    5941 24151579295744  95.36
    1     102       Data/single   105265496064 1073741824   106339237888    5942 24152653037568  99.99
    1      64       Data/single    64463306752 1073741824    65537048576    5943 24153726779392  76.24
    1     195       Data/single   205123485696 1073741824   206197227520    5944 24154800521216 100.00
    1     203       Data/single   213713420288 1073741824   214787162112    5945 24158021746688  99.98
    1     202       Data/single   212639678464 1073741824   213713420288    5946 24159095488512 100.00
    1     201       Data/single   211565936640 1073741824   212639678464    5947 24160169230336  99.98
    1     200       Data/single   210492194816 1073741824   211565936640    5948 24161242972160 100.00
    1     199       Data/single   209418452992 1073741824   210492194816    5949 24162316713984  99.98
    1     197       Data/single   207270969344 1073741824   208344711168    5950 24164464197632  99.84
    1     192       Data/single   201902260224 1073741824   202976002048    5951 24168759164928  99.98
    1     190       Data/single   199754776576 1073741824   200828518400    5952 24170906648576  99.95
    1     186       Data/single   195459809280 1073741824   196533551104    5953 24175201615872  99.55
    1     184       Data/single   193312325632 1073741824   194386067456    5954 24177349099520  87.96
    1     160       Data/single   167542521856 1073741824   168616263680    5955 24203118903296  48.44
    1     146       Data/single   152510136320 1073741824   153583878144    5956 24218151288832  48.71
    1     144       Data/single   150362652672 1073741824   151436394496    5957 24220298772480  53.53
    1     142       Data/single   148215169024 1073741824   149288910848    5958 24222446256128  43.47
    1     138       Data/single   143920201728 1073741824   144993943552    5959 24226741223424  45.39
    1     136       Data/single   141772718080 1073741824   142846459904    5960 24228888707072  40.62
    1     128       Data/single   133182783488 1073741824   134256525312    5961 24237478641664  42.94
    1     120       Data/single   124592848896 1073741824   125666590720    5962 24246068576256  42.61
    1     119       Data/single   123519107072 1073741824   124592848896    5963 24247142318080  82.48
    1     118       Data/single   122445365248 1073741824   123519107072    5964 24248216059904  99.92
    1     116       Data/single   120297881600 1073741824   121371623424    5965 24250363543552  99.83
    1     115       Data/single   119224139776 1073741824   120297881600    5966 24251437285376  62.14
    1     114       Data/single   118150397952 1073741824   119224139776    5967 24252511027200  99.98
    1     112       Data/single   116002914304 1073741824   117076656128    5968 24254658510848  90.51
    1     109       Data/single   112781688832 1073741824   113855430656    5969 24257879736320  71.30
    1     108       Data/single   111707947008 1073741824   112781688832    5970 24258953478144  99.94
    1     105       Data/single   108486721536 1073741824   109560463360    5971 24262174703616  81.59
    1     100       Data/single   103118012416 1073741824   104191754240    5972 24265395929088  99.98
    1      98       Data/single   100970528768 1073741824   102044270592    5973 24267543412736  66.62
    1      96       Data/single    98823045120 1073741824    99896786944    5974 24269690896384  47.18
    1      94       Data/single    96675561472 1073741824    97749303296    5975 24271838380032  40.23
    1      93       Data/single    95601819648 1073741824    96675561472    5976 24272912121856 100.00
    1      91       Data/single    93454336000 1073741824    94528077824    5977 24275059605504 100.00
    1      88       Data/single    90233110528 1073741824    91306852352    5978 24278280830976  75.87
    1      87       Data/single    89159368704 1073741824    90233110528    5979 24279354572800  43.52
    1      84       Data/single    85938143232 1073741824    87011885056    5980 24282575798272  99.95
    1      82       Data/single    83790659584 1073741824    84864401408    5981 24284723281920 100.00
    1     232       Data/single   244851933184 1073741824   245925675008    5982 24329820438528  99.44
    1     256       Data/single   270621736960 1073741824   271695478784    5983 24355590242304  99.97
    1     260       Data/single   274916704256 1073741824   275990446080    5984 24359885209600  99.98
    1     299       Data/single   316792635392 1073741824   317866377216    5985 24392097464320  99.97
    1     307       Data/single   325382569984 1073741824   326456311808    5986 24400687398912  99.38
    1     320       Data/single   339341213696 1073741824   340414955520    5987 24413572300800  82.69
    1     333       Data/single   353299857408 1073741824   354373599232    5988 24420014751744  40.53
    1     390       Data/single   414503141376 1073741824   415576883200    5989 24445784555520  49.70
    1     410       Data/single   435977977856 1073741824   437051719680    5990 24456521973760  80.81
    1     416       Data/single   442420428800 1073741824   443494170624    5991 24460816941056  44.26
    1     459       Data/single   488591327232 1073741824   489665069056    5992 24476923068416 100.00
    1    5715       Data/single  6798972026880 1073741824  6800045768704    5993 24710998786048  79.91
    1    5718   Metadata/DUP     6835479248896 1073741824  6836552990720    5994 24816225484800  30.02
    1    5719   Metadata/DUP     6836552990720 1073741824  6837626732544    5995 24816225484800  30.02
    1    5698       Data/single  6664754298880 1073741824  6665828040704    5996 24820520452096  75.13
    1    5687       Data/single  6575633727488 1073741824  6576707469312    5997 24889239928832  46.77
    1    5198       Data/single  5577053831168 1073741824  5578127572992    5998 24985876692992  99.05
    1    5179       Data/single  5556652736512 1073741824  5557726478336    5999 24995540369408  47.76
    1    5145       Data/single  5520145514496 1073741824  5521219256320    6000 25006277787648  63.83
    1    5147       Data/single  5522292998144 1073741824  5523366739968    6001 25010572754944  43.44
    1    5600       Data/single  6328673107968 1073741824  6329746849792    6002 25040637526016  54.47
    1    5583       Data/single  6273912274944 1073741824  6274986016768    6003 25064259846144  53.80
    1    5538       Data/single  6163316867072 1073741824  6164390608896    6004 25109357002752  99.71
    1    5606   Metadata/DUP     6359811620864 1073741824  6360885362688    6005 25158749126656  37.74
    1    5607   Metadata/DUP     6360885362688 1073741824  6361959104512    6006 25158749126656  37.74
    1    4921       Data/single  5279627345920 1073741824  5280701087744    6007 25645154172928 100.00
    1    5612   Metadata/DUP     6368401555456 1073741824  6369475297280    6008 25833058992128  20.58
    1    5613   Metadata/DUP     6369475297280 1073741824  6370549039104    6009 25833058992128  20.58
    1      60       Data/single    60168339456 1073741824    61242081280    6010 25834132733952  97.12
    1      61       Data/single    61242081280 1073741824    62315823104    6011 25835206475776   0.01
    1      62       Data/single    62315823104 1073741824    63389564928    6012 25836280217600  94.62
    1      63       Data/single    63389564928 1073741824    64463306752    6013 25837353959424   0.90
    1      65       Data/single    65537048576 1073741824    66610790400    6014 25838427701248   0.05
    1      66       Data/single    66610790400 1073741824    67684532224    6015 25839501443072   6.60
    1      67       Data/single    67684532224 1073741824    68758274048    6016 25840575184896   0.03
    1      68       Data/single    68758274048 1073741824    69832015872    6017 25841648926720   7.77
    1      69       Data/single    69832015872 1073741824    70905757696    6018 25842722668544   0.03
    1      70       Data/single    70905757696 1073741824    71979499520    6019 25843796410368  91.91
    1      71       Data/single    71979499520 1073741824    73053241344    6020 25844870152192   0.03
    1      72       Data/single    73053241344 1073741824    74126983168    6021 25845943894016  97.99
    1      73       Data/single    74126983168 1073741824    75200724992    6022 25847017635840   0.03
    1      74       Data/single    75200724992 1073741824    76274466816    6023 25848091377664  97.65
    1      75       Data/single    76274466816 1073741824    77348208640    6024 25849165119488   0.04
    1      76       Data/single    77348208640 1073741824    78421950464    6025 25850238861312 100.00
    1      77       Data/single    78421950464 1073741824    79495692288    6026 25851312603136   3.76
    1      78       Data/single    79495692288 1073741824    80569434112    6027 25852386344960   0.01
    1      79       Data/single    80569434112 1073741824    81643175936    6028 25853460086784  88.39
    1      80       Data/single    81643175936 1073741824    82716917760    6029 25854533828608   0.03
    1      81       Data/single    82716917760 1073741824    83790659584    6030 25855607570432  97.16
    1      83       Data/single    84864401408 1073741824    85938143232    6031 25856681312256   0.03
    1      85       Data/single    87011885056 1073741824    88085626880    6032 25857755054080  96.44
    1      86       Data/single    88085626880 1073741824    89159368704    6033 25858828795904   0.02
    1      89       Data/single    91306852352 1073741824    92380594176    6034 25859902537728  92.51
    1      90       Data/single    92380594176 1073741824    93454336000    6035 25860976279552   0.02
    1      92       Data/single    94528077824 1073741824    95601819648    6036 25862050021376 100.00
    1      95       Data/single    97749303296 1073741824    98823045120    6037 25863123763200  90.84
    1      97       Data/single    99896786944 1073741824   100970528768    6038 25864197505024   0.01
    1      99       Data/single   102044270592 1073741824   103118012416    6039 25865271246848  99.13
    1     101       Data/single   104191754240 1073741824   105265496064    6040 25866344988672   0.01
    1     104       Data/single   107412979712 1073741824   108486721536    6041 25867418730496  87.76
    1     106       Data/single   109560463360 1073741824   110634205184    6042 25868492472320   0.03
    1     107       Data/single   110634205184 1073741824   111707947008    6043 25869566214144  89.38
    1     110       Data/single   113855430656 1073741824   114929172480    6044 25870639955968   0.04
    1     111       Data/single   114929172480 1073741824   116002914304    6045 25871713697792  97.95
    1     113       Data/single   117076656128 1073741824   118150397952    6046 25872787439616   0.01
    1     117       Data/single   121371623424 1073741824   122445365248    6047 25873861181440  88.17
    1     121       Data/single   125666590720 1073741824   126740332544    6048 25874934923264   0.04
    1     122       Data/single   126740332544 1073741824   127814074368    6049 25876008665088  99.43
    1     123       Data/single   127814074368 1073741824   128887816192    6050 25877082406912   0.04
    1     124       Data/single   128887816192 1073741824   129961558016    6051 25878156148736  92.30
    1     125       Data/single   129961558016 1073741824   131035299840    6052 25879229890560   0.03
    1     126       Data/single   131035299840 1073741824   132109041664    6053 25880303632384 100.00
    1     127       Data/single   132109041664 1073741824   133182783488    6054 25881377374208  10.83
    1     129       Data/single   134256525312 1073741824   135330267136    6055 25882451116032   0.02
    1     130       Data/single   135330267136 1073741824   136404008960    6056 25883524857856  99.95
    1     131       Data/single   136404008960 1073741824   137477750784    6057 25884598599680   0.05
    1     132       Data/single   137477750784 1073741824   138551492608    6058 25885672341504  24.45
    1     133       Data/single   138551492608 1073741824   139625234432    6059 25886746083328  93.74
    1     134       Data/single   139625234432 1073741824   140698976256    6060 25887819825152   0.07
    1     135       Data/single   140698976256 1073741824   141772718080    6061 25888893566976   6.99
    1     137       Data/single   142846459904 1073741824   143920201728    6062 25889967308800   0.04
    1     139       Data/single   144993943552 1073741824   146067685376    6063 25891041050624  11.54
    1     140       Data/single   146067685376 1073741824   147141427200    6064 25892114792448   0.01
    1     141       Data/single   147141427200 1073741824   148215169024    6065 25893188534272  97.60
    1     143       Data/single   149288910848 1073741824   150362652672    6066 25894262276096   0.11
    1     145       Data/single   151436394496 1073741824   152510136320    6067 25895336017920   0.03
    1     147       Data/single   153583878144 1073741824   154657619968    6068 25896409759744 100.00
    1     148       Data/single   154657619968 1073741824   155731361792    6069 25897483501568  90.67
    1     149       Data/single   155731361792 1073741824   156805103616    6070 25898557243392   0.01
    1     150       Data/single   156805103616 1073741824   157878845440    6071 25899630985216  95.00
    1     151       Data/single   157878845440 1073741824   158952587264    6072 25900704727040   0.01
    1     152       Data/single   158952587264 1073741824   160026329088    6073 25901778468864  98.81
    1     153       Data/single   160026329088 1073741824   161100070912    6074 25902852210688   0.04
    1     154       Data/single   161100070912 1073741824   162173812736    6075 25903925952512  96.25
    1     155       Data/single   162173812736 1073741824   163247554560    6076 25904999694336   0.02
    1     156       Data/single   163247554560 1073741824   164321296384    6077 25906073436160  98.73
    1     157       Data/single   164321296384 1073741824   165395038208    6078 25907147177984  13.05
    1     158       Data/single   165395038208 1073741824   166468780032    6079 25908220919808   0.01
    1     159       Data/single   166468780032 1073741824   167542521856    6080 25909294661632 100.00
    1     161       Data/single   168616263680 1073741824   169690005504    6081 25910368403456  93.47
    1     162       Data/single   169690005504 1073741824   170763747328    6082 25911442145280   0.01
    1     163       Data/single   170763747328 1073741824   171837489152    6083 25912515887104  99.57
    1     164       Data/single   171837489152 1073741824   172911230976    6084 25913589628928   0.02
    1     165       Data/single   172911230976 1073741824   173984972800    6085 25914663370752  92.21
    1     166       Data/single   173984972800 1073741824   175058714624    6086 25915737112576   0.01
    1     167       Data/single   175058714624 1073741824   176132456448    6087 25916810854400 100.00
    1     168       Data/single   176132456448 1073741824   177206198272    6088 25917884596224   6.16
    1     169       Data/single   177206198272 1073741824   178279940096    6089 25918958338048   0.05
    1     170       Data/single   178279940096 1073741824   179353681920    6090 25920032079872 100.00
    1     171       Data/single   179353681920 1073741824   180427423744    6091 25921105821696   4.26
    1     172       Data/single   180427423744 1073741824   181501165568    6092 25922179563520   0.01
    1     173       Data/single   181501165568 1073741824   182574907392    6093 25923253305344  90.01
    1     174       Data/single   182574907392 1073741824   183648649216    6094 25924327047168   0.36
    1     175       Data/single   183648649216 1073741824   184722391040    6095 25925400788992  92.32
    1     176       Data/single   184722391040 1073741824   185796132864    6096 25926474530816   0.04
    1     177       Data/single   185796132864 1073741824   186869874688    6097 25927548272640  95.02
    1     178       Data/single   186869874688 1073741824   187943616512    6098 25928622014464   0.03
    1     179       Data/single   187943616512 1073741824   189017358336    6099 25929695756288  96.10
    1     180       Data/single   189017358336 1073741824   190091100160    6100 25930769498112   0.06
    1     181       Data/single   190091100160 1073741824   191164841984    6101 25931843239936  93.18
    1     182       Data/single   191164841984 1073741824   192238583808    6102 25932916981760   0.02
    1     183       Data/single   192238583808 1073741824   193312325632    6103 25933990723584  90.35
    1     185       Data/single   194386067456 1073741824   195459809280    6104 25935064465408   0.05
    1     187       Data/single   196533551104 1073741824   197607292928    6105 25936138207232  92.83
    1     188       Data/single   197607292928 1073741824   198681034752    6106 25937211949056   0.04
    1     189       Data/single   198681034752 1073741824   199754776576    6107 25938285690880  98.58
    1     191       Data/single   200828518400 1073741824   201902260224    6108 25939359432704   0.02
    1     193       Data/single   202976002048 1073741824   204049743872    6109 25940433174528  94.30
    1     194       Data/single   204049743872 1073741824   205123485696    6110 25941506916352   0.04
    1     196       Data/single   206197227520 1073741824   207270969344    6111 25942580658176  83.58
    1     198       Data/single   208344711168 1073741824   209418452992    6112 25943654400000   0.09
    1     205       Data/single   215860903936 1073741824   216934645760    6113 25944728141824  83.14
    1     206       Data/single   216934645760 1073741824   218008387584    6114 25945801883648   0.02
    1     207       Data/single   218008387584 1073741824   219082129408    6115 25946875625472  96.81
    1     208       Data/single   219082129408 1073741824   220155871232    6116 25947949367296   0.07
    1     210       Data/single   221229613056 1073741824   222303354880    6117 25949023109120  92.54
    1     212       Data/single   223377096704 1073741824   224450838528    6118 25950096850944   0.01
    1     213       Data/single   224450838528 1073741824   225524580352    6119 25951170592768  93.85
    1     215       Data/single   226598322176 1073741824   227672064000    6120 25952244334592  26.96
    1     216       Data/single   227672064000 1073741824   228745805824    6121 25953318076416   0.06
    1     217       Data/single   228745805824 1073741824   229819547648    6122 25954391818240  98.29
    1     218       Data/single   229819547648 1073741824   230893289472    6123 25955465560064   0.03
    1     219       Data/single   230893289472 1073741824   231967031296    6124 25956539301888 100.00
    1     220       Data/single   231967031296 1073741824   233040773120    6125 25957613043712 100.00
    1     221       Data/single   233040773120 1073741824   234114514944    6126 25958686785536   0.00
    1     222       Data/single   234114514944 1073741824   235188256768    6127 25959760527360  96.11
    1     224       Data/single   236261998592 1073741824   237335740416    6128 25960834269184   0.02
    1     225       Data/single   237335740416 1073741824   238409482240    6129 25961908011008  88.35
    1     226       Data/single   238409482240 1073741824   239483224064    6130 25962981752832   0.01
    1     227       Data/single   239483224064 1073741824   240556965888    6131 25964055494656   0.39
    1     228       Data/single   240556965888 1073741824   241630707712    6132 25965129236480   0.00
    1     229       Data/single   241630707712 1073741824   242704449536    6133 25966202978304   0.01
    1     230       Data/single   242704449536 1073741824   243778191360    6134 25967276720128   0.00
    1     231       Data/single   243778191360 1073741824   244851933184    6135 25968350461952   0.14
    1     233       Data/single   245925675008 1073741824   246999416832    6136 25969424203776   0.00
    1     234       Data/single   246999416832 1073741824   248073158656    6137 25970497945600   0.26
    1     235       Data/single   248073158656 1073741824   249146900480    6138 25971571687424   0.00
    1     236       Data/single   249146900480 1073741824   250220642304    6139 25972645429248  96.89
    1     237       Data/single   250220642304 1073741824   251294384128    6140 25973719171072   0.01
    1     238       Data/single   251294384128 1073741824   252368125952    6141 25974792912896   0.84
    1     239       Data/single   252368125952 1073741824   253441867776    6142 25975866654720   0.00
    1     240       Data/single   253441867776 1073741824   254515609600    6143 25976940396544   0.17
    1     241       Data/single   254515609600 1073741824   255589351424    6144 25978014138368   0.00
    1     242       Data/single   255589351424 1073741824   256663093248    6145 25979087880192  91.48
    1     243       Data/single   256663093248 1073741824   257736835072    6146 25980161622016   0.02
    1     244       Data/single   257736835072 1073741824   258810576896    6147 25981235363840  95.96
    1     245       Data/single   258810576896 1073741824   259884318720    6148 25982309105664   0.02
    1     246       Data/single   259884318720 1073741824   260958060544    6149 25983382847488  92.49
    1     247       Data/single   260958060544 1073741824   262031802368    6150 25984456589312   0.41
    1     248       Data/single   262031802368 1073741824   263105544192    6151 25985530331136  93.71
    1     249       Data/single   263105544192 1073741824   264179286016    6152 25986604072960   0.01
    1     250       Data/single   264179286016 1073741824   265253027840    6153 25987677814784 100.00
    1     251       Data/single   265253027840 1073741824   266326769664    6154 25988751556608 100.00
    1     252       Data/single   266326769664 1073741824   267400511488    6155 25989825298432   0.58
    1     253       Data/single   267400511488 1073741824   268474253312    6156 25990899040256   0.01
    1     254       Data/single   268474253312 1073741824   269547995136    6157 25991972782080  95.22
    1     255       Data/single   269547995136 1073741824   270621736960    6158 25993046523904   0.02
    1     257       Data/single   271695478784 1073741824   272769220608    6159 25994120265728  90.35
    1     258       Data/single   272769220608 1073741824   273842962432    6160 25995194007552   0.02
    1     259       Data/single   273842962432 1073741824   274916704256    6161 25996267749376  91.22
    1     261       Data/single   275990446080 1073741824   277064187904    6162 25997341491200   0.02
    1     263       Data/single   278137929728 1073741824   279211671552    6163 25998415233024  94.14
    1     264       Data/single   279211671552 1073741824   280285413376    6164 25999488974848   0.03
    1     265       Data/single   280285413376 1073741824   281359155200    6165 26000562716672  96.51
    1     266       Data/single   281359155200 1073741824   282432897024    6166 26001636458496   0.02
    1     267       Data/single   282432897024 1073741824   283506638848    6167 26002710200320  89.58
    1     268       Data/single   283506638848 1073741824   284580380672    6168 26003783942144   0.01
    1     269       Data/single   284580380672 1073741824   285654122496    6169 26004857683968   1.52
    1     271       Data/single   286727864320 1073741824   287801606144    6170 26005931425792   0.05
    1     272       Data/single   287801606144 1073741824   288875347968    6171 26007005167616  99.39
    1     273       Data/single   288875347968 1073741824   289949089792    6172 26008078909440   0.02
    1     274       Data/single   289949089792 1073741824   291022831616    6173 26009152651264   1.23
    1     275       Data/single   291022831616 1073741824   292096573440    6174 26010226393088   0.02
    1     276       Data/single   292096573440 1073741824   293170315264    6175 26011300134912  98.59
    1     277       Data/single   293170315264 1073741824   294244057088    6176 26012373876736   0.02
    1     278       Data/single   294244057088 1073741824   295317798912    6177 26013447618560  95.73
    1     279       Data/single   295317798912 1073741824   296391540736    6178 26014521360384   0.01
    1     280       Data/single   296391540736 1073741824   297465282560    6179 26015595102208  89.86
    1     281       Data/single   297465282560 1073741824   298539024384    6180 26016668844032   0.01
    1     282       Data/single   298539024384 1073741824   299612766208    6181 26017742585856  93.14
    1     284       Data/single   300686508032 1073741824   301760249856    6182 26018816327680   0.18
    1     287       Data/single   303907733504 1073741824   304981475328    6183 26019890069504   0.01
    1     289       Data/single   306055217152 1073741824   307128958976    6184 26020963811328 100.00
    1     290       Data/single   307128958976 1073741824   308202700800    6185 26022037553152   0.02
    1     292       Data/single   309276442624 1073741824   310350184448    6186 26023111294976   0.01
    1     293       Data/single   310350184448 1073741824   311423926272    6187 26024185036800   0.16
    1     294       Data/single   311423926272 1073741824   312497668096    6188 26025258778624   0.01
    1     295       Data/single   312497668096 1073741824   313571409920    6189 26026332520448  94.78
    1     297       Data/single   314645151744 1073741824   315718893568    6190 26027406262272   0.01
    1     300       Data/single   317866377216 1073741824   318940119040    6191 26028480004096  89.10
    1     301       Data/single   318940119040 1073741824   320013860864    6192 26029553745920   0.03
    1     302       Data/single   320013860864 1073741824   321087602688    6193 26030627487744  90.67
    1     303       Data/single   321087602688 1073741824   322161344512    6194 26031701229568   0.04
    1     304       Data/single   322161344512 1073741824   323235086336    6195 26032774971392  96.57
    1     305       Data/single   323235086336 1073741824   324308828160    6196 26033848713216   0.04
    1     306       Data/single   324308828160 1073741824   325382569984    6197 26034922455040  85.78
    1     308       Data/single   326456311808 1073741824   327530053632    6198 26035996196864   0.30
    1     309       Data/single   327530053632 1073741824   328603795456    6199 26037069938688   0.03
    1     310       Data/single   328603795456 1073741824   329677537280    6200 26038143680512   0.14
    1     311       Data/single   329677537280 1073741824   330751279104    6201 26039217422336 100.00
    1     313       Data/single   331825020928 1073741824   332898762752    6202 26040291164160  87.50
    1     314       Data/single   332898762752 1073741824   333972504576    6203 26041364905984   0.48
    1     315       Data/single   333972504576 1073741824   335046246400    6204 26042438647808   0.00
    1     316       Data/single   335046246400 1073741824   336119988224    6205 26043512389632  98.40
    1     317       Data/single   336119988224 1073741824   337193730048    6206 26044586131456   0.02
    1     318       Data/single   337193730048 1073741824   338267471872    6207 26045659873280   0.01
    1     319       Data/single   338267471872 1073741824   339341213696    6208 26046733615104  91.95
    1     321       Data/single   340414955520 1073741824   341488697344    6209 26047807356928   0.00
    1     322       Data/single   341488697344 1073741824   342562439168    6210 26048881098752   0.17
    1     325       Data/single   344709922816 1073741824   345783664640    6211 26049954840576   0.01
    1     330       Data/single   350078631936 1073741824   351152373760    6212 26051028582400   0.15
    1     332       Data/single   352226115584 1073741824   353299857408    6213 26052102324224   0.01
    1     335       Data/single   355447341056 1073741824   356521082880    6214 26053176066048  87.59
    1     337       Data/single   357594824704 1073741824   358668566528    6215 26054249807872   0.01
    1     340       Data/single   360816050176 1073741824   361889792000    6216 26055323549696  93.60
    1     342       Data/single   362963533824 1073741824   364037275648    6217 26056397291520   0.01
    1     346       Data/single   367258501120 1073741824   368332242944    6218 26057471033344  32.01
    1     347       Data/single   368332242944 1073741824   369405984768    6219 26058544775168   0.01
    1     349       Data/single   370479726592 1073741824   371553468416    6220 26059618516992   0.19
    1     351       Data/single   372627210240 1073741824   373700952064    6221 26060692258816   0.00
    1     354       Data/single   375848435712 1073741824   376922177536    6222 26061766000640  32.02
    1     356       Data/single   377995919360 1073741824   379069661184    6223 26062839742464   0.02
    1     358       Data/single   380143403008 1073741824   381217144832    6224 26063913484288  90.80
    1     359       Data/single   381217144832 1073741824   382290886656    6225 26064987226112   0.02
    1     360       Data/single   382290886656 1073741824   383364628480    6226 26066060967936  63.17
    1     369       Data/single   391954563072 1073741824   393028304896    6227 26067134709760   0.02
    1     371       Data/single   394102046720 1073741824   395175788544    6228 26068208451584  10.69
    1     374       Data/single   397323272192 1073741824   398397014016    6229 26069282193408   0.01
    1     376       Data/single   399470755840 1073741824   400544497664    6230 26070355935232   0.02
    1     377       Data/single   400544497664 1073741824   401618239488    6231 26071429677056  17.46
    1     379       Data/single   402691981312 1073741824   403765723136    6232 26072503418880   0.02
    1     381       Data/single   404839464960 1073741824   405913206784    6233 26073577160704   6.89
    1     382       Data/single   405913206784 1073741824   406986948608    6234 26074650902528   0.02
    1     384       Data/single   408060690432 1073741824   409134432256    6235 26075724644352  37.50
    1     386       Data/single   410208174080 1073741824   411281915904    6236 26076798386176   0.01
    1     387       Data/single   411281915904 1073741824   412355657728    6237 26077872128000  54.73
    1     393       Data/single   417724366848 1073741824   418798108672    6238 26078945869824   0.21
    1     395       Data/single   419871850496 1073741824   420945592320    6239 26080019611648  99.03
    1     396       Data/single   420945592320 1073741824   422019334144    6240 26081093353472   0.01
    1     398       Data/single   423093075968 1073741824   424166817792    6241 26082167095296  31.02
    1     400       Data/single   425240559616 1073741824   426314301440    6242 26083240837120   0.02
    1     402       Data/single   427388043264 1073741824   428461785088    6243 26084314578944  37.50
    1     404       Data/single   429535526912 1073741824   430609268736    6244 26085388320768   0.02
    1     407       Data/single   432756752384 1073741824   433830494208    6245 26086462062592  30.45
    1     408       Data/single   433830494208 1073741824   434904236032    6246 26087535804416   0.01
    1     411       Data/single   437051719680 1073741824   438125461504    6247 26088609546240   0.83
    1     413       Data/single   439199203328 1073741824   440272945152    6248 26089683288064   0.01
    1     415       Data/single   441346686976 1073741824   442420428800    6249 26090757029888  79.18
    1     418       Data/single   444567912448 1073741824   445641654272    6250 26091830771712   0.50
    1     419       Data/single   445641654272 1073741824   446715396096    6251 26092904513536   0.01
    1     421       Data/single   447789137920 1073741824   448862879744    6252 26093978255360   5.16
    1     425       Data/single   452084105216 1073741824   453157847040    6253 26095051997184   0.01
    1     427       Data/single   454231588864 1073741824   455305330688    6254 26096125739008   2.03
    1     431       Data/single   458526556160 1073741824   459600297984    6255 26097199480832   0.02
    1     433       Data/single   460674039808 1073741824   461747781632    6256 26098273222656   0.00
    1     436       Data/single   463895265280 1073741824   464969007104    6257 26099346964480   4.54
    1     438       Data/single   466042748928 1073741824   467116490752    6258 26100420706304   0.01
    1     441       Data/single   469263974400 1073741824   470337716224    6259 26101494448128   1.67
    1     443       Data/single   471411458048 1073741824   472485199872    6260 26102568189952   0.01
    1     444       Data/single   472485199872 1073741824   473558941696    6261 26103641931776   0.00
    1     446       Data/single   474632683520 1073741824   475706425344    6262 26104715673600   0.94
    1     448       Data/single   476780167168 1073741824   477853908992    6263 26105789415424   0.01
    1     452       Data/single   481075134464 1073741824   482148876288    6264 26106863157248   0.56
    1     463       Data/single   492886294528 1073741824   493960036352    6265 26107936899072   0.01
    1     469       Data/single   499328745472 1073741824   500402487296    6266 26109010640896   1.09
    1     472       Data/single   502549970944 1073741824   503623712768    6267 26110084382720   0.01
    1     473       Data/single   503623712768 1073741824   504697454592    6268 26111158124544   3.39
    1     476       Data/single   506844938240 1073741824   507918680064    6269 26112231866368   0.02
    1     477       Data/single   507918680064 1073741824   508992421888    6270 26113305608192   0.00
    1     479       Data/single   510066163712 1073741824   511139905536    6271 26114379350016   1.77
    1     481       Data/single   512213647360 1073741824   513287389184    6272 26115453091840   0.01
    1     483       Data/single   514361131008 1073741824   515434872832    6273 26116526833664   2.35
    1     485       Data/single   516508614656 1073741824   517582356480    6274 26117600575488   0.01
    1     487       Data/single   518656098304 1073741824   519729840128    6275 26118674317312   0.48
    1     489       Data/single   520803581952 1073741824   521877323776    6276 26119748059136   0.01
    1     491       Data/single   522951065600 1073741824   524024807424    6277 26120821800960   1.15
    1     493       Data/single   525098549248 1073741824   526172291072    6278 26121895542784   0.01
    1     496       Data/single   528319774720 1073741824   529393516544    6279 26122969284608   0.00
    1     503       Data/single   535835967488 1073741824   536909709312    6280 26124043026432   1.63
    1     507       Data/single   540130934784 1073741824   541204676608    6281 26125116768256   0.01
    1     508       Data/single   541204676608 1073741824   542278418432    6282 26126190510080   0.53
    1     513       Data/single   546573385728 1073741824   547647127552    6283 26127264251904   0.01
    1     514       Data/single   547647127552 1073741824   548720869376    6284 26128337993728   1.27
    1     515       Data/single   548720869376 1073741824   549794611200    6285 26129411735552   0.01
    1     516       Data/single   549794611200 1073741824   550868353024    6286 26130485477376   0.00
    1     519       Data/single   553015836672 1073741824   554089578496    6287 26131559219200   2.65
    1     521       Data/single   555163320320 1073741824   556237062144    6288 26132632961024   0.01
    1     524       Data/single   558384545792 1073741824   559458287616    6289 26133706702848   0.00
    1     525       Data/single   559458287616 1073741824   560532029440    6290 26134780444672   2.15
    1     527       Data/single   561605771264 1073741824   562679513088    6291 26135854186496   0.01
    1     528       Data/single   562679513088 1073741824   563753254912    6292 26136927928320  29.59
    1     530       Data/single   564826996736 1073741824   565900738560    6293 26138001670144   0.01
    1     531       Data/single   565900738560 1073741824   566974480384    6294 26139075411968   2.18
    1     534       Data/single   569121964032 1073741824   570195705856    6295 26140149153792   0.01
    1     538       Data/single   573416931328 1073741824   574490673152    6296 26141222895616   0.00
    1     540       Data/single   575564414976 1073741824   576638156800    6297 26142296637440   1.90
    1     542       Data/single   577711898624 1073741824   578785640448    6298 26143370379264   0.01
    1     553       Data/single   589523058688 1073741824   590596800512    6299 26144444121088   0.01
    1     554       Data/single   590596800512 1073741824   591670542336    6300 26145517862912   1.92
    1     559       Data/single   595965509632 1073741824   597039251456    6301 26146591604736   0.01
    1     561       Data/single   598112993280 1073741824   599186735104    6302 26147665346560   0.51
    1     571       Data/single   608850411520 1073741824   609924153344    6303 26148739088384   0.01
    1     573       Data/single   610997895168 1073741824   612071636992    6304 26149812830208   2.50
    1     577       Data/single   615292862464 1073741824   616366604288    6305 26150886572032   0.01
    1     578       Data/single   616366604288 1073741824   617440346112    6306 26151960313856   0.00
    1     580       Data/single   618514087936 1073741824   619587829760    6307 26153034055680   0.92
    1     583       Data/single   621735313408 1073741824   622809055232    6308 26154107797504   0.01
    1     585       Data/single   623882797056 1073741824   624956538880    6309 26155181539328   1.44
    1     586       Data/single   624956538880 1073741824   626030280704    6310 26156255281152   0.01
    1     587       Data/single   626030280704 1073741824   627104022528    6311 26157329022976   0.57
    1     592       Data/single   631398989824 1073741824   632472731648    6312 26158402764800   0.01
    1     598       Data/single   637841440768 1073741824   638915182592    6313 26159476506624   0.77
    1     602       Data/single   642136408064 1073741824   643210149888    6314 26160550248448   0.01
    1     615       Data/single   656095051776 1073741824   657168793600    6315 26161623990272   0.44
    1     617       Data/single   658242535424 1073741824   659316277248    6316 26162697732096   0.00
    1     619       Data/single   660390019072 1073741824   661463760896    6317 26163771473920   0.41
    1     621       Data/single   662537502720 1073741824   663611244544    6318 26164845215744   0.01
    1     623       Data/single   664684986368 1073741824   665758728192    6319 26165918957568   0.63
    1     624       Data/single   665758728192 1073741824   666832470016    6320 26166992699392   0.01
    1     626       Data/single   667906211840 1073741824   668979953664    6321 26168066441216   0.44
    1     628       Data/single   670053695488 1073741824   671127437312    6322 26169140183040   0.01
    1     630       Data/single   672201179136 1073741824   673274920960    6323 26170213924864   2.41
    1     632       Data/single   674348662784 1073741824   675422404608    6324 26171287666688   0.01
    1     633       Data/single   675422404608 1073741824   676496146432    6325 26172361408512   0.29
    1     635       Data/single   677569888256 1073741824   678643630080    6326 26173435150336   0.01
    1     636       Data/single   678643630080 1073741824   679717371904    6327 26174508892160   0.57
    1     637       Data/single   679717371904 1073741824   680791113728    6328 26175582633984   0.02
    1     639       Data/single   681864855552 1073741824   682938597376    6329 26176656375808   0.99
    1     647       Data/single   690454790144 1073741824   691528531968    6330 26177730117632   0.01
    1     648       Data/single   691528531968 1073741824   692602273792    6331 26178803859456   0.57
    1     651       Data/single   694749757440 1073741824   695823499264    6332 26179877601280   0.01
    1     655       Data/single   699044724736 1073741824   700118466560    6333 26180951343104   0.32
    1     657       Data/single   701192208384 1073741824   702265950208    6334 26182025084928   0.01
    1     663       Data/single   707634659328 1073741824   708708401152    6335 26183098826752   1.21
    1     664       Data/single   708708401152 1073741824   709782142976    6336 26184172568576   0.01
    1     669       Data/single   714077110272 1073741824   715150852096    6337 26185246310400   1.03
    1     671       Data/single   716224593920 1073741824   717298335744    6338 26186320052224   0.01
    1     674       Data/single   719445819392 1073741824   720519561216    6339 26187393794048   1.02
    1     683       Data/single   729109495808 1073741824   730183237632    6340 26188467535872   0.01
    1     685       Data/single   731256979456 1073741824   732330721280    6341 26189541277696   0.42
    1     690       Data/single   736625688576 1073741824   737699430400    6342 26190615019520   0.00
    1     694       Data/single   740920655872 1073741824   741994397696    6343 26191688761344   0.97
    1     702       Data/single   749510590464 1073741824   750584332288    6344 26192762503168   0.01
    1     704       Data/single   751658074112 1073741824   752731815936    6345 26193836244992  16.13
    1     707       Data/single   754879299584 1073741824   755953041408    6346 26194909986816   0.01
    1     709       Data/single   757026783232 1073741824   758100525056    6347 26195983728640   0.83
    1     711       Data/single   759174266880 1073741824   760248008704    6348 26197057470464   0.01
    1     714       Data/single   762395492352 1073741824   763469234176    6349 26198131212288   1.93
    1     716       Data/single   764542976000 1073741824   765616717824    6350 26199204954112   0.01
    1     721       Data/single   769911685120 1073741824   770985426944    6351 26200278695936   1.57
    1     723       Data/single   772059168768 1073741824   773132910592    6352 26201352437760   0.01
    1     726       Data/single   775280394240 1073741824   776354136064    6353 26202426179584   0.00
    1     730       Data/single   779575361536 1073741824   780649103360    6354 26203499921408   0.52
    1     731       Data/single   780649103360 1073741824   781722845184    6355 26204573663232   0.01
    1     732       Data/single   781722845184 1073741824   782796587008    6356 26205647405056  12.50
    1     733       Data/single   782796587008 1073741824   783870328832    6357 26206721146880   0.76
    1     735       Data/single   784944070656 1073741824   786017812480    6358 26207794888704   0.01
    1     737       Data/single   787091554304 1073741824   788165296128    6359 26208868630528   0.74
    1     739       Data/single   789239037952 1073741824   790312779776    6360 26209942372352   9.88
    1     740       Data/single   790312779776 1073741824   791386521600    6361 26211016114176   0.01
    1     741       Data/single   791386521600 1073741824   792460263424    6362 26212089856000   0.00
    1     743       Data/single   793534005248 1073741824   794607747072    6363 26213163597824   0.59
    1     747       Data/single   797828972544 1073741824   798902714368    6364 26214237339648   0.01
    1     749       Data/single   799976456192 1073741824   801050198016    6365 26215311081472   0.55
    1     751       Data/single   802123939840 1073741824   803197681664    6366 26216384823296   0.01
    1     753       Data/single   804271423488 1073741824   805345165312    6367 26217458565120   0.50
    1     756       Data/single   807492648960 1073741824   808566390784    6368 26218532306944   0.02
    1     762       Data/single   813935099904 1073741824   815008841728    6369 26219606048768   0.79
    1     764       Data/single   816082583552 1073741824   817156325376    6370 26220679790592   0.01
    1     772       Data/single   824672518144 1073741824   825746259968    6371 26221753532416   0.52
    1     774       Data/single   826820001792 1073741824   827893743616    6372 26222827274240   0.01
    1     775       Data/single   827893743616 1073741824   828967485440    6373 26223901016064   0.75
    1     777       Data/single   830041227264 1073741824   831114969088    6374 26224974757888   0.01
    1     778       Data/single   831114969088 1073741824   832188710912    6375 26226048499712   0.75
    1     780       Data/single   833262452736 1073741824   834336194560    6376 26227122241536   0.02
    1     781       Data/single   834336194560 1073741824   835409936384    6377 26228195983360   1.45
    1     784       Data/single   837557420032 1073741824   838631161856    6378 26229269725184   0.02
    1     786       Data/single   839704903680 1073741824   840778645504    6379 26230343467008   2.06
    1     788       Data/single   841852387328 1073741824   842926129152    6380 26231417208832   0.01
    1     789       Data/single   842926129152 1073741824   843999870976    6381 26232490950656   1.70
    1     793       Data/single   847221096448 1073741824   848294838272    6382 26233564692480   0.01
    1     795       Data/single   849368580096 1073741824   850442321920    6383 26234638434304   1.74
    1     796       Data/single   850442321920 1073741824   851516063744    6384 26235712176128   0.02
    1     798       Data/single   852589805568 1073741824   853663547392    6385 26236785917952   0.00
    1     799       Data/single   853663547392 1073741824   854737289216    6386 26237859659776   0.97
    1     801       Data/single   855811031040 1073741824   856884772864    6387 26238933401600   0.01
    1     802       Data/single   856884772864 1073741824   857958514688    6388 26240007143424   0.51
    1     803       Data/single   857958514688 1073741824   859032256512    6389 26241080885248   0.01
    1     804       Data/single   859032256512 1073741824   860105998336    6390 26242154627072   0.75
    1     806       Data/single   861179740160 1073741824   862253481984    6391 26243228368896   0.01
    1     810       Data/single   865474707456 1073741824   866548449280    6392 26244302110720   2.36
    1     815       Data/single   870843416576 1073741824   871917158400    6393 26245375852544   0.01
    1     816       Data/single   871917158400 1073741824   872990900224    6394 26246449594368   3.74
    1     817       Data/single   872990900224 1073741824   874064642048    6395 26247523336192   0.01
    1     818       Data/single   874064642048 1073741824   875138383872    6396 26248597078016   0.00
    1     820       Data/single   876212125696 1073741824   877285867520    6397 26249670819840   3.54
    1     822       Data/single   878359609344 1073741824   879433351168    6398 26250744561664   0.02
    1     823       Data/single   879433351168 1073741824   880507092992    6399 26251818303488   0.00
    1     825       Data/single   881580834816 1073741824   882654576640    6400 26252892045312   0.65
    1     827       Data/single   883728318464 1073741824   884802060288    6401 26253965787136   0.01
    1     829       Data/single   885875802112 1073741824   886949543936    6402 26255039528960   0.37
    1     832       Data/single   889097027584 1073741824   890170769408    6403 26256113270784   0.01
    1     834       Data/single   891244511232 1073741824   892318253056    6404 26257187012608   1.48
    1     840       Data/single   897686962176 1073741824   898760704000    6405 26258260754432   0.01
    1     842       Data/single   899834445824 1073741824   900908187648    6406 26259334496256   2.83
    1     844       Data/single   901981929472 1073741824   903055671296    6407 26260408238080   0.00
    1     845       Data/single   903055671296 1073741824   904129413120    6408 26261481979904   2.83
    1     847       Data/single   905203154944 1073741824   906276896768    6409 26262555721728   0.01
    1     850       Data/single   908424380416 1073741824   909498122240    6410 26263629463552   0.80
    1     854       Data/single   912719347712 1073741824   913793089536    6411 26264703205376   0.01
    1     857       Data/single   915940573184 1073741824   917014315008    6412 26265776947200   0.53
    1     858       Data/single   917014315008 1073741824   918088056832    6413 26266850689024   0.01
    1     859       Data/single   918088056832 1073741824   919161798656    6414 26267924430848   0.41
    1     863       Data/single   922383024128 1073741824   923456765952    6415 26268998172672   0.00
    1     865       Data/single   924530507776 1073741824   925604249600    6416 26270071914496   0.59
    1     870       Data/single   929899216896 1073741824   930972958720    6417 26271145656320   0.01
    1     880       Data/single   940636635136 1073741824   941710376960    6418 26272219398144   0.54
    1     884       Data/single   944931602432 1073741824   946005344256    6419 26273293139968   0.02
    1     887       Data/single   948152827904 1073741824   949226569728    6420 26274366881792   0.98
    1     891       Data/single   952447795200 1073741824   953521537024    6421 26275440623616   0.01
    1     892       Data/single   953521537024 1073741824   954595278848    6422 26276514365440   0.67
    1     894       Data/single   955669020672 1073741824   956742762496    6423 26277588107264   0.01
    1     895       Data/single   956742762496 1073741824   957816504320    6424 26278661849088   1.85
    1     896       Data/single   957816504320 1073741824   958890246144    6425 26279735590912   0.01
    1     906       Data/single   968553922560 1073741824   969627664384    6426 26280809332736   1.63
    1     908       Data/single   970701406208 1073741824   971775148032    6427 26281883074560   0.01
    1     912       Data/single   974996373504 1073741824   976070115328    6428 26282956816384   0.00
    1     916       Data/single   979291340800 1073741824   980365082624    6429 26284030558208   0.77
    1    2060       Data/single  2207651987456 1073741824  2208725729280    6430 26285104300032   0.02
    1    2061       Data/single  2208725729280 1073741824  2209799471104    6431 26286178041856   1.11
    1    2062       Data/single  2209799471104 1073741824  2210873212928    6432 26287251783680   0.02
    1    2063       Data/single  2210873212928 1073741824  2211946954752    6433 26288325525504   0.40
    1    3699       Data/single  3967514836992 1073741824  3968588578816    6434 26289399267328   0.01
    1    3703       Data/single  3971809804288 1073741824  3972883546112    6435 26290473009152   0.87
    1    3704       Data/single  3972883546112 1073741824  3973957287936    6436 26291546750976   0.01
    1    3706       Data/single  3975031029760 1073741824  3976104771584    6437 26292620492800   2.21
    1    3707       Data/single  3976104771584 1073741824  3977178513408    6438 26293694234624   0.01
    1    3708       Data/single  3977178513408 1073741824  3978252255232    6439 26294767976448   0.33
    1    3709       Data/single  3978252255232 1073741824  3979325997056    6440 26295841718272   0.01
    1    3710       Data/single  3979325997056 1073741824  3980399738880    6441 26296915460096   0.75
    1    3712       Data/single  3981473480704 1073741824  3982547222528    6442 26297989201920   0.01
    1    3788       Data/single  4063077859328 1073741824  4064151601152    6443 26299062943744   1.22
    1    3790       Data/single  4065225342976 1073741824  4066299084800    6444 26300136685568   0.01
    1    3792       Data/single  4067372826624 1073741824  4068446568448    6445 26301210427392   0.32
    1    4396       Data/single  4715912888320 1073741824  4716986630144    6446 26302284169216   0.01
    1    4398       Data/single  4718060371968 1073741824  4719134113792    6447 26303357911040   0.33
    1    4399       Data/single  4719134113792 1073741824  4720207855616    6448 26304431652864   0.01
    1    4400       Data/single  4720207855616 1073741824  4721281597440    6449 26305505394688   0.61
    1    4402       Data/single  4722355339264 1073741824  4723429081088    6450 26306579136512   0.01
    1    4404       Data/single  4724502822912 1073741824  4725576564736    6451 26307652878336   0.36
    1    4406       Data/single  4726650306560 1073741824  4727724048384    6452 26308726620160   0.01
    1    4408       Data/single  4728797790208 1073741824  4729871532032    6453 26309800361984   0.52
    1    4410       Data/single  4730945273856 1073741824  4732019015680    6454 26310874103808   0.02
    1    4412       Data/single  4733092757504 1073741824  4734166499328    6455 26311947845632   0.97
    1    4414       Data/single  4735240241152 1073741824  4736313982976    6456 26313021587456   0.01
    1    4416       Data/single  4737387724800 1073741824  4738461466624    6457 26314095329280   1.01
    1    4418       Data/single  4739535208448 1073741824  4740608950272    6458 26315169071104   0.01
    1    4420       Data/single  4741682692096 1073741824  4742756433920    6459 26316242812928   0.72
    1    4422       Data/single  4743830175744 1073741824  4744903917568    6460 26317316554752   0.01
    1    4424       Data/single  4745977659392 1073741824  4747051401216    6461 26318390296576   0.22
    1    4426       Data/single  4748125143040 1073741824  4749198884864    6462 26319464038400   0.01
    1    4428       Data/single  4750272626688 1073741824  4751346368512    6463 26320537780224   0.91
    1    4429       Data/single  4751346368512 1073741824  4752420110336    6464 26321611522048   0.01
    1    4430       Data/single  4752420110336 1073741824  4753493852160    6465 26322685263872   1.45
    1    4432       Data/single  4754567593984 1073741824  4755641335808    6466 26323759005696   0.01
    1    4434       Data/single  4756715077632 1073741824  4757788819456    6467 26324832747520   1.54
    1    4436       Data/single  4758862561280 1073741824  4759936303104    6468 26325906489344   0.01
    1    4438       Data/single  4761010044928 1073741824  4762083786752    6469 26326980231168   1.14
    1    4441       Data/single  4764231270400 1073741824  4765305012224    6470 26328053972992   0.01
    1    4443       Data/single  4766378754048 1073741824  4767452495872    6471 26329127714816   2.06
    1    4445       Data/single  4768526237696 1073741824  4769599979520    6472 26330201456640   0.01
    1    4447       Data/single  4770673721344 1073741824  4771747463168    6473 26331275198464   0.54
    1    4448       Data/single  4771747463168 1073741824  4772821204992    6474 26332348940288   0.01
    1    4449       Data/single  4772821204992 1073741824  4773894946816    6475 26333422682112   0.47
    1    4451       Data/single  4774968688640 1073741824  4776042430464    6476 26334496423936   0.01
    1    4452       Data/single  4776042430464 1073741824  4777116172288    6477 26335570165760   1.08
    1    4453       Data/single  4777116172288 1073741824  4778189914112    6478 26336643907584   0.01
    1    4454       Data/single  4778189914112 1073741824  4779263655936    6479 26337717649408   0.92
    1    4455       Data/single  4779263655936 1073741824  4780337397760    6480 26338791391232   0.01
    1    4456       Data/single  4780337397760 1073741824  4781411139584    6481 26339865133056   1.35
    1    4457       Data/single  4781411139584 1073741824  4782484881408    6482 26340938874880   0.01
    1    4458       Data/single  4782484881408 1073741824  4783558623232    6483 26342012616704   0.01
    1    4459       Data/single  4783558623232 1073741824  4784632365056    6484 26343086358528   0.96
    1    4460       Data/single  4784632365056 1073741824  4785706106880    6485 26344160100352   0.01
    1    4461       Data/single  4785706106880 1073741824  4786779848704    6486 26345233842176   0.18
    1    4462       Data/single  4786779848704 1073741824  4787853590528    6487 26346307584000   0.02
    1    4463       Data/single  4787853590528 1073741824  4788927332352    6488 26347381325824   0.38
    1    4464       Data/single  4788927332352 1073741824  4790001074176    6489 26348455067648   0.02
    1    4465       Data/single  4790001074176 1073741824  4791074816000    6490 26349528809472   1.00
    1    4466       Data/single  4791074816000 1073741824  4792148557824    6491 26350602551296   0.01
    1    4468       Data/single  4793222299648 1073741824  4794296041472    6492 26351676293120   0.66
    1    4469       Data/single  4794296041472 1073741824  4795369783296    6493 26352750034944   0.01
    1    4470       Data/single  4795369783296 1073741824  4796443525120    6494 26353823776768   0.31
    1    4471       Data/single  4796443525120 1073741824  4797517266944    6495 26354897518592   0.01
    1    4472       Data/single  4797517266944 1073741824  4798591008768    6496 26355971260416   0.60
    1    4473       Data/single  4798591008768 1073741824  4799664750592    6497 26357045002240   0.01
    1    4474       Data/single  4799664750592 1073741824  4800738492416    6498 26358118744064   1.11
    1    4475       Data/single  4800738492416 1073741824  4801812234240    6499 26359192485888   0.01
    1    4476       Data/single  4801812234240 1073741824  4802885976064    6500 26360266227712   0.52
    1    4477       Data/single  4802885976064 1073741824  4803959717888    6501 26361339969536   0.01
    1    4478       Data/single  4803959717888 1073741824  4805033459712    6502 26362413711360   0.49
    1    4479       Data/single  4805033459712 1073741824  4806107201536    6503 26363487453184   0.01
    1    4480       Data/single  4806107201536 1073741824  4807180943360    6504 26364561195008   0.33
    1    4481       Data/single  4807180943360 1073741824  4808254685184    6505 26365634936832   0.01
    1    4482       Data/single  4808254685184 1073741824  4809328427008    6506 26366708678656   0.58
    1    4483       Data/single  4809328427008 1073741824  4810402168832    6507 26367782420480   0.01
    1    4484       Data/single  4810402168832 1073741824  4811475910656    6508 26368856162304   0.57
    1    4485       Data/single  4811475910656 1073741824  4812549652480    6509 26369929904128   0.01
    1    4486       Data/single  4812549652480 1073741824  4813623394304    6510 26371003645952   1.54
    1    4487       Data/single  4813623394304 1073741824  4814697136128    6511 26372077387776   0.01
    1    4488       Data/single  4814697136128 1073741824  4815770877952    6512 26373151129600   1.94
    1    4489       Data/single  4815770877952 1073741824  4816844619776    6513 26374224871424   0.02
    1    4490       Data/single  4816844619776 1073741824  4817918361600    6514 26375298613248   0.02
    1    4491       Data/single  4817918361600 1073741824  4818992103424    6515 26376372355072   1.81
    1    4492       Data/single  4818992103424 1073741824  4820065845248    6516 26377446096896   0.00
    1    4493       Data/single  4820065845248 1073741824  4821139587072    6517 26378519838720   0.95
    1    4494       Data/single  4821139587072 1073741824  4822213328896    6518 26379593580544   0.01
    1    4495       Data/single  4822213328896 1073741824  4823287070720    6519 26380667322368   0.89
    1    4496       Data/single  4823287070720 1073741824  4824360812544    6520 26381741064192   0.01
    1    4497       Data/single  4824360812544 1073741824  4825434554368    6521 26382814806016   1.73
    1    4498       Data/single  4825434554368 1073741824  4826508296192    6522 26383888547840   0.01
    1    4499       Data/single  4826508296192 1073741824  4827582038016    6523 26384962289664   0.95
    1    4500       Data/single  4827582038016 1073741824  4828655779840    6524 26386036031488   0.01
    1    4501       Data/single  4828655779840 1073741824  4829729521664    6525 26387109773312   1.42
    1    4502       Data/single  4829729521664 1073741824  4830803263488    6526 26388183515136   0.01
    1    4503       Data/single  4830803263488 1073741824  4831877005312    6527 26389257256960   1.33
    1    4504       Data/single  4831877005312 1073741824  4832950747136    6528 26390330998784   0.01
    1    4505       Data/single  4832950747136 1073741824  4834024488960    6529 26391404740608   0.02
    1    4506       Data/single  4834024488960 1073741824  4835098230784    6530 26392478482432   3.21
    1    4507       Data/single  4835098230784 1073741824  4836171972608    6531 26393552224256   0.00
    1    4508       Data/single  4836171972608 1073741824  4837245714432    6532 26394625966080   1.96
    1    4509       Data/single  4837245714432 1073741824  4838319456256    6533 26395699707904   0.01
    1    4510       Data/single  4838319456256 1073741824  4839393198080    6534 26396773449728   0.32
    1    4511       Data/single  4839393198080 1073741824  4840466939904    6535 26397847191552   0.01
    1    4512       Data/single  4840466939904 1073741824  4841540681728    6536 26398920933376   0.46
    1    4513       Data/single  4841540681728 1073741824  4842614423552    6537 26399994675200   0.01
    1    4514       Data/single  4842614423552 1073741824  4843688165376    6538 26401068417024   0.84
    1    4515       Data/single  4843688165376 1073741824  4844761907200    6539 26402142158848   0.01
    1    4516       Data/single  4844761907200 1073741824  4845835649024    6540 26403215900672   0.94
    1    4518       Data/single  4846909390848 1073741824  4847983132672    6541 26404289642496   0.01
    1    4519       Data/single  4847983132672 1073741824  4849056874496    6542 26405363384320   0.75
    1    4520       Data/single  4849056874496 1073741824  4850130616320    6543 26406437126144   0.01
    1    4521       Data/single  4850130616320 1073741824  4851204358144    6544 26407510867968   1.45
    1    4522       Data/single  4851204358144 1073741824  4852278099968    6545 26408584609792   0.02
    1    4523       Data/single  4852278099968 1073741824  4853351841792    6546 26409658351616   0.00
    1    4524       Data/single  4853351841792 1073741824  4854425583616    6547 26410732093440   1.89
    1    4525       Data/single  4854425583616 1073741824  4855499325440    6548 26411805835264   0.02
    1    4526       Data/single  4855499325440 1073741824  4856573067264    6549 26412879577088   0.00
    1    4527       Data/single  4856573067264 1073741824  4857646809088    6550 26413953318912   1.96
    1    4528       Data/single  4857646809088 1073741824  4858720550912    6551 26415027060736   0.01
    1    4529       Data/single  4858720550912 1073741824  4859794292736    6552 26416100802560   0.01
    1    4530       Data/single  4859794292736 1073741824  4860868034560    6553 26417174544384   1.63
    1    4531       Data/single  4860868034560 1073741824  4861941776384    6554 26418248286208   0.01
    1    4532       Data/single  4861941776384 1073741824  4863015518208    6555 26419322028032   5.26
    1    4533       Data/single  4863015518208 1073741824  4864089260032    6556 26420395769856   0.02
    1    4534       Data/single  4864089260032 1073741824  4865163001856    6557 26421469511680   0.00
    1    4535       Data/single  4865163001856 1073741824  4866236743680    6558 26422543253504   2.52
    1    4536       Data/single  4866236743680 1073741824  4867310485504    6559 26423616995328   0.01
    1    4537       Data/single  4867310485504 1073741824  4868384227328    6560 26424690737152   0.00
    1    4538       Data/single  4868384227328 1073741824  4869457969152    6561 26425764478976   1.03
    1    4539       Data/single  4869457969152 1073741824  4870531710976    6562 26426838220800   0.01
    1    4540       Data/single  4870531710976 1073741824  4871605452800    6563 26427911962624   0.89
    1    4541       Data/single  4871605452800 1073741824  4872679194624    6564 26428985704448   0.01
    1    4542       Data/single  4872679194624 1073741824  4873752936448    6565 26430059446272   0.00
    1    4543       Data/single  4873752936448 1073741824  4874826678272    6566 26431133188096   1.19
    1    4544       Data/single  4874826678272 1073741824  4875900420096    6567 26432206929920   0.01
    1    4545       Data/single  4875900420096 1073741824  4876974161920    6568 26433280671744   0.41
    1    4546       Data/single  4876974161920 1073741824  4878047903744    6569 26434354413568   0.02
    1    4547       Data/single  4878047903744 1073741824  4879121645568    6570 26435428155392   0.82
    1    4548       Data/single  4879121645568 1073741824  4880195387392    6571 26436501897216   0.01
    1    4549       Data/single  4880195387392 1073741824  4881269129216    6572 26437575639040   1.30
    1    4550       Data/single  4881269129216 1073741824  4882342871040    6573 26438649380864   0.01
    1    4551       Data/single  4882342871040 1073741824  4883416612864    6574 26439723122688   0.65
    1    4552       Data/single  4883416612864 1073741824  4884490354688    6575 26440796864512   0.01
    1    4553       Data/single  4884490354688 1073741824  4885564096512    6576 26441870606336   0.48
    1    4554       Data/single  4885564096512 1073741824  4886637838336    6577 26442944348160   0.00
    1    4555       Data/single  4886637838336 1073741824  4887711580160    6578 26444018089984   0.62
    1    4556       Data/single  4887711580160 1073741824  4888785321984    6579 26445091831808   0.01
    1    4557       Data/single  4888785321984 1073741824  4889859063808    6580 26446165573632   3.00
    1    4558       Data/single  4889859063808 1073741824  4890932805632    6581 26447239315456   0.02
    1    4559       Data/single  4890932805632 1073741824  4892006547456    6582 26448313057280   0.00
    1    4560       Data/single  4892006547456 1073741824  4893080289280    6583 26449386799104   0.61
    1    4561       Data/single  4893080289280 1073741824  4894154031104    6584 26450460540928   0.02
    1    4562       Data/single  4894154031104 1073741824  4895227772928    6585 26451534282752   1.50
    1    4563       Data/single  4895227772928 1073741824  4896301514752    6586 26452608024576   0.01
    1    4564       Data/single  4896301514752 1073741824  4897375256576    6587 26453681766400   0.01
    1    4565       Data/single  4897375256576 1073741824  4898448998400    6588 26454755508224   0.01
    1    4566       Data/single  4898448998400 1073741824  4899522740224    6589 26455829250048   2.51
    1    4567       Data/single  4899522740224 1073741824  4900596482048    6590 26456902991872   0.00
    1    4568       Data/single  4900596482048 1073741824  4901670223872    6591 26457976733696   0.57
    1    4569       Data/single  4901670223872 1073741824  4902743965696    6592 26459050475520   0.01
    1    4570       Data/single  4902743965696 1073741824  4903817707520    6593 26460124217344   0.81
    1    4571       Data/single  4903817707520 1073741824  4904891449344    6594 26461197959168   0.01
    1    4572       Data/single  4904891449344 1073741824  4905965191168    6595 26462271700992   1.40
    1    4573       Data/single  4905965191168 1073741824  4907038932992    6596 26463345442816   0.01
    1    4574       Data/single  4907038932992 1073741824  4908112674816    6597 26464419184640   0.33
    1    4575       Data/single  4908112674816 1073741824  4909186416640    6598 26465492926464   0.01
    1    4576       Data/single  4909186416640 1073741824  4910260158464    6599 26466566668288   0.59
    1    4577       Data/single  4910260158464 1073741824  4911333900288    6600 26467640410112   0.02
    1    4578       Data/single  4911333900288 1073741824  4912407642112    6601 26468714151936   0.70
    1    4579       Data/single  4912407642112 1073741824  4913481383936    6602 26469787893760   0.00
    1    4580       Data/single  4913481383936 1073741824  4914555125760    6603 26470861635584   1.11
    1    4581       Data/single  4914555125760 1073741824  4915628867584    6604 26471935377408   0.01
    1    4582       Data/single  4915628867584 1073741824  4916702609408    6605 26473009119232   0.56
    1    4583       Data/single  4916702609408 1073741824  4917776351232    6606 26474082861056   0.01
    1    4584       Data/single  4917776351232 1073741824  4918850093056    6607 26475156602880   0.69
    1    4585       Data/single  4918850093056 1073741824  4919923834880    6608 26476230344704   0.01
    1    4586       Data/single  4919923834880 1073741824  4920997576704    6609 26477304086528   1.17
    1    4587       Data/single  4920997576704 1073741824  4922071318528    6610 26478377828352   0.01
    1    4588       Data/single  4922071318528 1073741824  4923145060352    6611 26479451570176   0.65
    1    4589       Data/single  4923145060352 1073741824  4924218802176    6612 26480525312000   0.01
    1    4590       Data/single  4924218802176 1073741824  4925292544000    6613 26481599053824   0.91
    1    4591       Data/single  4925292544000 1073741824  4926366285824    6614 26482672795648   0.01
    1    4592       Data/single  4926366285824 1073741824  4927440027648    6615 26483746537472   0.91
    1    4593       Data/single  4927440027648 1073741824  4928513769472    6616 26484820279296   0.02
    1    4594       Data/single  4928513769472 1073741824  4929587511296    6617 26485894021120   0.74
    1    4595       Data/single  4929587511296 1073741824  4930661253120    6618 26486967762944   0.01
    1    4596       Data/single  4930661253120 1073741824  4931734994944    6619 26488041504768   0.62
    1    4597       Data/single  4931734994944 1073741824  4932808736768    6620 26489115246592   0.01
    1    4598       Data/single  4932808736768 1073741824  4933882478592    6621 26490188988416   1.48
    1    4599       Data/single  4933882478592 1073741824  4934956220416    6622 26491262730240   0.01
    1    4600       Data/single  4934956220416 1073741824  4936029962240    6623 26492336472064   0.85
    1    4601       Data/single  4936029962240 1073741824  4937103704064    6624 26493410213888   0.01
    1    4602       Data/single  4937103704064 1073741824  4938177445888    6625 26494483955712   0.85
    1    4603       Data/single  4938177445888 1073741824  4939251187712    6626 26495557697536   0.01
    1    4604       Data/single  4939251187712 1073741824  4940324929536    6627 26496631439360   0.92
    1    4605       Data/single  4940324929536 1073741824  4941398671360    6628 26497705181184   0.01
    1    4606       Data/single  4941398671360 1073741824  4942472413184    6629 26498778923008   0.66
    1    4607       Data/single  4942472413184 1073741824  4943546155008    6630 26499852664832   0.01
    1    4608       Data/single  4943546155008 1073741824  4944619896832    6631 26500926406656   1.16
    1    4609       Data/single  4944619896832 1073741824  4945693638656    6632 26502000148480   0.01
    1    4610       Data/single  4945693638656 1073741824  4946767380480    6633 26503073890304   0.81
    1    4611       Data/single  4946767380480 1073741824  4947841122304    6634 26504147632128   0.01
    1    4612       Data/single  4947841122304 1073741824  4948914864128    6635 26505221373952   0.95
    1    4613       Data/single  4948914864128 1073741824  4949988605952    6636 26506295115776   0.01
    1    4614       Data/single  4949988605952 1073741824  4951062347776    6637 26507368857600   2.13
    1    4615       Data/single  4951062347776 1073741824  4952136089600    6638 26508442599424   0.01
    1    4616       Data/single  4952136089600 1073741824  4953209831424    6639 26509516341248   1.57
    1    4617       Data/single  4953209831424 1073741824  4954283573248    6640 26510590083072   0.01
    1    4618       Data/single  4954283573248 1073741824  4955357315072    6641 26511663824896   2.69
    1    4619       Data/single  4955357315072 1073741824  4956431056896    6642 26512737566720   0.01
    1    4620       Data/single  4956431056896 1073741824  4957504798720    6643 26513811308544   1.20
    1    4621       Data/single  4957504798720 1073741824  4958578540544    6644 26514885050368   0.01
    1    4622       Data/single  4958578540544 1073741824  4959652282368    6645 26515958792192   2.28
    1    4623       Data/single  4959652282368 1073741824  4960726024192    6646 26517032534016   0.02
    1    4624       Data/single  4960726024192 1073741824  4961799766016    6647 26518106275840   0.00
    1    4625       Data/single  4961799766016 1073741824  4962873507840    6648 26519180017664   1.03
    1    4626       Data/single  4962873507840 1073741824  4963947249664    6649 26520253759488   0.01
    1    4627       Data/single  4963947249664 1073741824  4965020991488    6650 26521327501312   1.89
    1    4636       Data/single  4973610926080 1073741824  4974684667904    6651 26522401243136   0.01
    1    4638       Data/single  4975758409728 1073741824  4976832151552    6652 26523474984960   1.95
    1    4640       Data/single  4977905893376 1073741824  4978979635200    6653 26524548726784   0.01
    1    4642       Data/single  4980053377024 1073741824  4981127118848    6654 26525622468608   0.77
    1    4643       Data/single  4981127118848 1073741824  4982200860672    6655 26526696210432   0.01
    1    4645       Data/single  4983274602496 1073741824  4984348344320    6656 26527769952256   0.71
    1    4647       Data/single  4985422086144 1073741824  4986495827968    6657 26528843694080   0.01
    1    4649       Data/single  4987569569792 1073741824  4988643311616    6658 26529917435904   0.52
    1    4651       Data/single  4989717053440 1073741824  4990790795264    6659 26530991177728   0.01
    1    4653       Data/single  4991864537088 1073741824  4992938278912    6660 26532064919552   1.98
    1    4654       Data/single  4992938278912 1073741824  4994012020736    6661 26533138661376   0.02
    1    4655       Data/single  4994012020736 1073741824  4995085762560    6662 26534212403200   0.00
    1    4656       Data/single  4995085762560 1073741824  4996159504384    6663 26535286145024   1.01
    1    4657       Data/single  4996159504384 1073741824  4997233246208    6664 26536359886848   0.01
    1    4658       Data/single  4997233246208 1073741824  4998306988032    6665 26537433628672   1.13
    1    4659       Data/single  4998306988032 1073741824  4999380729856    6666 26538507370496   0.01
    1    4660       Data/single  4999380729856 1073741824  5000454471680    6667 26539581112320   1.21
    1    4661       Data/single  5000454471680 1073741824  5001528213504    6668 26540654854144   0.01
    1    4662       Data/single  5001528213504 1073741824  5002601955328    6669 26541728595968   1.02
    1    4663       Data/single  5002601955328 1073741824  5003675697152    6670 26542802337792   0.01
    1    4664       Data/single  5003675697152 1073741824  5004749438976    6671 26543876079616   0.95
    1    4665       Data/single  5004749438976 1073741824  5005823180800    6672 26544949821440   0.01
    1    4666       Data/single  5005823180800 1073741824  5006896922624    6673 26546023563264   0.76
    1    4667       Data/single  5006896922624 1073741824  5007970664448    6674 26547097305088   0.01
    1    4668       Data/single  5007970664448 1073741824  5009044406272    6675 26548171046912   1.94
    1    4669       Data/single  5009044406272 1073741824  5010118148096    6676 26549244788736   0.01
    1    4670       Data/single  5010118148096 1073741824  5011191889920    6677 26550318530560   1.06
    1    4671       Data/single  5011191889920 1073741824  5012265631744    6678 26551392272384   0.01
    1    4672       Data/single  5012265631744 1073741824  5013339373568    6679 26552466014208   1.80
    1    4673       Data/single  5013339373568 1073741824  5014413115392    6680 26553539756032   0.01
    1    4674       Data/single  5014413115392 1073741824  5015486857216    6681 26554613497856   1.97
    1    4676       Data/single  5016560599040 1073741824  5017634340864    6682 26555687239680   0.01
    1    4678       Data/single  5018708082688 1073741824  5019781824512    6683 26556760981504   2.62
    1    4690       Data/single  5031592984576 1073741824  5032666726400    6684 26557834723328   0.01
    1    4691       Data/single  5032666726400 1073741824  5033740468224    6685 26558908465152   1.80
    1    4692       Data/single  5033740468224 1073741824  5034814210048    6686 26559982206976   0.01
    1    4696       Data/single  5038035435520 1073741824  5039109177344    6687 26561055948800   2.04
    1    4699       Data/single  5041256660992 1073741824  5042330402816    6688 26562129690624   0.01
    1    4700       Data/single  5042330402816 1073741824  5043404144640    6689 26563203432448   2.07
    1    4701       Data/single  5043404144640 1073741824  5044477886464    6690 26564277174272   0.01
    1    4702       Data/single  5044477886464 1073741824  5045551628288    6691 26565350916096   2.27
    1    4706       Data/single  5048772853760 1073741824  5049846595584    6692 26566424657920   0.01
    1    4709       Data/single  5051994079232 1073741824  5053067821056    6693 26567498399744   2.10
    1    4714       Data/single  5057362788352 1073741824  5058436530176    6694 26568572141568   0.01
    1    4720       Data/single  5063805239296 1073741824  5064878981120    6695 26569645883392   2.03
    1    4731       Data/single  5075616399360 1073741824  5076690141184    6696 26570719625216   0.01
    1    4732       Data/single  5076690141184 1073741824  5077763883008    6697 26571793367040   2.27
    1    4736       Data/single  5080985108480 1073741824  5082058850304    6698 26572867108864   0.01
    1    4737       Data/single  5082058850304 1073741824  5083132592128    6699 26573940850688   1.90
    1    4738       Data/single  5083132592128 1073741824  5084206333952    6700 26575014592512   0.01
    1    4746       Data/single  5091722526720 1073741824  5092796268544    6701 26576088334336   1.88
    1    4747       Data/single  5092796268544 1073741824  5093870010368    6702 26577162076160   0.01
    1    4755       Data/single  5101386203136 1073741824  5102459944960    6703 26578235817984   2.57
    1    4756       Data/single  5102459944960 1073741824  5103533686784    6704 26579309559808   0.01
    1    4757       Data/single  5103533686784 1073741824  5104607428608    6705 26580383301632   0.68
    1    4758       Data/single  5104607428608 1073741824  5105681170432    6706 26581457043456   0.01
    1    4762       Data/single  5108902395904 1073741824  5109976137728    6707 26582530785280   2.30
    1    4767       Data/single  5114271105024 1073741824  5115344846848    6708 26583604527104   0.01
    1    4769       Data/single  5116418588672 1073741824  5117492330496    6709 26584678268928   1.12
    1    4771       Data/single  5118566072320 1073741824  5119639814144    6710 26585752010752   0.01
    1    4773       Data/single  5120713555968 1073741824  5121787297792    6711 26586825752576   1.37
    1    4776       Data/single  5123934781440 1073741824  5125008523264    6712 26587899494400   0.01
    1    4781       Data/single  5129303490560 1073741824  5130377232384    6713 26588973236224   1.76
    1    4783       Data/single  5131450974208 1073741824  5132524716032    6714 26590046978048   0.01
    1    4794       Data/single  5143262134272 1073741824  5144335876096    6715 26591120719872   1.77
    1    4796       Data/single  5145409617920 1073741824  5146483359744    6716 26592194461696   0.01
    1    4806       Data/single  5156147036160 1073741824  5157220777984    6717 26593268203520   1.82
    1    4807       Data/single  5157220777984 1073741824  5158294519808    6718 26594341945344   0.01
    1    4808       Data/single  5158294519808 1073741824  5159368261632    6719 26595415687168   1.48
    1    4810       Data/single  5160442003456 1073741824  5161515745280    6720 26596489428992   0.01
    1    4836       Data/single  5188359290880 1073741824  5189433032704    6721 26597563170816   1.24
    1    4840       Data/single  5192654258176 1073741824  5193728000000    6722 26598636912640   0.01
    1    4851       Data/single  5204465418240 1073741824  5205539160064    6723 26599710654464   1.29
    1    4858       Data/single  5211981611008 1073741824  5213055352832    6724 26600784396288   0.01
    1    4863       Data/single  5217350320128 1073741824  5218424061952    6725 26601858138112   2.07
    1    4865       Data/single  5219497803776 1073741824  5220571545600    6726 26602931879936   0.02
    1    4871       Data/single  5225940254720 1073741824  5227013996544    6727 26604005621760   0.00
    1    4877       Data/single  5232382705664 1073741824  5233456447488    6728 26605079363584   0.87
    1    4887       Data/single  5243120123904 1073741824  5244193865728    6729 26606153105408   0.01
    1    4889       Data/single  5245267607552 1073741824  5246341349376    6730 26607226847232   2.89
    1    4891       Data/single  5247415091200 1073741824  5248488833024    6731 26608300589056   0.02
    1    4893       Data/single  5249562574848 1073741824  5250636316672    6732 26609374330880   0.00
    1    4895       Data/single  5251710058496 1073741824  5252783800320    6733 26610448072704   1.39
    1    4897       Data/single  5253857542144 1073741824  5254931283968    6734 26611521814528   0.01
    1    4904       Data/single  5261373734912 1073741824  5262447476736    6735 26612595556352   0.00
    1    4906       Data/single  5263521218560 1073741824  5264594960384    6736 26613669298176   4.20
    1    4915       Data/single  5273184894976 1073741824  5274258636800    6737 26614743040000   0.01
    1    4920       Data/single  5278553604096 1073741824  5279627345920    6738 26615816781824   1.04
    1    4927       Data/single  5286069796864 1073741824  5287143538688    6739 26616890523648   0.01
    1    4929       Data/single  5288217280512 1073741824  5289291022336    6740 26617964265472   0.83
    1    4931       Data/single  5290364764160 1073741824  5291438505984    6741 26619038007296   0.01
    1    4949       Data/single  5309692116992 1073741824  5310765858816    6742 26620111749120   2.60
    1    4953       Data/single  5313987084288 1073741824  5315060826112    6743 26621185490944   0.01
    1    4957       Data/single  5318282051584 1073741824  5319355793408    6744 26622259232768   0.59
    1    4983       Data/single  5346199339008 1073741824  5347273080832    6745 26623332974592   0.01
    1    4985       Data/single  5348346822656 1073741824  5349420564480    6746 26624406716416   0.74
    1    4991       Data/single  5354789273600 1073741824  5355863015424    6747 26625480458240   0.01
    1    4994       Data/single  5358010499072 1073741824  5359084240896    6748 26626554200064   0.56
    1    4996       Data/single  5360157982720 1073741824  5361231724544    6749 26627627941888   0.01
    1    5005       Data/single  5369821659136 1073741824  5370895400960    6750 26628701683712   0.63
    1    5011       Data/single  5376264110080 1073741824  5377337851904    6751 26629775425536   0.01
    1    5012       Data/single  5377337851904 1073741824  5378411593728    6752 26630849167360   0.51
    1    5019       Data/single  5384854044672 1073741824  5385927786496    6753 26631922909184   0.00
    1    5022       Data/single  5388075270144 1073741824  5389149011968    6754 26632996651008   0.52
    1    5032       Data/single  5398812688384 1073741824  5399886430208    6755 26634070392832   0.01
    1    5033       Data/single  5399886430208 1073741824  5400960172032    6756 26635144134656   0.47
    1    5034       Data/single  5400960172032 1073741824  5402033913856    6757 26636217876480   0.01
    1    5035       Data/single  5402033913856 1073741824  5403107655680    6758 26637291618304   0.89
    1    5040       Data/single  5407402622976 1073741824  5408476364800    6759 26638365360128   0.01
    1    5041       Data/single  5408476364800 1073741824  5409550106624    6760 26639439101952   0.00
    1    5042       Data/single  5409550106624 1073741824  5410623848448    6761 26640512843776   2.92
    1    5043       Data/single  5410623848448 1073741824  5411697590272    6762 26641586585600   0.01
    1    5044       Data/single  5411697590272 1073741824  5412771332096    6763 26642660327424   0.00
    1    5051       Data/single  5419213783040 1073741824  5420287524864    6764 26643734069248   0.77
    1    5058       Data/single  5426729975808 1073741824  5427803717632    6765 26644807811072   0.00
    1    5061       Data/single  5429951201280 1073741824  5431024943104    6766 26645881552896   0.35
    1    5075       Data/single  5444983586816 1073741824  5446057328640    6767 26646955294720   0.01
    1    5082       Data/single  5452499779584 1073741824  5453573521408    6768 26648029036544   0.82
    1    5088       Data/single  5458942230528 1073741824  5460015972352    6769 26649102778368   0.01
    1    5092       Data/single  5463237197824 1073741824  5464310939648    6770 26650176520192   0.79
    1    5093       Data/single  5464310939648 1073741824  5465384681472    6771 26651250262016   0.01
    1    5095       Data/single  5466458423296 1073741824  5467532165120    6772 26652324003840   0.32
    1    5097       Data/single  5468605906944 1073741824  5469679648768    6773 26653397745664   0.01
    1    5104       Data/single  5476122099712 1073741824  5477195841536    6774 26654471487488   0.36
    1    5110       Data/single  5482564550656 1073741824  5483638292480    6775 26655545229312   0.01
    1    5112       Data/single  5484712034304 1073741824  5485785776128    6776 26656618971136   0.42
    1    5113       Data/single  5485785776128 1073741824  5486859517952    6777 26657692712960   0.01
    1    5115       Data/single  5487933259776 1073741824  5489007001600    6778 26658766454784   0.75
    1    5118       Data/single  5491154485248 1073741824  5492228227072    6779 26659840196608   0.01
    1    5122       Data/single  5495449452544 1073741824  5496523194368    6780 26660913938432   0.35
    1    5123       Data/single  5496523194368 1073741824  5497596936192    6781 26661987680256   0.01
    1    5124       Data/single  5497596936192 1073741824  5498670678016    6782 26663061422080   0.55
    1    5125       Data/single  5498670678016 1073741824  5499744419840    6783 26664135163904   0.01
    1    5131       Data/single  5505113128960 1073741824  5506186870784    6784 26665208905728   0.40
    1    5132       Data/single  5506186870784 1073741824  5507260612608    6785 26666282647552   0.01
    1    5137       Data/single  5511555579904 1073741824  5512629321728    6786 26667356389376   0.43
    1    5149       Data/single  5524440481792 1073741824  5525514223616    6787 26668430131200   0.01
    1    5159       Data/single  5535177900032 1073741824  5536251641856    6788 26669503873024   0.45
    1    5160       Data/single  5536251641856 1073741824  5537325383680    6789 26670577614848   0.01
    1    5161       Data/single  5537325383680 1073741824  5538399125504    6790 26671651356672   0.26
    1    5163       Data/single  5539472867328 1073741824  5540546609152    6791 26672725098496   0.00
    1    5164       Data/single  5540546609152 1073741824  5541620350976    6792 26673798840320   0.69
    1    5165       Data/single  5541620350976 1073741824  5542694092800    6793 26674872582144   0.01
    1    5166       Data/single  5542694092800 1073741824  5543767834624    6794 26675946323968   0.39
    1    5169       Data/single  5545915318272 1073741824  5546989060096    6795 26677020065792   0.01
    1    5173       Data/single  5550210285568 1073741824  5551284027392    6796 26678093807616   0.43
    1    5175       Data/single  5552357769216 1073741824  5553431511040    6797 26679167549440   0.01
    1    5176       Data/single  5553431511040 1073741824  5554505252864    6798 26680241291264   0.47
    1    5178       Data/single  5555578994688 1073741824  5556652736512    6799 26681315033088   0.01
    1    5180       Data/single  5557726478336 1073741824  5558800220160    6800 26682388774912   0.30
    1    5181       Data/single  5558800220160 1073741824  5559873961984    6801 26683462516736   0.01
    1    5183       Data/single  5560947703808 1073741824  5562021445632    6802 26684536258560   0.57
    1    5184       Data/single  5562021445632 1073741824  5563095187456    6803 26685610000384   0.01
    1    5185       Data/single  5563095187456 1073741824  5564168929280    6804 26686683742208   0.50
    1    5190       Data/single  5568463896576 1073741824  5569537638400    6805 26687757484032   0.01
    1    5191       Data/single  5569537638400 1073741824  5570611380224    6806 26688831225856   0.46
    1    5193       Data/single  5571685122048 1073741824  5572758863872    6807 26689904967680   0.01
    1    5196       Data/single  5574906347520 1073741824  5575980089344    6808 26690978709504   0.87
    1    5197       Data/single  5575980089344 1073741824  5577053831168    6809 26692052451328   0.01
    1    5200       Data/single  5579201314816 1073741824  5580275056640    6810 26693126193152   0.67
    1    5201       Data/single  5580275056640 1073741824  5581348798464    6811 26694199934976   0.01
    1    5202       Data/single  5581348798464 1073741824  5582422540288    6812 26695273676800   0.85
    1    5203       Data/single  5582422540288 1073741824  5583496282112    6813 26696347418624   0.01
    1    5205       Data/single  5584570023936 1073741824  5585643765760    6814 26697421160448   0.28
    1    5206       Data/single  5585643765760 1073741824  5586717507584    6815 26698494902272   0.01
    1    5207       Data/single  5586717507584 1073741824  5587791249408    6816 26699568644096   0.36
    1    5209       Data/single  5588864991232 1073741824  5589938733056    6817 26700642385920   0.01
    1    5213       Data/single  5593159958528 1073741824  5594233700352    6818 26701716127744   0.35
    1    5215       Data/single  5595307442176 1073741824  5596381184000    6819 26702789869568   0.01
    1    5216       Data/single  5596381184000 1073741824  5597454925824    6820 26703863611392   0.71
    1    5217       Data/single  5597454925824 1073741824  5598528667648    6821 26704937353216   0.01
    1    5222       Data/single  5602823634944 1073741824  5603897376768    6822 26706011095040   0.46
    1    5226       Data/single  5607118602240 1073741824  5608192344064    6823 26707084836864   0.02
    1    5227       Data/single  5608192344064 1073741824  5609266085888    6824 26708158578688   0.09
    1    5228       Data/single  5609266085888 1073741824  5610339827712    6825 26709232320512   0.01
    1    5229       Data/single  5610339827712 1073741824  5611413569536    6826 26710306062336   0.09
    1    5230       Data/single  5611413569536 1073741824  5612487311360    6827 26711379804160   0.01
    1    5231       Data/single  5612487311360 1073741824  5613561053184    6828 26712453545984   0.18
    1    5233       Data/single  5614634795008 1073741824  5615708536832    6829 26713527287808   0.01
    1    5235       Data/single  5616782278656 1073741824  5617856020480    6830 26714601029632   0.65
    1    5236       Data/single  5617856020480 1073741824  5618929762304    6831 26715674771456   0.01
    1    5237       Data/single  5618929762304 1073741824  5620003504128    6832 26716748513280   0.60
    1    5238       Data/single  5620003504128 1073741824  5621077245952    6833 26717822255104   0.01
    1    5239       Data/single  5621077245952 1073741824  5622150987776    6834 26718895996928   3.37
    1    5240       Data/single  5622150987776 1073741824  5623224729600    6835 26719969738752   0.02
    1    5242       Data/single  5624298471424 1073741824  5625372213248    6836 26721043480576   0.00
    1    5245       Data/single  5627519696896 1073741824  5628593438720    6837 26722117222400   0.34
    1    5246       Data/single  5628593438720 1073741824  5629667180544    6838 26723190964224   0.01
    1    5247       Data/single  5629667180544 1073741824  5630740922368    6839 26724264706048   1.90
    1    5248       Data/single  5630740922368 1073741824  5631814664192    6840 26725338447872   0.02
    1    5249       Data/single  5631814664192 1073741824  5632888406016    6841 26726412189696   0.00
    1    5251       Data/single  5633962147840 1073741824  5635035889664    6842 26727485931520   0.49
    1    5252       Data/single  5635035889664 1073741824  5636109631488    6843 26728559673344   0.01
    1    5253       Data/single  5636109631488 1073741824  5637183373312    6844 26729633415168   1.42
    1    5254       Data/single  5637183373312 1073741824  5638257115136    6845 26730707156992   0.01
    1    5255       Data/single  5638257115136 1073741824  5639330856960    6846 26731780898816   0.99
    1    5256       Data/single  5639330856960 1073741824  5640404598784    6847 26732854640640   0.01
    1    5258       Data/single  5641478340608 1073741824  5642552082432    6848 26733928382464   0.00
    1    5259       Data/single  5642552082432 1073741824  5643625824256    6849 26735002124288   3.43
    1    5260       Data/single  5643625824256 1073741824  5644699566080    6850 26736075866112   0.02
    1    5261       Data/single  5644699566080 1073741824  5645773307904    6851 26737149607936   0.00
    1    5262       Data/single  5645773307904 1073741824  5646847049728    6852 26738223349760   1.06
    1    5263       Data/single  5646847049728 1073741824  5647920791552    6853 26739297091584   0.01
    1    5264       Data/single  5647920791552 1073741824  5648994533376    6854 26740370833408   0.00
    1    5265       Data/single  5648994533376 1073741824  5650068275200    6855 26741444575232   1.42
    1    5266       Data/single  5650068275200 1073741824  5651142017024    6856 26742518317056   0.01
    1    5267       Data/single  5651142017024 1073741824  5652215758848    6857 26743592058880   0.58
    1    5268       Data/single  5652215758848 1073741824  5653289500672    6858 26744665800704   0.01
    1    5269       Data/single  5653289500672 1073741824  5654363242496    6859 26745739542528   1.09
    1    5270       Data/single  5654363242496 1073741824  5655436984320    6860 26746813284352   0.01
    1    5271       Data/single  5655436984320 1073741824  5656510726144    6861 26747887026176   0.70
    1    5272       Data/single  5656510726144 1073741824  5657584467968    6862 26748960768000   0.01
    1    5273       Data/single  5657584467968 1073741824  5658658209792    6863 26750034509824   0.61
    1    5274       Data/single  5658658209792 1073741824  5659731951616    6864 26751108251648   0.01
    1    5275       Data/single  5659731951616 1073741824  5660805693440    6865 26752181993472   0.78
    1    5276       Data/single  5660805693440 1073741824  5661879435264    6866 26753255735296   0.01
    1    5277       Data/single  5661879435264 1073741824  5662953177088    6867 26754329477120   0.68
    1    5278       Data/single  5662953177088 1073741824  5664026918912    6868 26755403218944   0.01
    1    5279       Data/single  5664026918912 1073741824  5665100660736    6869 26756476960768   1.06
    1    5280       Data/single  5665100660736 1073741824  5666174402560    6870 26757550702592   0.01
    1    5281       Data/single  5666174402560 1073741824  5667248144384    6871 26758624444416   0.75
    1    5282       Data/single  5667248144384 1073741824  5668321886208    6872 26759698186240   0.01
    1    5283       Data/single  5668321886208 1073741824  5669395628032    6873 26760771928064   2.75
    1    5284       Data/single  5669395628032 1073741824  5670469369856    6874 26761845669888   0.01
    1    5285       Data/single  5670469369856 1073741824  5671543111680    6875 26762919411712   3.13
    1    5286       Data/single  5671543111680 1073741824  5672616853504    6876 26763993153536   0.02
    1    5287       Data/single  5672616853504 1073741824  5673690595328    6877 26765066895360   0.00
    1    5288       Data/single  5673690595328 1073741824  5674764337152    6878 26766140637184   3.42
    1    5289       Data/single  5674764337152 1073741824  5675838078976    6879 26767214379008   0.02
    1    5290       Data/single  5675838078976 1073741824  5676911820800    6880 26768288120832   0.00
    1    5291       Data/single  5676911820800 1073741824  5677985562624    6881 26769361862656   1.28
    1    5292       Data/single  5677985562624 1073741824  5679059304448    6882 26770435604480   0.01
    1    5293       Data/single  5679059304448 1073741824  5680133046272    6883 26771509346304   1.31
    1    5294       Data/single  5680133046272 1073741824  5681206788096    6884 26772583088128   0.02
    1    5295       Data/single  5681206788096 1073741824  5682280529920    6885 26773656829952   1.53
    1    5296       Data/single  5682280529920 1073741824  5683354271744    6886 26774730571776   0.01
    1    5297       Data/single  5683354271744 1073741824  5684428013568    6887 26775804313600   3.60
    1    5298       Data/single  5684428013568 1073741824  5685501755392    6888 26776878055424   0.01
    1    5299       Data/single  5685501755392 1073741824  5686575497216    6889 26777951797248   2.14
    1    5300       Data/single  5686575497216 1073741824  5687649239040    6890 26779025539072   0.01
    1    5301       Data/single  5687649239040 1073741824  5688722980864    6891 26780099280896   0.68
    1    5302       Data/single  5688722980864 1073741824  5689796722688    6892 26781173022720   0.12
    1    5303       Data/single  5689796722688 1073741824  5690870464512    6893 26782246764544   0.05
    1    5304       Data/single  5690870464512 1073741824  5691944206336    6894 26783320506368   0.02
    1    5305       Data/single  5691944206336 1073741824  5693017948160    6895 26784394248192   0.02
    1    5306       Data/single  5693017948160 1073741824  5694091689984    6896 26785467990016   0.01
    1    5307       Data/single  5694091689984 1073741824  5695165431808    6897 26786541731840   0.69
    1    5308       Data/single  5695165431808 1073741824  5696239173632    6898 26787615473664   0.02
    1    5309       Data/single  5696239173632 1073741824  5697312915456    6899 26788689215488   0.98
    1    5310       Data/single  5697312915456 1073741824  5698386657280    6900 26789762957312   0.02
    1    5311       Data/single  5698386657280 1073741824  5699460399104    6901 26790836699136   0.50
    1    5312       Data/single  5699460399104 1073741824  5700534140928    6902 26791910440960   0.00
    1    5313       Data/single  5700534140928 1073741824  5701607882752    6903 26792984182784   1.92
    1    5314       Data/single  5701607882752 1073741824  5702681624576    6904 26794057924608   0.02
    1    5315       Data/single  5702681624576 1073741824  5703755366400    6905 26795131666432   0.00
    1    5316       Data/single  5703755366400 1073741824  5704829108224    6906 26796205408256   0.73
    1    5317       Data/single  5704829108224 1073741824  5705902850048    6907 26797279150080   0.01
    1    5318       Data/single  5705902850048 1073741824  5706976591872    6908 26798352891904   0.45
    1    5319       Data/single  5706976591872 1073741824  5708050333696    6909 26799426633728   0.01
    1    5320       Data/single  5708050333696 1073741824  5709124075520    6910 26800500375552   0.37
    1    5321       Data/single  5709124075520 1073741824  5710197817344    6911 26801574117376   0.01
    1    5322       Data/single  5710197817344 1073741824  5711271559168    6912 26802647859200   1.22
    1    5323       Data/single  5711271559168 1073741824  5712345300992    6913 26803721601024   0.02
    1    5324       Data/single  5712345300992 1073741824  5713419042816    6914 26804795342848   0.33
    1    5325       Data/single  5713419042816 1073741824  5714492784640    6915 26805869084672   0.01
    1    5326       Data/single  5714492784640 1073741824  5715566526464    6916 26806942826496   0.52
    1    5327       Data/single  5715566526464 1073741824  5716640268288    6917 26808016568320   0.01
    1    5328       Data/single  5716640268288 1073741824  5717714010112    6918 26809090310144   1.13
    1    5329       Data/single  5717714010112 1073741824  5718787751936    6919 26810164051968   0.00
    1    5330       Data/single  5718787751936 1073741824  5719861493760    6920 26811237793792   0.47
    1    5331       Data/single  5719861493760 1073741824  5720935235584    6921 26812311535616   0.01
    1    5332       Data/single  5720935235584 1073741824  5722008977408    6922 26813385277440   0.36
    1    5333       Data/single  5722008977408 1073741824  5723082719232    6923 26814459019264   0.01
    1    5334       Data/single  5723082719232 1073741824  5724156461056    6924 26815532761088   0.41
    1    5335       Data/single  5724156461056 1073741824  5725230202880    6925 26816606502912   0.01
    1    5336       Data/single  5725230202880 1073741824  5726303944704    6926 26817680244736   0.57
    1    5337       Data/single  5726303944704 1073741824  5727377686528    6927 26818753986560   0.01
    1    5338       Data/single  5727377686528 1073741824  5728451428352    6928 26819827728384   1.87
    1    5339       Data/single  5728451428352 1073741824  5729525170176    6929 26820901470208   0.01
    1    5340       Data/single  5729525170176 1073741824  5730598912000    6930 26821975212032   1.07
    1    5341       Data/single  5730598912000 1073741824  5731672653824    6931 26823048953856   0.01
    1    5342       Data/single  5731672653824 1073741824  5732746395648    6932 26824122695680   0.47
    1    5343       Data/single  5732746395648 1073741824  5733820137472    6933 26825196437504   0.01
    1    5344       Data/single  5733820137472 1073741824  5734893879296    6934 26826270179328   1.84
    1    5345       Data/single  5734893879296 1073741824  5735967621120    6935 26827343921152   0.01
    1    5346       Data/single  5735967621120 1073741824  5737041362944    6936 26828417662976   1.78
    1    5347       Data/single  5737041362944 1073741824  5738115104768    6937 26829491404800   0.02
    1    5348       Data/single  5738115104768 1073741824  5739188846592    6938 26830565146624   0.00
    1    5349       Data/single  5739188846592 1073741824  5740262588416    6939 26831638888448   1.05
    1    5350       Data/single  5740262588416 1073741824  5741336330240    6940 26832712630272   0.01
    1    5351       Data/single  5741336330240 1073741824  5742410072064    6941 26833786372096   0.42
    1    5352       Data/single  5742410072064 1073741824  5743483813888    6942 26834860113920   0.03
    1    5353       Data/single  5743483813888 1073741824  5744557555712    6943 26835933855744   2.43
    1    5354       Data/single  5744557555712 1073741824  5745631297536    6944 26837007597568   0.01
    1    5355       Data/single  5745631297536 1073741824  5746705039360    6945 26838081339392   0.93
    1    5356       Data/single  5746705039360 1073741824  5747778781184    6946 26839155081216   0.01
    1    5357       Data/single  5747778781184 1073741824  5748852523008    6947 26840228823040   0.95
    1    5358       Data/single  5748852523008 1073741824  5749926264832    6948 26841302564864   0.01
    1    5359       Data/single  5749926264832 1073741824  5751000006656    6949 26842376306688   0.60
    1    5360       Data/single  5751000006656 1073741824  5752073748480    6950 26843450048512   0.01
    1    5361       Data/single  5752073748480 1073741824  5753147490304    6951 26844523790336   0.41
    1    5362       Data/single  5753147490304 1073741824  5754221232128    6952 26845597532160   0.01
    1    5363       Data/single  5754221232128 1073741824  5755294973952    6953 26846671273984   0.58
    1    5364       Data/single  5755294973952 1073741824  5756368715776    6954 26847745015808   0.01
    1    5365       Data/single  5756368715776 1073741824  5757442457600    6955 26848818757632   0.27
    1    5366       Data/single  5757442457600 1073741824  5758516199424    6956 26849892499456   0.01
    1    5367       Data/single  5758516199424 1073741824  5759589941248    6957 26850966241280   1.67
    1    5368       Data/single  5759589941248 1073741824  5760663683072    6958 26852039983104   0.01
    1    5369       Data/single  5760663683072 1073741824  5761737424896    6959 26853113724928   0.61
    1    5370       Data/single  5761737424896 1073741824  5762811166720    6960 26854187466752   0.01
    1    5371       Data/single  5762811166720 1073741824  5763884908544    6961 26855261208576   0.83
    1    5372       Data/single  5763884908544 1073741824  5764958650368    6962 26856334950400   0.01
    1    5373       Data/single  5764958650368 1073741824  5766032392192    6963 26857408692224   1.40
    1    5374       Data/single  5766032392192 1073741824  5767106134016    6964 26858482434048   0.01
    1    5375       Data/single  5767106134016 1073741824  5768179875840    6965 26859556175872   0.65
    1    5376       Data/single  5768179875840 1073741824  5769253617664    6966 26860629917696   0.03
    1    5377       Data/single  5769253617664 1073741824  5770327359488    6967 26861703659520   1.09
    1    5378       Data/single  5770327359488 1073741824  5771401101312    6968 26862777401344   0.00
    1    5379       Data/single  5771401101312 1073741824  5772474843136    6969 26863851143168   0.93
    1    5380       Data/single  5772474843136 1073741824  5773548584960    6970 26864924884992   0.01
    1    5381       Data/single  5773548584960 1073741824  5774622326784    6971 26865998626816   0.00
    1    5382       Data/single  5774622326784 1073741824  5775696068608    6972 26867072368640   0.61
    1    5383       Data/single  5775696068608 1073741824  5776769810432    6973 26868146110464   0.01
    1    5384       Data/single  5776769810432 1073741824  5777843552256    6974 26869219852288   0.41
    1    5385       Data/single  5777843552256 1073741824  5778917294080    6975 26870293594112   0.01
    1    5386       Data/single  5778917294080 1073741824  5779991035904    6976 26871367335936   0.49
    1    5387       Data/single  5779991035904 1073741824  5781064777728    6977 26872441077760   0.00
    1    5388       Data/single  5781064777728 1073741824  5782138519552    6978 26873514819584   0.87
    1    5389       Data/single  5782138519552 1073741824  5783212261376    6979 26874588561408   0.01
    1    5390       Data/single  5783212261376 1073741824  5784286003200    6980 26875662303232   1.46
    1    5391       Data/single  5784286003200 1073741824  5785359745024    6981 26876736045056   0.01
    1    5392       Data/single  5785359745024 1073741824  5786433486848    6982 26877809786880   0.88
    1    5393       Data/single  5786433486848 1073741824  5787507228672    6983 26878883528704   0.01
    1    5394       Data/single  5787507228672 1073741824  5788580970496    6984 26879957270528   0.74
    1    5395       Data/single  5788580970496 1073741824  5789654712320    6985 26881031012352   0.01
    1    5396       Data/single  5789654712320 1073741824  5790728454144    6986 26882104754176   0.75
    1    5397       Data/single  5790728454144 1073741824  5791802195968    6987 26883178496000   0.01
    1    5398       Data/single  5791802195968 1073741824  5792875937792    6988 26884252237824   2.10
    1    5399       Data/single  5792875937792 1073741824  5793949679616    6989 26885325979648   0.01
    1    5400       Data/single  5793949679616 1073741824  5795023421440    6990 26886399721472   0.65
    1    5401       Data/single  5795023421440 1073741824  5796097163264    6991 26887473463296   0.01
    1    5402       Data/single  5796097163264 1073741824  5797170905088    6992 26888547205120   1.00
    1    5403       Data/single  5797170905088 1073741824  5798244646912    6993 26889620946944   0.01
    1    5404       Data/single  5798244646912 1073741824  5799318388736    6994 26890694688768   0.22
    1    5405       Data/single  5799318388736 1073741824  5800392130560    6995 26891768430592   0.01
    1    5406       Data/single  5800392130560 1073741824  5801465872384    6996 26892842172416   1.69
    1    5407       Data/single  5801465872384 1073741824  5802539614208    6997 26893915914240   0.01
    1    5408       Data/single  5802539614208 1073741824  5803613356032    6998 26894989656064   0.52
    1    5409       Data/single  5803613356032 1073741824  5804687097856    6999 26896063397888   0.01
    1    5410       Data/single  5804687097856 1073741824  5805760839680    7000 26897137139712   1.99
    1    5411       Data/single  5805760839680 1073741824  5806834581504    7001 26898210881536   0.02
    1    5412       Data/single  5806834581504 1073741824  5807908323328    7002 26899284623360   0.00
    1    5413       Data/single  5807908323328 1073741824  5808982065152    7003 26900358365184   0.72
    1    5414       Data/single  5808982065152 1073741824  5810055806976    7004 26901432107008   0.01
    1    5415       Data/single  5810055806976 1073741824  5811129548800    7005 26902505848832   1.12
    1    5416       Data/single  5811129548800 1073741824  5812203290624    7006 26903579590656   0.01
    1    5417       Data/single  5812203290624 1073741824  5813277032448    7007 26904653332480   0.64
    1    5418       Data/single  5813277032448 1073741824  5814350774272    7008 26905727074304   0.01
    1    5419       Data/single  5814350774272 1073741824  5815424516096    7009 26906800816128   0.44
    1    5420       Data/single  5815424516096 1073741824  5816498257920    7010 26907874557952   0.02
    1    5421       Data/single  5816498257920 1073741824  5817571999744    7011 26908948299776   1.03
    1    5422       Data/single  5817571999744 1073741824  5818645741568    7012 26910022041600   0.01
    1    5423       Data/single  5818645741568 1073741824  5819719483392    7013 26911095783424   0.54
    1    5424       Data/single  5819719483392 1073741824  5820793225216    7014 26912169525248   0.01
    1    5425       Data/single  5820793225216 1073741824  5821866967040    7015 26913243267072   0.91
    1    5426       Data/single  5821866967040 1073741824  5822940708864    7016 26914317008896   0.03
    1    5427       Data/single  5822940708864 1073741824  5824014450688    7017 26915390750720   0.27
    1    5428       Data/single  5824014450688 1073741824  5825088192512    7018 26916464492544   0.01
    1    5429       Data/single  5825088192512 1073741824  5826161934336    7019 26917538234368   0.23
    1    5430       Data/single  5826161934336 1073741824  5827235676160    7020 26918611976192   0.01
    1    5431       Data/single  5827235676160 1073741824  5828309417984    7021 26919685718016   0.02
    1    5432       Data/single  5828309417984 1073741824  5829383159808    7022 26920759459840   0.01
    1    5433       Data/single  5829383159808 1073741824  5830456901632    7023 26921833201664   0.27
    1    5434       Data/single  5830456901632 1073741824  5831530643456    7024 26922906943488   0.01
    1    5435       Data/single  5831530643456 1073741824  5832604385280    7025 26923980685312   0.55
    1    5436       Data/single  5832604385280 1073741824  5833678127104    7026 26925054427136   0.01
    1    5437       Data/single  5833678127104 1073741824  5834751868928    7027 26926128168960   0.57
    1    5438       Data/single  5834751868928 1073741824  5835825610752    7028 26927201910784   0.01
    1    5439       Data/single  5835825610752 1073741824  5836899352576    7029 26928275652608   0.39
    1    5440       Data/single  5836899352576 1073741824  5837973094400    7030 26929349394432   0.01
    1    5441       Data/single  5837973094400 1073741824  5839046836224    7031 26930423136256   0.49
    1    5442       Data/single  5839046836224 1073741824  5840120578048    7032 26931496878080   0.01
    1    5443       Data/single  5840120578048 1073741824  5841194319872    7033 26932570619904   0.80
    1    5444       Data/single  5841194319872 1073741824  5842268061696    7034 26933644361728   0.01
    1    5445       Data/single  5842268061696 1073741824  5843341803520    7035 26934718103552   0.42
    1    5446       Data/single  5843341803520 1073741824  5844415545344    7036 26935791845376   0.01
    1    5447       Data/single  5844415545344 1073741824  5845489287168    7037 26936865587200   0.48
    1    5448       Data/single  5845489287168 1073741824  5846563028992    7038 26937939329024   0.01
    1    5449       Data/single  5846563028992 1073741824  5847636770816    7039 26939013070848   0.67
    1    5450       Data/single  5847636770816 1073741824  5848710512640    7040 26940086812672   0.01
    1    5451       Data/single  5848710512640 1073741824  5849784254464    7041 26941160554496   0.97
    1    5452       Data/single  5849784254464 1073741824  5850857996288    7042 26942234296320   0.01
    1    5453       Data/single  5850857996288 1073741824  5851931738112    7043 26943308038144   0.89
    1    5454       Data/single  5851931738112 1073741824  5853005479936    7044 26944381779968   0.01
    1    5455       Data/single  5853005479936 1073741824  5854079221760    7045 26945455521792   0.00
    1    5456       Data/single  5854079221760 1073741824  5855152963584    7046 26946529263616   1.33
    1    5457       Data/single  5855152963584 1073741824  5856226705408    7047 26947603005440   0.02
    1    5458       Data/single  5856226705408 1073741824  5857300447232    7048 26948676747264   3.28
    1    5459       Data/single  5857300447232 1073741824  5858374189056    7049 26949750489088   0.01
    1    5460       Data/single  5858374189056 1073741824  5859447930880    7050 26950824230912   0.84
    1    5461       Data/single  5859447930880 1073741824  5860521672704    7051 26951897972736   0.01
    1    5462       Data/single  5860521672704 1073741824  5861595414528    7052 26952971714560   0.59
    1    5463       Data/single  5861595414528 1073741824  5862669156352    7053 26954045456384   0.02
    1    5464       Data/single  5862669156352 1073741824  5863742898176    7054 26955119198208   0.94
    1    5465       Data/single  5863742898176 1073741824  5864816640000    7055 26956192940032   0.01
    1    5466       Data/single  5864816640000 1073741824  5865890381824    7056 26957266681856   0.27
    1    5467       Data/single  5865890381824 1073741824  5866964123648    7057 26958340423680   0.01
    1    5468       Data/single  5866964123648 1073741824  5868037865472    7058 26959414165504   0.74
    1    5469       Data/single  5868037865472 1073741824  5869111607296    7059 26960487907328   0.01
    1    5470       Data/single  5869111607296 1073741824  5870185349120    7060 26961561649152   0.65
    1    5471       Data/single  5870185349120 1073741824  5871259090944    7061 26962635390976   0.01
    1    5472       Data/single  5871259090944 1073741824  5872332832768    7062 26963709132800   1.39
    1    5473       Data/single  5872332832768 1073741824  5873406574592    7063 26964782874624   0.01
    1    5474       Data/single  5873406574592 1073741824  5874480316416    7064 26965856616448   2.12
    1    5475       Data/single  5874480316416 1073741824  5875554058240    7065 26966930358272   0.01
    1    5476       Data/single  5875554058240 1073741824  5876627800064    7066 26968004100096   0.00
    1    5477       Data/single  5876627800064 1073741824  5877701541888    7067 26969077841920   1.66
    1    5478       Data/single  5877701541888 1073741824  5878775283712    7068 26970151583744   0.01
    1    5479       Data/single  5878775283712 1073741824  5879849025536    7069 26971225325568   1.30
    1    5480       Data/single  5879849025536 1073741824  5880922767360    7070 26972299067392   0.01
    1    5481       Data/single  5880922767360 1073741824  5881996509184    7071 26973372809216   1.65
    1    5482       Data/single  5881996509184 1073741824  5883070251008    7072 26974446551040   0.01
    1    5483       Data/single  5883070251008 1073741824  5884143992832    7073 26975520292864   2.54
    1    5484       Data/single  5884143992832 1073741824  5885217734656    7074 26976594034688   0.01
    1    5485       Data/single  5885217734656 1073741824  5886291476480    7075 26977667776512   1.59
    1    5486       Data/single  5886291476480 1073741824  5887365218304    7076 26978741518336   0.01
    1    5487       Data/single  5887365218304 1073741824  5888438960128    7077 26979815260160   1.37
    1    5488       Data/single  5888438960128 1073741824  5889512701952    7078 26980889001984   0.01
    1    5489       Data/single  5889512701952 1073741824  5890586443776    7079 26981962743808   2.32
    1    5490       Data/single  5890586443776 1073741824  5891660185600    7080 26983036485632   0.02
    1    5491       Data/single  5891660185600 1073741824  5892733927424    7081 26984110227456   0.00
    1    5492       Data/single  5892733927424 1073741824  5893807669248    7082 26985183969280   1.72
    1    5493       Data/single  5893807669248 1073741824  5894881411072    7083 26986257711104   0.01
    1    5494       Data/single  5894881411072 1073741824  5895955152896    7084 26987331452928   0.00
    1    5495       Data/single  5895955152896 1073741824  5897028894720    7085 26988405194752   2.06
    1    5496       Data/single  5897028894720 1073741824  5898102636544    7086 26989478936576   0.01
    1    5497       Data/single  5898102636544 1073741824  5899176378368    7087 26990552678400   1.25
    1    5498       Data/single  5899176378368 1073741824  5900250120192    7088 26991626420224   0.01
    1    5499       Data/single  5900250120192 1073741824  5901323862016    7089 26992700162048   1.18
    1    5500       Data/single  5901323862016 1073741824  5902397603840    7090 26993773903872   0.01
    1    5501       Data/single  5902397603840 1073741824  5903471345664    7091 26994847645696   1.17
    1    5502       Data/single  5903471345664 1073741824  5904545087488    7092 26995921387520   0.01
    1    5503       Data/single  5904545087488 1073741824  5905618829312    7093 26996995129344   0.00
    1    5504       Data/single  5905618829312 1073741824  5906692571136    7094 26998068871168   0.71
    1    5505       Data/single  5906692571136 1073741824  5907766312960    7095 26999142612992   0.00
    1    5506       Data/single  5907766312960 1073741824  5908840054784    7096 27000216354816   2.24
    1    5507       Data/single  5908840054784 1073741824  5909913796608    7097 27001290096640   0.01
    1    5508       Data/single  5909913796608 1073741824  5910987538432    7098 27002363838464   0.00
    1    5509       Data/single  5910987538432 1073741824  5912061280256    7099 27003437580288   0.56
    1    5510       Data/single  5912061280256 1073741824  5913135022080    7100 27004511322112   0.01
    1    5511       Data/single  5913135022080 1073741824  5914208763904    7101 27005585063936   1.32
    1    5512       Data/single  5914208763904 1073741824  5915282505728    7102 27006658805760   0.01
    1    5513       Data/single  5915282505728 1073741824  5916356247552    7103 27007732547584   0.00
    1    5514       Data/single  5916356247552 1073741824  5917429989376    7104 27008806289408   0.43
    1    5515       Data/single  5917429989376 1073741824  5918503731200    7105 27009880031232   0.01
    1    5516       Data/single  5918503731200 1073741824  5919577473024    7106 27010953773056   0.65
    1    5517       Data/single  5919577473024 1073741824  5920651214848    7107 27012027514880   0.01
    1    5518       Data/single  5920651214848 1073741824  5921724956672    7108 27013101256704   2.03
    1    5519       Data/single  5921724956672 1073741824  5922798698496    7109 27014174998528   0.01
    1    5520       Data/single  5922798698496 1073741824  5923872440320    7110 27015248740352   3.47
    1    5521       Data/single  5923872440320 1073741824  5924946182144    7111 27016322482176   0.01
    1    5522       Data/single  5924946182144 1073741824  5926019923968    7112 27017396224000   1.12
    1    5523       Data/single  5926019923968 1073741824  5927093665792    7113 27018469965824   0.18
